portfolio_date,position_id,instrument_type,asset_class,factor,start_market_value,start_notional,position_pnl,pretrade_market_value,end_market_value,end_notional,modified_duration,convexity,holdings_version,rebalanced
2023-01-04,SPY,etf,US Equity,SPY_RETURN,2000000.0,0.0,1967.2335673276,2001967.2335673275,1998047.8315795744,0.0,0.0,0.0,1,True
2023-01-04,QQQ,etf,US Equity,QQQ_RETURN,1000000.0,0.0,-385.0427510773,999614.9572489227,999023.9157897872,0.0,0.0,0.0,1,True
2023-01-04,EFA,etf,International Equity,EFA_RETURN,1000000.0,0.0,-2757.0912721728,997242.9087278272,999023.9157897872,0.0,0.0,0.0,1,True
2023-01-04,GLD,etf,Commodity,GLD_RETURN,500000.0,0.0,130.95669777724999,500130.95669777726,499511.9578948936,0.0,0.0,0.0,1,True
2023-01-04,US5Y,bond,Rates,DGS5_CHANGE,1500000.0,0.0,-723.2827530634825,1499276.7172469364,1498535.8736846806,0.0,4.5,22.0,1,True
2023-01-04,US10Y,bond,Rates,DGS10_CHANGE,1500000.0,0.0,-4193.865530431094,1495806.134469569,1498535.8736846806,0.0,8.0,70.0,1,True
2023-01-04,USD_CASH,cash,Cash,CASH_RETURN,2500000.0,0.0,0.0,2496200.2499395115,2497559.7894744677,0.0,0.0,0.0,1,True
2023-01-04,EURUSD_OVERLAY,fx_forward,FX,EURUSD_RETURN,0.0,750000.0,-3799.7500604884503,0.0,0.0,749267.9368423403,0.0,0.0,1,True
2023-01-05,SPY,etf,US Equity,SPY_RETURN,1998047.8315795744,0.0,-8627.496067974427,1989420.3355116,1989420.3355116,0.0,0.0,0.0,1,False
2023-01-05,QQQ,etf,US Equity,QQQ_RETURN,999023.9157897872,0.0,-7311.050539018199,991712.865250769,991712.865250769,0.0,0.0,0.0,1,False
2023-01-05,EFA,etf,International Equity,EFA_RETURN,999023.9157897872,0.0,-10372.117637365516,988651.7981524217,988651.7981524217,0.0,0.0,0.0,1,False
2023-01-05,GLD,etf,Commodity,GLD_RETURN,499511.9578948936,0.0,2785.544723620467,502297.50261851406,502297.50261851406,0.0,0.0,0.0,1,False
2023-01-05,US5Y,bond,Rates,DGS5_CHANGE,1498535.8736846806,0.0,1292.876811156624,1499828.750495837,1499828.750495837,0.0,4.5,22.0,1,False
2023-01-05,US10Y,bond,Rates,DGS10_CHANGE,1498535.8736846806,0.0,1335.91686486636,1499871.790549547,1499871.790549547,0.0,8.0,70.0,1,False
2023-01-05,USD_CASH,cash,Cash,CASH_RETURN,2497559.7894744677,0.0,0.0,2492163.6549517545,2492163.6549517545,0.0,0.0,0.0,1,False
2023-01-05,EURUSD_OVERLAY,fx_forward,FX,EURUSD_RETURN,0.0,749267.9368423403,-5396.134522713095,0.0,0.0,749267.9368423403,0.0,0.0,1,False
2023-01-06,SPY,etf,US Equity,SPY_RETURN,1989420.3355116,0.0,7215.211842411401,1996635.5473540113,1996635.5473540113,0.0,0.0,0.0,1,False
2023-01-06,QQQ,etf,US Equity,QQQ_RETURN,991712.865250769,0.0,13939.408591473159,1005652.2738422421,1005652.2738422421,0.0,0.0,0.0,1,False
2023-01-06,EFA,etf,International Equity,EFA_RETURN,988651.7981524217,0.0,7900.337896852059,996552.1360492738,996552.1360492738,0.0,0.0,0.0,1,False
2023-01-06,GLD,etf,Commodity,GLD_RETURN,502297.50261851406,0.0,5108.152997702278,507405.65561621636,507405.65561621636,0.0,0.0,0.0,1,False
2023-01-06,US5Y,bond,Rates,DGS5_CHANGE,1499828.750495837,0.0,-641.2230899401916,1499187.527405897,1499187.527405897,0.0,4.5,22.0,1,False
2023-01-06,US10Y,bond,Rates,DGS10_CHANGE,1499871.790549547,0.0,-492.89918341743146,1499378.8913661295,1499378.8913661295,0.0,8.0,70.0,1,False
2023-01-06,USD_CASH,cash,Cash,CASH_RETURN,2492163.6549517545,0.0,0.0,2495140.218914979,2495140.218914979,0.0,0.0,0.0,1,False
2023-01-06,EURUSD_OVERLAY,fx_forward,FX,EURUSD_RETURN,0.0,749267.9368423403,2976.5639632244856,0.0,0.0,749267.9368423403,0.0,0.0,1,False
2023-01-09,SPY,etf,US Equity,SPY_RETURN,1996635.5473540113,0.0,-13245.535191619907,1983390.0121623913,1983390.0121623913,0.0,0.0,0.0,1,False
2023-01-09,QQQ,etf,US Equity,QQQ_RETURN,1005652.2738422421,0.0,-3298.100131586722,1002354.1737106553,1002354.1737106553,0.0,0.0,0.0,1,False
2023-01-09,EFA,etf,International Equity,EFA_RETURN,996552.1360492738,0.0,-9392.577285410127,987159.5587638636,987159.5587638636,0.0,0.0,0.0,1,False
2023-01-09,GLD,etf,Commodity,GLD_RETURN,507405.65561621636,0.0,4847.3248639544445,512252.9804801708,512252.9804801708,0.0,0.0,0.0,1,False
2023-01-09,US5Y,bond,Rates,DGS5_CHANGE,1499187.527405897,0.0,1279.1253340767169,1500466.6527399737,1500466.6527399737,0.0,4.5,22.0,1,False
2023-01-09,US10Y,bond,Rates,DGS10_CHANGE,1499378.8913661295,0.0,6038.2878079332995,1505417.1791740628,1505417.1791740628,0.0,8.0,70.0,1,False
2023-01-09,USD_CASH,cash,Cash,CASH_RETURN,2495140.218914979,0.0,0.0,2494430.6788974185,2494430.6788974185,0.0,0.0,0.0,1,False
2023-01-09,EURUSD_OVERLAY,fx_forward,FX,EURUSD_RETURN,0.0,749267.9368423403,-709.5400175604553,0.0,0.0,749267.9368423403,0.0,0.0,1,False
2023-01-10,SPY,etf,US Equity,SPY_RETURN,1983390.0121623913,0.0,-10817.204533426479,1972572.8076289648,1972572.8076289648,0.0,0.0,0.0,1,False
2023-01-10,QQQ,etf,US Equity,QQQ_RETURN,1002354.1737106553,0.0,-8627.899076640973,993726.2746340143,993726.2746340143,0.0,0.0,0.0,1,False
2023-01-10,EFA,etf,International Equity,EFA_RETURN,987159.5587638636,0.0,-7448.361321997967,979711.1974418657,979711.1974418657,0.0,0.0,0.0,1,False
2023-01-10,GLD,etf,Commodity,GLD_RETURN,512252.9804801708,0.0,2453.9046631558226,514706.88514332665,514706.88514332665,0.0,0.0,0.0,1,False
2023-01-10,US5Y,bond,Rates,DGS5_CHANGE,1500466.6527399737,0.0,-4215.356377043728,1496251.29636293,1496251.29636293,0.0,4.5,22.0,1,False
2023-01-10,US10Y,bond,Rates,DGS10_CHANGE,1505417.1791740628,0.0,-7546.611534721295,1497870.5676393416,1497870.5676393416,0.0,8.0,70.0,1,False
2023-01-10,USD_CASH,cash,Cash,CASH_RETURN,2494430.6788974185,0.0,0.0,2496614.127201499,2496614.127201499,0.0,0.0,0.0,1,False
2023-01-10,EURUSD_OVERLAY,fx_forward,FX,EURUSD_RETURN,0.0,749267.9368423403,2183.44830408025,0.0,0.0,749267.9368423403,0.0,0.0,1,False
2023-01-11,SPY,etf,US Equity,SPY_RETURN,1972572.8076289648,0.0,-6038.612294206965,1966534.195334758,1966534.195334758,0.0,0.0,0.0,1,False
2023-01-11,QQQ,etf,US Equity,QQQ_RETURN,993726.2746340143,0.0,13436.576810855327,1007162.8514448697,1007162.8514448697,0.0,0.0,0.0,1,False
2023-01-11,EFA,etf,International Equity,EFA_RETURN,979711.1974418657,0.0,-2484.1533797155244,977227.0440621502,977227.0440621502,0.0,0.0,0.0,1,False
2023-01-11,GLD,etf,Commodity,GLD_RETURN,514706.88514332665,0.0,2082.5077857655315,516789.39292909217,516789.39292909217,0.0,0.0,0.0,1,False
2023-01-11,US5Y,bond,Rates,DGS5_CHANGE,1496251.29636293,0.0,-450.1668538382251,1495801.1295090918,1495801.1295090918,0.0,4.5,22.0,1,False
2023-01-11,US10Y,bond,Rates,DGS10_CHANGE,1497870.5676393416,0.0,-2897.2491389387706,1494973.3185004028,1494973.3185004028,0.0,8.0,70.0,1,False
2023-01-11,USD_CASH,cash,Cash,CASH_RETURN,2496614.127201499,0.0,0.0,2499113.9509368474,2499113.9509368474,0.0,0.0,0.0,1,False
2023-01-11,EURUSD_OVERLAY,fx_forward,FX,EURUSD_RETURN,0.0,749267.9368423403,2499.823735348562,0.0,0.0,749267.9368423403,0.0,0.0,1,False
2023-01-12,SPY,etf,US Equity,SPY_RETURN,1966534.195334758,0.0,34006.074935171484,2000540.2702699294,2000540.2702699294,0.0,0.0,0.0,1,False
2023-01-12,QQQ,etf,US Equity,QQQ_RETURN,1007162.8514448697,0.0,25215.807262258073,1032378.6587071277,1032378.6587071277,0.0,0.0,0.0,1,False
2023-01-12,EFA,etf,International Equity,EFA_RETURN,977227.0440621502,0.0,17806.34646239003,995033.3905245402,995033.3905245402,0.0,0.0,0.0,1,False
2023-01-12,GLD,etf,Commodity,GLD_RETURN,516789.39292909217,0.0,-3325.565360228095,513463.82756886404,513463.82756886404,0.0,0.0,0.0,1,False
2023-01-12,US5Y,bond,Rates,DGS5_CHANGE,1495801.1295090918,0.0,2743.3237650438155,1498544.4532741357,1498544.4532741357,0.0,4.5,22.0,1,False
2023-01-12,US10Y,bond,Rates,DGS10_CHANGE,1494973.3185004028,0.0,2599.0321023569127,1497572.3506027597,1497572.3506027597,0.0,8.0,70.0,1,False
2023-01-12,USD_CASH,cash,Cash,CASH_RETURN,2499113.9509368474,0.0,0.0,2502773.4826890295,2502773.4826890295,0.0,0.0,0.0,1,False
2023-01-12,EURUSD_OVERLAY,fx_forward,FX,EURUSD_RETURN,0.0,749267.9368423403,3659.5317521821808,0.0,0.0,749267.9368423403,0.0,0.0,1,False
2023-01-13,SPY,etf,US Equity,SPY_RETURN,2000540.2702699294,0.0,14492.776605638332,2015033.0468755679,2015033.0468755679,0.0,0.0,0.0,1,False
2023-01-13,QQQ,etf,US Equity,QQQ_RETURN,1032378.6587071277,0.0,6523.594181204819,1038902.2528883325,1038902.2528883325,0.0,0.0,0.0,1,False
2023-01-13,EFA,etf,International Equity,EFA_RETURN,995033.3905245402,0.0,21992.750037308655,1017026.1405618489,1017026.1405618489,0.0,0.0,0.0,1,False
2023-01-13,GLD,etf,Commodity,GLD_RETURN,513463.82756886404,0.0,-4084.560546003081,509379.26702286093,509379.26702286093,0.0,0.0,0.0,1,False
2023-01-13,US5Y,bond,Rates,DGS5_CHANGE,1498544.4532741357,0.0,3985.5997920254185,1502530.0530661612,1502530.0530661612,0.0,4.5,22.0,1,False
2023-01-13,US10Y,bond,Rates,DGS10_CHANGE,1497572.3506027597,0.0,6456.737224032917,1504029.0878267926,1504029.0878267926,0.0,8.0,70.0,1,False
2023-01-13,USD_CASH,cash,Cash,CASH_RETURN,2502773.4826890295,0.0,0.0,2505884.9865794564,2505884.9865794564,0.0,0.0,0.0,1,False
2023-01-13,EURUSD_OVERLAY,fx_forward,FX,EURUSD_RETURN,0.0,749267.9368423403,3111.503890426787,0.0,0.0,749267.9368423403,0.0,0.0,1,False
2023-01-16,SPY,etf,US Equity,SPY_RETURN,2015033.0468755679,0.0,19180.521057905076,2034213.567933473,2034213.567933473,0.0,0.0,0.0,1,False
2023-01-16,QQQ,etf,US Equity,QQQ_RETURN,1038902.2528883325,0.0,13205.48797154239,1052107.7408598748,1052107.7408598748,0.0,0.0,0.0,1,False
2023-01-16,EFA,etf,International Equity,EFA_RETURN,1017026.1405618489,0.0,8603.153200050516,1025629.2937618993,1025629.2937618993,0.0,0.0,0.0,1,False
2023-01-16,GLD,etf,Commodity,GLD_RETURN,509379.26702286093,0.0,-985.6043376904134,508393.66268517054,508393.66268517054,0.0,0.0,0.0,1,False
2023-01-16,US5Y,bond,Rates,DGS5_CHANGE,1502530.0530661612,0.0,1311.9703442162775,1503842.0234103776,1503842.0234103776,0.0,4.5,22.0,1,False
2023-01-16,US10Y,bond,Rates,DGS10_CHANGE,1504029.0878267926,0.0,5841.443699779281,1509870.5315265718,1509870.5315265718,0.0,8.0,70.0,1,False
2023-01-16,USD_CASH,cash,Cash,CASH_RETURN,2505884.9865794564,0.0,0.0,2505570.8617379065,2505570.8617379065,0.0,0.0,0.0,1,False
2023-01-16,EURUSD_OVERLAY,fx_forward,FX,EURUSD_RETURN,0.0,749267.9368423403,-314.12484155012237,0.0,0.0,749267.9368423403,0.0,0.0,1,False
2023-01-17,SPY,etf,US Equity,SPY_RETURN,2034213.567933473,0.0,-1163.4040134429613,2033050.16392003,2033050.16392003,0.0,0.0,0.0,1,False
2023-01-17,QQQ,etf,US Equity,QQQ_RETURN,1052107.7408598748,0.0,1851.2698145213976,1053959.010674396,1053959.010674396,0.0,0.0,0.0,1,False
2023-01-17,EFA,etf,International Equity,EFA_RETURN,1025629.2937618993,0.0,6196.920486181234,1031826.2142480806,1031826.2142480806,0.0,0.0,0.0,1,False
2023-01-17,GLD,etf,Commodity,GLD_RETURN,508393.66268517054,0.0,3958.5861209710356,512352.24880614155,512352.24880614155,0.0,0.0,0.0,1,False
2023-01-17,US5Y,bond,Rates,DGS5_CHANGE,1503842.0234103776,0.0,-1673.8741819968573,1502168.1492283808,1502168.1492283808,0.0,4.5,22.0,1,False
2023-01-17,US10Y,bond,Rates,DGS10_CHANGE,1509870.5315265718,0.0,-1123.190755006548,1508747.3407715652,1508747.3407715652,0.0,8.0,70.0,1,False
2023-01-17,USD_CASH,cash,Cash,CASH_RETURN,2505570.8617379065,0.0,0.0,2507057.6941646994,2507057.6941646994,0.0,0.0,0.0,1,False
2023-01-17,EURUSD_OVERLAY,fx_forward,FX,EURUSD_RETURN,0.0,749267.9368423403,1486.8324267927378,0.0,0.0,749267.9368423403,0.0,0.0,1,False
2023-01-18,SPY,etf,US Equity,SPY_RETURN,2033050.16392003,0.0,-6513.005593576794,2026537.1583264533,2026537.1583264533,0.0,0.0,0.0,1,False
2023-01-18,QQQ,etf,US Equity,QQQ_RETURN,1053959.010674396,0.0,11442.369344839344,1065401.3800192354,1065401.3800192354,0.0,0.0,0.0,1,False
2023-01-18,EFA,etf,International Equity,EFA_RETURN,1031826.2142480806,0.0,1429.6407378491585,1033255.8549859298,1033255.8549859298,0.0,0.0,0.0,1,False
2023-01-18,GLD,etf,Commodity,GLD_RETURN,512352.24880614155,0.0,954.9864156912962,513307.2352218329,513307.2352218329,0.0,0.0,0.0,1,False
2023-01-18,US5Y,bond,Rates,DGS5_CHANGE,1502168.1492283808,0.0,3047.092323543408,1505215.2415519243,1505215.2415519243,0.0,4.5,22.0,1,False
2023-01-18,US10Y,bond,Rates,DGS10_CHANGE,1508747.3407715652,0.0,9944.818125675496,1518692.1588972406,1518692.1588972406,0.0,8.0,70.0,1,False
2023-01-18,USD_CASH,cash,Cash,CASH_RETURN,2507057.6941646994,0.0,0.0,2502864.138977186,2502864.138977186,0.0,0.0,0.0,1,False
2023-01-18,EURUSD_OVERLAY,fx_forward,FX,EURUSD_RETURN,0.0,749267.9368423403,-4193.5551875137735,0.0,0.0,749267.9368423403,0.0,0.0,1,False
2023-01-19,SPY,etf,US Equity,SPY_RETURN,2026537.1583264533,0.0,-18522.294577291203,2008014.863749162,2008014.863749162,0.0,0.0,0.0,1,False
2023-01-19,QQQ,etf,US Equity,QQQ_RETURN,1065401.3800192354,0.0,-5813.472260213415,1059587.907759022,1059587.907759022,0.0,0.0,0.0,1,False
2023-01-19,EFA,etf,International Equity,EFA_RETURN,1033255.8549859298,0.0,1422.467173088657,1034678.3221590185,1034678.3221590185,0.0,0.0,0.0,1,False
2023-01-19,GLD,etf,Commodity,GLD_RETURN,513307.2352218329,0.0,-7079.661429424423,506227.57379240845,506227.57379240845,0.0,0.0,0.0,1,False
2023-01-19,US5Y,bond,Rates,DGS5_CHANGE,1505215.2415519243,0.0,-2475.5051305468146,1502739.7364213774,1502739.7364213774,0.0,4.5,22.0,1,False
2023-01-19,US10Y,bond,Rates,DGS10_CHANGE,1518692.1588972406,0.0,-6167.722471889252,1512524.4364253513,1512524.4364253513,0.0,8.0,70.0,1,False
2023-01-19,USD_CASH,cash,Cash,CASH_RETURN,2502864.138977186,0.0,0.0,2504859.9602043307,2504859.9602043307,0.0,0.0,0.0,1,False
2023-01-19,EURUSD_OVERLAY,fx_forward,FX,EURUSD_RETURN,0.0,749267.9368423403,1995.821227144729,0.0,0.0,749267.9368423403,0.0,0.0,1,False
2023-01-20,SPY,etf,US Equity,SPY_RETURN,2008014.863749162,0.0,-40770.23148192821,1967244.632267234,1967244.632267234,0.0,0.0,0.0,1,False
2023-01-20,QQQ,etf,US Equity,QQQ_RETURN,1059587.907759022,0.0,-25026.90723474711,1034561.0005242749,1034561.0005242749,0.0,0.0,0.0,1,False
2023-01-20,EFA,etf,International Equity,EFA_RETURN,1034678.3221590185,0.0,-13667.868447484032,1021010.4537115345,1021010.4537115345,0.0,0.0,0.0,1,False
2023-01-20,GLD,etf,Commodity,GLD_RETURN,506227.57379240845,0.0,2909.874476809173,509137.4482692176,509137.4482692176,0.0,0.0,0.0,1,False
2023-01-20,US5Y,bond,Rates,DGS5_CHANGE,1502739.7364213774,0.0,710.6145536012979,1503450.3509749786,1503450.3509749786,0.0,4.5,22.0,1,False
2023-01-20,US10Y,bond,Rates,DGS10_CHANGE,1512524.4364253513,0.0,-1360.7274223472225,1511163.709003004,1511163.709003004,0.0,8.0,70.0,1,False
2023-01-20,USD_CASH,cash,Cash,CASH_RETURN,2504859.9602043307,0.0,0.0,2508081.005955448,2508081.005955448,0.0,0.0,0.0,1,False
2023-01-20,EURUSD_OVERLAY,fx_forward,FX,EURUSD_RETURN,0.0,749267.9368423403,3221.045751117037,0.0,0.0,749267.9368423403,0.0,0.0,1,False
2023-01-23,SPY,etf,US Equity,SPY_RETURN,1967244.632267234,0.0,2266.168396395336,1969510.8006636293,1969510.8006636293,0.0,0.0,0.0,1,False
2023-01-23,QQQ,etf,US Equity,QQQ_RETURN,1034561.0005242749,0.0,4452.449993381851,1039013.4505176567,1039013.4505176567,0.0,0.0,0.0,1,False
2023-01-23,EFA,etf,International Equity,EFA_RETURN,1021010.4537115345,0.0,10064.871791660518,1031075.325503195,1031075.325503195,0.0,0.0,0.0,1,False
2023-01-23,GLD,etf,Commodity,GLD_RETURN,509137.4482692176,0.0,1802.5707905404565,510940.0190597581,510940.0190597581,0.0,0.0,0.0,1,False
2023-01-23,US5Y,bond,Rates,DGS5_CHANGE,1503450.3509749786,0.0,1955.8331401092164,1505406.1841150878,1505406.1841150878,0.0,4.5,22.0,1,False
2023-01-23,US10Y,bond,Rates,DGS10_CHANGE,1511163.709003004,0.0,-81.93311502191712,1511081.775887982,1511081.775887982,0.0,8.0,70.0,1,False
2023-01-23,USD_CASH,cash,Cash,CASH_RETURN,2508081.005955448,0.0,0.0,2507656.7745484486,2507656.7745484486,0.0,0.0,0.0,1,False
2023-01-23,EURUSD_OVERLAY,fx_forward,FX,EURUSD_RETURN,0.0,749267.9368423403,-424.231406999106,0.0,0.0,749267.9368423403,0.0,0.0,1,False
2023-01-24,SPY,etf,US Equity,SPY_RETURN,1969510.8006636293,0.0,-15459.574156891558,1954051.2265067378,1954051.2265067378,0.0,0.0,0.0,1,False
2023-01-24,QQQ,etf,US Equity,QQQ_RETURN,1039013.4505176567,0.0,-16606.318221950678,1022407.1322957061,1022407.1322957061,0.0,0.0,0.0,1,False
2023-01-24,EFA,etf,International Equity,EFA_RETURN,1031075.325503195,0.0,-9583.632675876122,1021491.6928273189,1021491.6928273189,0.0,0.0,0.0,1,False
2023-01-24,GLD,etf,Commodity,GLD_RETURN,510940.0190597581,0.0,3947.863852712804,514887.8829124709,514887.8829124709,0.0,0.0,0.0,1,False
2023-01-24,US5Y,bond,Rates,DGS5_CHANGE,1505406.1841150878,0.0,1530.8727112068163,1506937.0568262946,1506937.0568262946,0.0,4.5,22.0,1,False
2023-01-24,US10Y,bond,Rates,DGS10_CHANGE,1511081.775887982,0.0,1584.1091344210008,1512665.885022403,1512665.885022403,0.0,8.0,70.0,1,False
2023-01-24,USD_CASH,cash,Cash,CASH_RETURN,2507656.7745484486,0.0,0.0,2506716.3681425205,2506716.3681425205,0.0,0.0,0.0,1,False
2023-01-24,EURUSD_OVERLAY,fx_forward,FX,EURUSD_RETURN,0.0,749267.9368423403,-940.406405928039,0.0,0.0,749267.9368423403,0.0,0.0,1,False
2023-01-25,SPY,etf,US Equity,SPY_RETURN,1954051.2265067378,0.0,10445.398222102644,1964496.6247288403,1964496.6247288403,0.0,0.0,0.0,1,False
2023-01-25,QQQ,etf,US Equity,QQQ_RETURN,1022407.1322957061,0.0,3384.7972818067183,1025791.9295775128,1025791.9295775128,0.0,0.0,0.0,1,False
2023-01-25,EFA,etf,International Equity,EFA_RETURN,1021491.6928273189,0.0,7411.885377230498,1028903.5782045494,1028903.5782045494,0.0,0.0,0.0,1,False
2023-01-25,GLD,etf,Commodity,GLD_RETURN,514887.8829124709,0.0,-717.5235963286449,514170.3593161423,514170.3593161423,0.0,0.0,0.0,1,False
2023-01-25,US5Y,bond,Rates,DGS5_CHANGE,1506937.0568262946,0.0,-1476.3672559877407,1505460.6895703068,1505460.6895703068,0.0,4.5,22.0,1,False
2023-01-25,US10Y,bond,Rates,DGS10_CHANGE,1512665.885022403,0.0,-1599.2691673081097,1511066.615855095,1511066.615855095,0.0,8.0,70.0,1,False
2023-01-25,USD_CASH,cash,Cash,CASH_RETURN,2506716.3681425205,0.0,0.0,2503860.182463773,2503860.182463773,0.0,0.0,0.0,1,False
2023-01-25,EURUSD_OVERLAY,fx_forward,FX,EURUSD_RETURN,0.0,749267.9368423403,-2856.1856787474,0.0,0.0,749267.9368423403,0.0,0.0,1,False
2023-01-26,SPY,etf,US Equity,SPY_RETURN,1964496.6247288403,0.0,15385.285476800354,1979881.9102056406,1979881.9102056406,0.0,0.0,0.0,1,False
2023-01-26,QQQ,etf,US Equity,QQQ_RETURN,1025791.9295775128,0.0,10604.7004581663,1036396.6300356791,1036396.6300356791,0.0,0.0,0.0,1,False
2023-01-26,EFA,etf,International Equity,EFA_RETURN,1028903.5782045494,0.0,4652.4286307505,1033556.0068352999,1033556.0068352999,0.0,0.0,0.0,1,False
2023-01-26,GLD,etf,Commodity,GLD_RETURN,514170.3593161423,0.0,2497.8606124900393,516668.2199286323,516668.2199286323,0.0,0.0,0.0,1,False
2023-01-26,US5Y,bond,Rates,DGS5_CHANGE,1505460.6895703068,0.0,849.8274972548506,1506310.5170675616,1506310.5170675616,0.0,4.5,22.0,1,False
2023-01-26,US10Y,bond,Rates,DGS10_CHANGE,1511066.615855095,0.0,6094.576081464272,1517161.1919365593,1517161.1919365593,0.0,8.0,70.0,1,False
2023-01-26,USD_CASH,cash,Cash,CASH_RETURN,2503860.182463773,0.0,0.0,2497018.4441844975,2497018.4441844975,0.0,0.0,0.0,1,False
2023-01-26,EURUSD_OVERLAY,fx_forward,FX,EURUSD_RETURN,0.0,749267.9368423403,-6841.738279275375,0.0,0.0,749267.9368423403,0.0,0.0,1,False
2023-01-27,SPY,etf,US Equity,SPY_RETURN,1979881.9102056406,0.0,8813.924476769198,1988695.83468241,1988695.83468241,0.0,0.0,0.0,1,False
2023-01-27,QQQ,etf,US Equity,QQQ_RETURN,1036396.6300356791,0.0,-1142.6936102904313,1035253.9364253887,1035253.9364253887,0.0,0.0,0.0,1,False
2023-01-27,EFA,etf,International Equity,EFA_RETURN,1033556.0068352999,0.0,894.0362685237997,1034450.0431038237,1034450.0431038237,0.0,0.0,0.0,1,False
2023-01-27,GLD,etf,Commodity,GLD_RETURN,516668.2199286323,0.0,1205.1333973016879,517873.353325934,517873.353325934,0.0,0.0,0.0,1,False
2023-01-27,US5Y,bond,Rates,DGS5_CHANGE,1506310.5170675616,0.0,-681.5298615059506,1505628.9872060558,1505628.9872060558,0.0,4.5,22.0,1,False
2023-01-27,US10Y,bond,Rates,DGS10_CHANGE,1517161.1919365593,0.0,3704.1707013022988,1520865.3626378616,1520865.3626378616,0.0,8.0,70.0,1,False
2023-01-27,USD_CASH,cash,Cash,CASH_RETURN,2497018.4441844975,0.0,0.0,2498222.046520852,2498222.046520852,0.0,0.0,0.0,1,False
2023-01-27,EURUSD_OVERLAY,fx_forward,FX,EURUSD_RETURN,0.0,749267.9368423403,1203.6023363544907,0.0,0.0,749267.9368423403,0.0,0.0,1,False
2023-01-30,SPY,etf,US Equity,SPY_RETURN,1988695.83468241,0.0,23217.06417621594,2011912.898858626,2011912.898858626,0.0,0.0,0.0,1,False
2023-01-30,QQQ,etf,US Equity,QQQ_RETURN,1035253.9364253887,0.0,753.7421862667649,1036007.6786116555,1036007.6786116555,0.0,0.0,0.0,1,False
2023-01-30,EFA,etf,International Equity,EFA_RETURN,1034450.0431038237,0.0,3769.0396360509817,1038219.0827398746,1038219.0827398746,0.0,0.0,0.0,1,False
2023-01-30,GLD,etf,Commodity,GLD_RETURN,517873.353325934,0.0,-1298.355290608667,516574.9980353253,516574.9980353253,0.0,0.0,0.0,1,False
2023-01-30,US5Y,bond,Rates,DGS5_CHANGE,1505628.9872060558,0.0,473.4941041254398,1506102.4813101813,1506102.4813101813,0.0,4.5,22.0,1,False
2023-01-30,US10Y,bond,Rates,DGS10_CHANGE,1520865.3626378616,0.0,-183.28025287575426,1520682.0823849859,1520682.0823849859,0.0,8.0,70.0,1,False
2023-01-30,USD_CASH,cash,Cash,CASH_RETURN,2498222.046520852,0.0,0.0,2494520.278522131,2494520.278522131,0.0,0.0,0.0,1,False
2023-01-30,EURUSD_OVERLAY,fx_forward,FX,EURUSD_RETURN,0.0,749267.9368423403,-3701.7679987210167,0.0,0.0,749267.9368423403,0.0,0.0,1,False
2023-01-31,SPY,etf,US Equity,SPY_RETURN,2011912.898858626,0.0,-20820.668886737476,1991092.2299718885,1991092.2299718885,0.0,0.0,0.0,1,False
2023-01-31,QQQ,etf,US Equity,QQQ_RETURN,1036007.6786116555,0.0,-26670.445124859325,1009337.2334867961,1009337.2334867961,0.0,0.0,0.0,1,False
2023-01-31,EFA,etf,International Equity,EFA_RETURN,1038219.0827398746,0.0,-7240.494846131016,1030978.5878937435,1030978.5878937435,0.0,0.0,0.0,1,False
2023-01-31,GLD,etf,Commodity,GLD_RETURN,516574.9980353253,0.0,585.2168604304929,517160.2148957558,517160.2148957558,0.0,0.0,0.0,1,False
2023-01-31,US5Y,bond,Rates,DGS5_CHANGE,1506102.4813101813,0.0,1755.8324848130153,1507858.3137949943,1507858.3137949943,0.0,4.5,22.0,1,False
2023-01-31,US10Y,bond,Rates,DGS10_CHANGE,1520682.0823849859,0.0,3767.988631495971,1524450.0710164818,1524450.0710164818,0.0,8.0,70.0,1,False
2023-01-31,USD_CASH,cash,Cash,CASH_RETURN,2494520.278522131,0.0,0.0,2491936.6808054666,2491936.6808054666,0.0,0.0,0.0,1,False
2023-01-31,EURUSD_OVERLAY,fx_forward,FX,EURUSD_RETURN,0.0,749267.9368423403,-2583.5977166642856,0.0,0.0,749267.9368423403,0.0,0.0,1,False
2023-02-01,SPY,etf,US Equity,SPY_RETURN,1991092.2299718885,0.0,376.6482129439043,1991468.8781848324,2012476.2665396705,0.0,0.0,0.0,2,True
2023-02-01,QQQ,etf,US Equity,QQQ_RETURN,1009337.2334867961,0.0,744.1515240788382,1010081.385010875,1006238.1332698353,0.0,0.0,0.0,2,True
2023-02-01,EFA,etf,International Equity,EFA_RETURN,1030978.5878937435,0.0,-12475.619950129325,1018502.9679436142,1006238.1332698353,0.0,0.0,0.0,2,True
2023-02-01,GLD,etf,Commodity,GLD_RETURN,517160.2148957558,0.0,5491.573597115425,522651.7884928712,503119.06663491763,0.0,0.0,0.0,2,True
2023-02-01,US5Y,bond,Rates,DGS5_CHANGE,1507858.3137949943,0.0,542.2379444456101,1508400.5517394398,1509357.199904753,0.0,4.5,22.0,2,True
2023-02-01,US10Y,bond,Rates,DGS10_CHANGE,1524450.0710164818,0.0,-1162.6213482791918,1523287.4496682025,1509357.199904753,0.0,8.0,70.0,2,True
2023-02-01,USD_CASH,cash,Cash,CASH_RETURN,2491936.6808054666,0.0,0.0,2487988.3116585175,2515595.333174588,0.0,0.0,0.0,2,True
2023-02-01,EURUSD_OVERLAY,fx_forward,FX,EURUSD_RETURN,0.0,749267.9368423403,-3948.3691469490855,0.0,0.0,754678.5999523764,0.0,0.0,2,True
2023-02-02,SPY,etf,US Equity,SPY_RETURN,2012476.2665396705,0.0,-17488.820937895773,1994987.4456017748,1994987.4456017748,0.0,0.0,0.0,2,False
2023-02-02,QQQ,etf,US Equity,QQQ_RETURN,1006238.1332698353,0.0,-3084.9988832204076,1003153.1343866149,1003153.1343866149,0.0,0.0,0.0,2,False
2023-02-02,EFA,etf,International Equity,EFA_RETURN,1006238.1332698353,0.0,-7792.181595245356,998445.9516745899,998445.9516745899,0.0,0.0,0.0,2,False
2023-02-02,GLD,etf,Commodity,GLD_RETURN,503119.06663491763,0.0,4477.052897248816,507596.11953216646,507596.11953216646,0.0,0.0,0.0,2,False
2023-02-02,US5Y,bond,Rates,DGS5_CHANGE,1509357.199904753,0.0,1556.5430561675962,1510913.7429609206,1510913.7429609206,0.0,4.5,22.0,2,False
2023-02-02,US10Y,bond,Rates,DGS10_CHANGE,1509357.199904753,0.0,-2348.7787434916304,1507008.4211612612,1507008.4211612612,0.0,8.0,70.0,2,False
2023-02-02,USD_CASH,cash,Cash,CASH_RETURN,2515595.333174588,0.0,0.0,2508330.0620050095,2508330.0620050095,0.0,0.0,0.0,2,False
2023-02-02,EURUSD_OVERLAY,fx_forward,FX,EURUSD_RETURN,0.0,754678.5999523764,-7265.271169578534,0.0,0.0,754678.5999523764,0.0,0.0,2,False
2023-02-03,SPY,etf,US Equity,SPY_RETURN,1994987.4456017748,0.0,5741.035907952665,2000728.4815097274,2000728.4815097274,0.0,0.0,0.0,2,False
2023-02-03,QQQ,etf,US Equity,QQQ_RETURN,1003153.1343866149,0.0,6076.505364057395,1009229.6397506723,1009229.6397506723,0.0,0.0,0.0,2,False
2023-02-03,EFA,etf,International Equity,EFA_RETURN,998445.9516745899,0.0,-1654.9284122451807,996791.0232623446,996791.0232623446,0.0,0.0,0.0,2,False
2023-02-03,GLD,etf,Commodity,GLD_RETURN,507596.11953216646,0.0,-4326.947674297022,503269.1718578694,503269.1718578694,0.0,0.0,0.0,2,False
2023-02-03,US5Y,bond,Rates,DGS5_CHANGE,1510913.7429609206,0.0,-470.13819037110846,1510443.6047705493,1510443.6047705493,0.0,4.5,22.0,2,False
2023-02-03,US10Y,bond,Rates,DGS10_CHANGE,1507008.4211612612,0.0,4407.641061803358,1511416.0622230645,1511416.0622230645,0.0,8.0,70.0,2,False
2023-02-03,USD_CASH,cash,Cash,CASH_RETURN,2508330.0620050095,0.0,0.0,2509648.3539528446,2509648.3539528446,0.0,0.0,0.0,2,False
2023-02-03,EURUSD_OVERLAY,fx_forward,FX,EURUSD_RETURN,0.0,754678.5999523764,1318.2919478349722,0.0,0.0,754678.5999523764,0.0,0.0,2,False
2023-02-06,SPY,etf,US Equity,SPY_RETURN,2000728.4815097274,0.0,-30322.98264020403,1970405.4988695234,1970405.4988695234,0.0,0.0,0.0,2,False
2023-02-06,QQQ,etf,US Equity,QQQ_RETURN,1009229.6397506723,0.0,-3586.095046983906,1005643.5447036884,1005643.5447036884,0.0,0.0,0.0,2,False
2023-02-06,EFA,etf,International Equity,EFA_RETURN,996791.0232623446,0.0,-5934.808693650199,990856.2145686945,990856.2145686945,0.0,0.0,0.0,2,False
2023-02-06,GLD,etf,Commodity,GLD_RETURN,503269.1718578694,0.0,3902.2677538554026,507171.4396117248,507171.4396117248,0.0,0.0,0.0,2,False
2023-02-06,US5Y,bond,Rates,DGS5_CHANGE,1510443.6047705493,0.0,-1482.273574650661,1508961.3311958986,1508961.3311958986,0.0,4.5,22.0,2,False
2023-02-06,US10Y,bond,Rates,DGS10_CHANGE,1511416.0622230645,0.0,421.9444757456724,1511838.0066988103,1511838.0066988103,0.0,8.0,70.0,2,False
2023-02-06,USD_CASH,cash,Cash,CASH_RETURN,2509648.3539528446,0.0,0.0,2508009.9502705005,2508009.9502705005,0.0,0.0,0.0,2,False
2023-02-06,EURUSD_OVERLAY,fx_forward,FX,EURUSD_RETURN,0.0,754678.5999523764,-1638.4036823442855,0.0,0.0,754678.5999523764,0.0,0.0,2,False
2023-02-07,SPY,etf,US Equity,SPY_RETURN,1970405.4988695234,0.0,-19715.06115992839,1950690.437709595,1950690.437709595,0.0,0.0,0.0,2,False
2023-02-07,QQQ,etf,US Equity,QQQ_RETURN,1005643.5447036884,0.0,-16944.584591435938,988698.9601122524,988698.9601122524,0.0,0.0,0.0,2,False
2023-02-07,EFA,etf,International Equity,EFA_RETURN,990856.2145686945,0.0,-9796.322754624978,981059.8918140695,981059.8918140695,0.0,0.0,0.0,2,False
2023-02-07,GLD,etf,Commodity,GLD_RETURN,507171.4396117248,0.0,7491.796855359567,514663.2364670844,514663.2364670844,0.0,0.0,0.0,2,False
2023-02-07,US5Y,bond,Rates,DGS5_CHANGE,1508961.3311958986,0.0,1848.7906376016197,1510810.1218335002,1510810.1218335002,0.0,4.5,22.0,2,False
2023-02-07,US10Y,bond,Rates,DGS10_CHANGE,1511838.0066988103,0.0,241.00269864407454,1512079.0093974543,1512079.0093974543,0.0,8.0,70.0,2,False
2023-02-07,USD_CASH,cash,Cash,CASH_RETURN,2508009.9502705005,0.0,0.0,2509218.6177205127,2509218.6177205127,0.0,0.0,0.0,2,False
2023-02-07,EURUSD_OVERLAY,fx_forward,FX,EURUSD_RETURN,0.0,754678.5999523764,1208.6674500120862,0.0,0.0,754678.5999523764,0.0,0.0,2,False
2023-02-08,SPY,etf,US Equity,SPY_RETURN,1950690.437709595,0.0,24499.64724883613,1975190.0849584313,1975190.0849584313,0.0,0.0,0.0,2,False
2023-02-08,QQQ,etf,US Equity,QQQ_RETURN,988698.9601122524,0.0,15745.900051777991,1004444.8601640303,1004444.8601640303,0.0,0.0,0.0,2,False
2023-02-08,EFA,etf,International Equity,EFA_RETURN,981059.8918140695,0.0,-3220.6200935822644,977839.2717204872,977839.2717204872,0.0,0.0,0.0,2,False
2023-02-08,GLD,etf,Commodity,GLD_RETURN,514663.2364670844,0.0,1535.1677669733142,516198.4042340577,516198.4042340577,0.0,0.0,0.0,2,False
2023-02-08,US5Y,bond,Rates,DGS5_CHANGE,1510810.1218335002,0.0,3812.903467249648,1514623.0253007498,1514623.0253007498,0.0,4.5,22.0,2,False
2023-02-08,US10Y,bond,Rates,DGS10_CHANGE,1512079.0093974543,0.0,3776.090986489615,1515855.1003839439,1515855.1003839439,0.0,8.0,70.0,2,False
2023-02-08,USD_CASH,cash,Cash,CASH_RETURN,2509218.6177205127,0.0,0.0,2503404.715193078,2503404.715193078,0.0,0.0,0.0,2,False
2023-02-08,EURUSD_OVERLAY,fx_forward,FX,EURUSD_RETURN,0.0,754678.5999523764,-5813.902527434602,0.0,0.0,754678.5999523764,0.0,0.0,2,False
2023-02-09,SPY,etf,US Equity,SPY_RETURN,1975190.0849584313,0.0,-2520.1973819027203,1972669.8875765286,1972669.8875765286,0.0,0.0,0.0,2,False
2023-02-09,QQQ,etf,US Equity,QQQ_RETURN,1004444.8601640303,0.0,-13911.628507704909,990533.2316563254,990533.2316563254,0.0,0.0,0.0,2,False
2023-02-09,EFA,etf,International Equity,EFA_RETURN,977839.2717204872,0.0,-10959.665294318012,966879.6064261692,966879.6064261692,0.0,0.0,0.0,2,False
2023-02-09,GLD,etf,Commodity,GLD_RETURN,516198.4042340577,0.0,-1012.0945483985481,515186.30968565913,515186.30968565913,0.0,0.0,0.0,2,False
2023-02-09,US5Y,bond,Rates,DGS5_CHANGE,1514623.0253007498,0.0,-1933.793644615754,1512689.2316561341,1512689.2316561341,0.0,4.5,22.0,2,False
2023-02-09,US10Y,bond,Rates,DGS10_CHANGE,1515855.1003839439,0.0,-2222.351970662286,1513632.7484132815,1513632.7484132815,0.0,8.0,70.0,2,False
2023-02-09,USD_CASH,cash,Cash,CASH_RETURN,2503404.715193078,0.0,0.0,2499584.349881075,2499584.349881075,0.0,0.0,0.0,2,False
2023-02-09,EURUSD_OVERLAY,fx_forward,FX,EURUSD_RETURN,0.0,754678.5999523764,-3820.3653120032086,0.0,0.0,754678.5999523764,0.0,0.0,2,False
2023-02-10,SPY,etf,US Equity,SPY_RETURN,1972669.8875765286,0.0,-21197.452350796873,1951472.4352257317,1951472.4352257317,0.0,0.0,0.0,2,False
2023-02-10,QQQ,etf,US Equity,QQQ_RETURN,990533.2316563254,0.0,-4757.237419169449,985775.994237156,985775.994237156,0.0,0.0,0.0,2,False
2023-02-10,EFA,etf,International Equity,EFA_RETURN,966879.6064261692,0.0,3188.914816502269,970068.5212426714,970068.5212426714,0.0,0.0,0.0,2,False
2023-02-10,GLD,etf,Commodity,GLD_RETURN,515186.30968565913,0.0,6514.2527981837375,521700.5624838429,521700.5624838429,0.0,0.0,0.0,2,False
2023-02-10,US5Y,bond,Rates,DGS5_CHANGE,1512689.2316561341,0.0,-1662.409164264588,1511026.8224918696,1511026.8224918696,0.0,4.5,22.0,2,False
2023-02-10,US10Y,bond,Rates,DGS10_CHANGE,1513632.7484132815,0.0,-5111.984276948308,1508520.7641363333,1508520.7641363333,0.0,8.0,70.0,2,False
2023-02-10,USD_CASH,cash,Cash,CASH_RETURN,2499584.349881075,0.0,0.0,2509506.904968609,2509506.904968609,0.0,0.0,0.0,2,False
2023-02-10,EURUSD_OVERLAY,fx_forward,FX,EURUSD_RETURN,0.0,754678.5999523764,9922.555087534303,0.0,0.0,754678.5999523764,0.0,0.0,2,False
2023-02-13,SPY,etf,US Equity,SPY_RETURN,1951472.4352257317,0.0,21319.80415153371,1972792.2393772653,1972792.2393772653,0.0,0.0,0.0,2,False
2023-02-13,QQQ,etf,US Equity,QQQ_RETURN,985775.994237156,0.0,2831.8057635508035,988607.8000007068,988607.8000007068,0.0,0.0,0.0,2,False
2023-02-13,EFA,etf,International Equity,EFA_RETURN,970068.5212426714,0.0,5602.316284439388,975670.8375271108,975670.8375271108,0.0,0.0,0.0,2,False
2023-02-13,GLD,etf,Commodity,GLD_RETURN,521700.5624838429,0.0,9808.510389536616,531509.0728733795,531509.0728733795,0.0,0.0,0.0,2,False
2023-02-13,US5Y,bond,Rates,DGS5_CHANGE,1511026.8224918696,0.0,4534.391484683947,1515561.2139765534,1515561.2139765534,0.0,4.5,22.0,2,False
2023-02-13,US10Y,bond,Rates,DGS10_CHANGE,1508520.7641363333,0.0,9871.927160380574,1518392.691296714,1518392.691296714,0.0,8.0,70.0,2,False
2023-02-13,USD_CASH,cash,Cash,CASH_RETURN,2509506.904968609,0.0,0.0,2509082.315623618,2509082.315623618,0.0,0.0,0.0,2,False
2023-02-13,EURUSD_OVERLAY,fx_forward,FX,EURUSD_RETURN,0.0,754678.5999523764,-424.5893449907916,0.0,0.0,754678.5999523764,0.0,0.0,2,False
2023-02-14,SPY,etf,US Equity,SPY_RETURN,1972792.2393772653,0.0,-16654.92079883487,1956137.3185784305,1956137.3185784305,0.0,0.0,0.0,2,False
2023-02-14,QQQ,etf,US Equity,QQQ_RETURN,988607.8000007068,0.0,-9245.496867733795,979362.303132973,979362.303132973,0.0,0.0,0.0,2,False
2023-02-14,EFA,etf,International Equity,EFA_RETURN,975670.8375271108,0.0,-4273.350694324261,971397.4868327866,971397.4868327866,0.0,0.0,0.0,2,False
2023-02-14,GLD,etf,Commodity,GLD_RETURN,531509.0728733795,0.0,5918.522598715629,537427.5954720951,537427.5954720951,0.0,0.0,0.0,2,False
2023-02-14,US5Y,bond,Rates,DGS5_CHANGE,1515561.2139765534,0.0,464.98164654174855,1516026.1956230951,1516026.1956230951,0.0,4.5,22.0,2,False
2023-02-14,US10Y,bond,Rates,DGS10_CHANGE,1518392.691296714,0.0,180.67858248468195,1518573.3698791985,1518573.3698791985,0.0,8.0,70.0,2,False
2023-02-14,USD_CASH,cash,Cash,CASH_RETURN,2509082.315623618,0.0,0.0,2511606.115133642,2511606.115133642,0.0,0.0,0.0,2,False
2023-02-14,EURUSD_OVERLAY,fx_forward,FX,EURUSD_RETURN,0.0,754678.5999523764,2523.799510024054,0.0,0.0,754678.5999523764,0.0,0.0,2,False
2023-02-15,SPY,etf,US Equity,SPY_RETURN,1956137.3185784305,0.0,2060.069034642102,1958197.3876130725,1958197.3876130725,0.0,0.0,0.0,2,False
2023-02-15,QQQ,etf,US Equity,QQQ_RETURN,979362.303132973,0.0,-7540.607286646991,971821.6958463261,971821.6958463261,0.0,0.0,0.0,2,False
2023-02-15,EFA,etf,International Equity,EFA_RETURN,971397.4868327866,0.0,-3335.784780998288,968061.7020517883,968061.7020517883,0.0,0.0,0.0,2,False
2023-02-15,GLD,etf,Commodity,GLD_RETURN,537427.5954720951,0.0,1950.8742467521408,539378.4697188472,539378.4697188472,0.0,0.0,0.0,2,False
2023-02-15,US5Y,bond,Rates,DGS5_CHANGE,1516026.1956230951,0.0,3019.1780788019987,1519045.3737018972,1519045.3737018972,0.0,4.5,22.0,2,False
2023-02-15,US10Y,bond,Rates,DGS10_CHANGE,1518573.3698791985,0.0,12425.68595966654,1530999.055838865,1530999.055838865,0.0,8.0,70.0,2,False
2023-02-15,USD_CASH,cash,Cash,CASH_RETURN,2511606.115133642,0.0,0.0,2511356.4842838934,2511356.4842838934,0.0,0.0,0.0,2,False
2023-02-15,EURUSD_OVERLAY,fx_forward,FX,EURUSD_RETURN,0.0,754678.5999523764,-249.63084974891632,0.0,0.0,754678.5999523764,0.0,0.0,2,False
2023-02-16,SPY,etf,US Equity,SPY_RETURN,1958197.3876130725,0.0,30528.407014965946,1988725.7946280385,1988725.7946280385,0.0,0.0,0.0,2,False
2023-02-16,QQQ,etf,US Equity,QQQ_RETURN,971821.6958463261,0.0,19246.592701909158,991068.2885482352,991068.2885482352,0.0,0.0,0.0,2,False
2023-02-16,EFA,etf,International Equity,EFA_RETURN,968061.7020517883,0.0,12250.288076481209,980311.9901282695,980311.9901282695,0.0,0.0,0.0,2,False
2023-02-16,GLD,etf,Commodity,GLD_RETURN,539378.4697188472,0.0,-2124.5658760036467,537253.9038428435,537253.9038428435,0.0,0.0,0.0,2,False
2023-02-16,US5Y,bond,Rates,DGS5_CHANGE,1519045.3737018972,0.0,-2706.129815757473,1516339.2438861397,1516339.2438861397,0.0,4.5,22.0,2,False
2023-02-16,US10Y,bond,Rates,DGS10_CHANGE,1530999.055838865,0.0,-4339.584141489342,1526659.4716973756,1526659.4716973756,0.0,8.0,70.0,2,False
2023-02-16,USD_CASH,cash,Cash,CASH_RETURN,2511356.4842838934,0.0,0.0,2507197.7286799834,2507197.7286799834,0.0,0.0,0.0,2,False
2023-02-16,EURUSD_OVERLAY,fx_forward,FX,EURUSD_RETURN,0.0,754678.5999523764,-4158.755603909868,0.0,0.0,754678.5999523764,0.0,0.0,2,False
2023-02-17,SPY,etf,US Equity,SPY_RETURN,1988725.7946280385,0.0,-21826.126503912918,1966899.6681241256,1966899.6681241256,0.0,0.0,0.0,2,False
2023-02-17,QQQ,etf,US Equity,QQQ_RETURN,991068.2885482352,0.0,-13680.04739689013,977388.2411513451,977388.2411513451,0.0,0.0,0.0,2,False
2023-02-17,EFA,etf,International Equity,EFA_RETURN,980311.9901282695,0.0,-4371.688834449318,975940.3012938203,975940.3012938203,0.0,0.0,0.0,2,False
2023-02-17,GLD,etf,Commodity,GLD_RETURN,537253.9038428435,0.0,-8661.407541226048,528592.4963016175,528592.4963016175,0.0,0.0,0.0,2,False
2023-02-17,US5Y,bond,Rates,DGS5_CHANGE,1516339.2438861397,0.0,-4784.418051538814,1511554.825834601,1511554.825834601,0.0,4.5,22.0,2,False
2023-02-17,US10Y,bond,Rates,DGS10_CHANGE,1526659.4716973756,0.0,-11479.331118752312,1515180.1405786234,1515180.1405786234,0.0,8.0,70.0,2,False
2023-02-17,USD_CASH,cash,Cash,CASH_RETURN,2507197.7286799834,0.0,0.0,2508738.4644807237,2508738.4644807237,0.0,0.0,0.0,2,False
2023-02-17,EURUSD_OVERLAY,fx_forward,FX,EURUSD_RETURN,0.0,754678.5999523764,1540.73580074038,0.0,0.0,754678.5999523764,0.0,0.0,2,False
2023-02-20,SPY,etf,US Equity,SPY_RETURN,1966899.6681241256,0.0,-14516.31348818389,1952383.3546359418,1952383.3546359418,0.0,0.0,0.0,2,False
2023-02-20,QQQ,etf,US Equity,QQQ_RETURN,977388.2411513451,0.0,-483.734601802566,976904.5065495425,976904.5065495425,0.0,0.0,0.0,2,False
2023-02-20,EFA,etf,International Equity,EFA_RETURN,975940.3012938203,0.0,-11555.9742974657,964384.3269963545,964384.3269963545,0.0,0.0,0.0,2,False
2023-02-20,GLD,etf,Commodity,GLD_RETURN,528592.4963016175,0.0,-4536.821431877071,524055.6748697404,524055.6748697404,0.0,0.0,0.0,2,False
2023-02-20,US5Y,bond,Rates,DGS5_CHANGE,1511554.825834601,0.0,-674.2551375394634,1510880.5706970615,1510880.5706970615,0.0,4.5,22.0,2,False
2023-02-20,US10Y,bond,Rates,DGS10_CHANGE,1515180.1405786234,0.0,-4243.492751409048,1510936.6478272143,1510936.6478272143,0.0,8.0,70.0,2,False
2023-02-20,USD_CASH,cash,Cash,CASH_RETURN,2508738.4644807237,0.0,0.0,2510692.8913875893,2510692.8913875893,0.0,0.0,0.0,2,False
2023-02-20,EURUSD_OVERLAY,fx_forward,FX,EURUSD_RETURN,0.0,754678.5999523764,1954.4269068654557,0.0,0.0,754678.5999523764,0.0,0.0,2,False
2023-02-21,SPY,etf,US Equity,SPY_RETURN,1952383.3546359418,0.0,-3185.4678931007443,1949197.886742841,1949197.886742841,0.0,0.0,0.0,2,False
2023-02-21,QQQ,etf,US Equity,QQQ_RETURN,976904.5065495425,0.0,-9419.166303483931,967485.3402460587,967485.3402460587,0.0,0.0,0.0,2,False
2023-02-21,EFA,etf,International Equity,EFA_RETURN,964384.3269963545,0.0,-9253.285528878978,955131.0414674755,955131.0414674755,0.0,0.0,0.0,2,False
2023-02-21,GLD,etf,Commodity,GLD_RETURN,524055.6748697404,0.0,-2978.639971733119,521077.0348980073,521077.0348980073,0.0,0.0,0.0,2,False
2023-02-21,US5Y,bond,Rates,DGS5_CHANGE,1510880.5706970615,0.0,731.9933441216665,1511612.564041183,1511612.564041183,0.0,4.5,22.0,2,False
2023-02-21,US10Y,bond,Rates,DGS10_CHANGE,1510936.6478272143,0.0,689.6504487448757,1511626.2982759592,1511626.2982759592,0.0,8.0,70.0,2,False
2023-02-21,USD_CASH,cash,Cash,CASH_RETURN,2510692.8913875893,0.0,0.0,2504028.952148409,2504028.952148409,0.0,0.0,0.0,2,False
2023-02-21,EURUSD_OVERLAY,fx_forward,FX,EURUSD_RETURN,0.0,754678.5999523764,-6663.939239180046,0.0,0.0,754678.5999523764,0.0,0.0,2,False
2023-02-22,SPY,etf,US Equity,SPY_RETURN,1949197.886742841,0.0,7889.201169742709,1957087.0879125837,1957087.0879125837,0.0,0.0,0.0,2,False
2023-02-22,QQQ,etf,US Equity,QQQ_RETURN,967485.3402460587,0.0,12437.309347252864,979922.6495933115,979922.6495933115,0.0,0.0,0.0,2,False
2023-02-22,EFA,etf,International Equity,EFA_RETURN,955131.0414674755,0.0,4737.038477851225,959868.0799453267,959868.0799453267,0.0,0.0,0.0,2,False
2023-02-22,GLD,etf,Commodity,GLD_RETURN,521077.0348980073,0.0,-2754.702004485104,518322.33289352217,518322.33289352217,0.0,0.0,0.0,2,False
2023-02-22,US5Y,bond,Rates,DGS5_CHANGE,1511612.564041183,0.0,76.9275456823602,1511689.4915868654,1511689.4915868654,0.0,4.5,22.0,2,False
2023-02-22,US10Y,bond,Rates,DGS10_CHANGE,1511626.2982759592,0.0,5822.549321010011,1517448.8475969692,1517448.8475969692,0.0,8.0,70.0,2,False
2023-02-22,USD_CASH,cash,Cash,CASH_RETURN,2504028.952148409,0.0,0.0,2503337.3697176995,2503337.3697176995,0.0,0.0,0.0,2,False
2023-02-22,EURUSD_OVERLAY,fx_forward,FX,EURUSD_RETURN,0.0,754678.5999523764,-691.5824307097253,0.0,0.0,754678.5999523764,0.0,0.0,2,False
2023-02-23,SPY,etf,US Equity,SPY_RETURN,1957087.0879125837,0.0,18505.642378018892,1975592.7302906027,1975592.7302906027,0.0,0.0,0.0,2,False
2023-02-23,QQQ,etf,US Equity,QQQ_RETURN,979922.6495933115,0.0,8472.951449083343,988395.6010423949,988395.6010423949,0.0,0.0,0.0,2,False
2023-02-23,EFA,etf,International Equity,EFA_RETURN,959868.0799453267,0.0,10698.718778772758,970566.7987240994,970566.7987240994,0.0,0.0,0.0,2,False
2023-02-23,GLD,etf,Commodity,GLD_RETURN,518322.33289352217,0.0,3229.9582255187142,521552.29111904086,521552.29111904086,0.0,0.0,0.0,2,False
2023-02-23,US5Y,bond,Rates,DGS5_CHANGE,1511689.4915868654,0.0,4017.025475293333,1515706.5170621588,1515706.5170621588,0.0,4.5,22.0,2,False
2023-02-23,US10Y,bond,Rates,DGS10_CHANGE,1517448.8475969692,0.0,2207.8564773337434,1519656.704074303,1519656.704074303,0.0,8.0,70.0,2,False
2023-02-23,USD_CASH,cash,Cash,CASH_RETURN,2503337.3697176995,0.0,0.0,2504006.837242454,2504006.837242454,0.0,0.0,0.0,2,False
2023-02-23,EURUSD_OVERLAY,fx_forward,FX,EURUSD_RETURN,0.0,754678.5999523764,669.4675247543887,0.0,0.0,754678.5999523764,0.0,0.0,2,False
2023-02-24,SPY,etf,US Equity,SPY_RETURN,1975592.7302906027,0.0,30896.046049212266,2006488.776339815,2006488.776339815,0.0,0.0,0.0,2,False
2023-02-24,QQQ,etf,US Equity,QQQ_RETURN,988395.6010423949,0.0,9530.77018794798,997926.3712303429,997926.3712303429,0.0,0.0,0.0,2,False
2023-02-24,EFA,etf,International Equity,EFA_RETURN,970566.7987240994,0.0,15520.70419400786,986087.5029181073,986087.5029181073,0.0,0.0,0.0,2,False
2023-02-24,GLD,etf,Commodity,GLD_RETURN,521552.29111904086,0.0,-6517.8508083438355,515034.440310697,515034.440310697,0.0,0.0,0.0,2,False
2023-02-24,US5Y,bond,Rates,DGS5_CHANGE,1515706.5170621588,0.0,2868.1629277422567,1518574.6799899011,1518574.6799899011,0.0,4.5,22.0,2,False
2023-02-24,US10Y,bond,Rates,DGS10_CHANGE,1519656.704074303,0.0,6711.95788028644,1526368.6619545894,1526368.6619545894,0.0,8.0,70.0,2,False
2023-02-24,USD_CASH,cash,Cash,CASH_RETURN,2504006.837242454,0.0,0.0,2510406.736541423,2510406.736541423,0.0,0.0,0.0,2,False
2023-02-24,EURUSD_OVERLAY,fx_forward,FX,EURUSD_RETURN,0.0,754678.5999523764,6399.8992989694125,0.0,0.0,754678.5999523764,0.0,0.0,2,False
2023-02-27,SPY,etf,US Equity,SPY_RETURN,2006488.776339815,0.0,67661.22889254852,2074150.0052323635,2074150.0052323635,0.0,0.0,0.0,2,False
2023-02-27,QQQ,etf,US Equity,QQQ_RETURN,997926.3712303429,0.0,33403.31977241146,1031329.6910027544,1031329.6910027544,0.0,0.0,0.0,2,False
2023-02-27,EFA,etf,International Equity,EFA_RETURN,986087.5029181073,0.0,21573.167770152933,1007660.6706882602,1007660.6706882602,0.0,0.0,0.0,2,False
2023-02-27,GLD,etf,Commodity,GLD_RETURN,515034.440310697,0.0,13190.622183947713,528225.0624946448,528225.0624946448,0.0,0.0,0.0,2,False
2023-02-27,US5Y,bond,Rates,DGS5_CHANGE,1518574.6799899011,0.0,4246.704889182104,1522821.3848790831,1522821.3848790831,0.0,4.5,22.0,2,False
2023-02-27,US10Y,bond,Rates,DGS10_CHANGE,1526368.6619545894,0.0,6206.427686629879,1532575.0896412192,1532575.0896412192,0.0,8.0,70.0,2,False
2023-02-27,USD_CASH,cash,Cash,CASH_RETURN,2510406.736541423,0.0,0.0,2503463.640642451,2503463.640642451,0.0,0.0,0.0,2,False
2023-02-27,EURUSD_OVERLAY,fx_forward,FX,EURUSD_RETURN,0.0,754678.5999523764,-6943.09589897189,0.0,0.0,754678.5999523764,0.0,0.0,2,False
2023-02-28,SPY,etf,US Equity,SPY_RETURN,2074150.0052323635,0.0,-21533.53254936854,2052616.472682995,2052616.472682995,0.0,0.0,0.0,2,False
2023-02-28,QQQ,etf,US Equity,QQQ_RETURN,1031329.6910027544,0.0,-5451.787859493346,1025877.903143261,1025877.903143261,0.0,0.0,0.0,2,False
2023-02-28,EFA,etf,International Equity,EFA_RETURN,1007660.6706882602,0.0,-6025.600146770091,1001635.0705414901,1001635.0705414901,0.0,0.0,0.0,2,False
2023-02-28,GLD,etf,Commodity,GLD_RETURN,528225.0624946448,0.0,1500.8155400708004,529725.8780347155,529725.8780347155,0.0,0.0,0.0,2,False
2023-02-28,US5Y,bond,Rates,DGS5_CHANGE,1522821.3848790831,0.0,-1553.591764140535,1521267.7931149425,1521267.7931149425,0.0,4.5,22.0,2,False
2023-02-28,US10Y,bond,Rates,DGS10_CHANGE,1532575.0896412192,0.0,3237.181468245322,1535812.2711094646,1535812.2711094646,0.0,8.0,70.0,2,False
2023-02-28,USD_CASH,cash,Cash,CASH_RETURN,2503463.640642451,0.0,0.0,2501911.5240405365,2501911.5240405365,0.0,0.0,0.0,2,False
2023-02-28,EURUSD_OVERLAY,fx_forward,FX,EURUSD_RETURN,0.0,754678.5999523764,-1552.1166019146776,0.0,0.0,754678.5999523764,0.0,0.0,2,False
2023-03-01,SPY,etf,US Equity,SPY_RETURN,2052616.472682995,0.0,13666.170166059866,2066282.642849055,2035660.067443986,0.0,0.0,0.0,3,True
2023-03-01,QQQ,etf,US Equity,QQQ_RETURN,1025877.903143261,0.0,11634.917121111486,1037512.8202643725,1017830.033721993,0.0,0.0,0.0,3,True
2023-03-01,EFA,etf,International Equity,EFA_RETURN,1001635.0705414901,0.0,-6773.190596637456,994861.8799448527,1017830.033721993,0.0,0.0,0.0,3,True
2023-03-01,GLD,etf,Commodity,GLD_RETURN,529725.8780347155,0.0,-1385.0277761541456,528340.8502585614,508915.0168609965,0.0,0.0,0.0,3,True
2023-03-01,US5Y,bond,Rates,DGS5_CHANGE,1521267.7931149425,0.0,481.83389262938283,1521749.627007572,1526745.0505829894,0.0,4.5,22.0,3,True
2023-03-01,US10Y,bond,Rates,DGS10_CHANGE,1535812.2711094646,0.0,2338.8095069189967,1538151.0806163836,1526745.0505829894,0.0,8.0,70.0,3,True
2023-03-01,USD_CASH,cash,Cash,CASH_RETURN,2501911.5240405365,0.0,0.0,2491401.4362791316,2544575.0843049823,0.0,0.0,0.0,3,True
2023-03-01,EURUSD_OVERLAY,fx_forward,FX,EURUSD_RETURN,0.0,754678.5999523764,-10510.08776140473,0.0,0.0,763372.5252914947,0.0,0.0,3,True
2023-03-02,SPY,etf,US Equity,SPY_RETURN,2035660.067443986,0.0,-9152.375033853212,2026507.6924101328,2026507.6924101328,0.0,0.0,0.0,3,False
2023-03-02,QQQ,etf,US Equity,QQQ_RETURN,1017830.033721993,0.0,-9895.582532003344,1007934.4511899897,1007934.4511899897,0.0,0.0,0.0,3,False
2023-03-02,EFA,etf,International Equity,EFA_RETURN,1017830.033721993,0.0,1983.769123267599,1019813.8028452606,1019813.8028452606,0.0,0.0,0.0,3,False
2023-03-02,GLD,etf,Commodity,GLD_RETURN,508915.0168609965,0.0,-1054.806840485173,507860.2100205113,507860.2100205113,0.0,0.0,0.0,3,False
2023-03-02,US5Y,bond,Rates,DGS5_CHANGE,1526745.0505829894,0.0,4044.342574844383,1530789.3931578337,1530789.3931578337,0.0,4.5,22.0,3,False
2023-03-02,US10Y,bond,Rates,DGS10_CHANGE,1526745.0505829894,0.0,6881.104498841173,1533626.1550818305,1533626.1550818305,0.0,8.0,70.0,3,False
2023-03-02,USD_CASH,cash,Cash,CASH_RETURN,2544575.0843049823,0.0,0.0,2540351.7236766056,2540351.7236766056,0.0,0.0,0.0,3,False
2023-03-02,EURUSD_OVERLAY,fx_forward,FX,EURUSD_RETURN,0.0,763372.5252914947,-4223.360628376873,0.0,0.0,763372.5252914947,0.0,0.0,3,False
2023-03-03,SPY,etf,US Equity,SPY_RETURN,2026507.6924101328,0.0,7719.035252511489,2034226.7276626443,2034226.7276626443,0.0,0.0,0.0,3,False
2023-03-03,QQQ,etf,US Equity,QQQ_RETURN,1007934.4511899897,0.0,2084.3404406200348,1010018.7916306098,1010018.7916306098,0.0,0.0,0.0,3,False
2023-03-03,EFA,etf,International Equity,EFA_RETURN,1019813.8028452606,0.0,9991.716575351464,1029805.519420612,1029805.519420612,0.0,0.0,0.0,3,False
2023-03-03,GLD,etf,Commodity,GLD_RETURN,507860.2100205113,0.0,-3924.707889641863,503935.5021308694,503935.5021308694,0.0,0.0,0.0,3,False
2023-03-03,US5Y,bond,Rates,DGS5_CHANGE,1530789.3931578337,0.0,-1188.3098324254693,1529601.0833254082,1529601.0833254082,0.0,4.5,22.0,3,False
2023-03-03,US10Y,bond,Rates,DGS10_CHANGE,1533626.1550818305,0.0,4016.5891547414935,1537642.744236572,1537642.744236572,0.0,8.0,70.0,3,False
2023-03-03,USD_CASH,cash,Cash,CASH_RETURN,2540351.7236766056,0.0,0.0,2538045.8609165987,2538045.8609165987,0.0,0.0,0.0,3,False
2023-03-03,EURUSD_OVERLAY,fx_forward,FX,EURUSD_RETURN,0.0,763372.5252914947,-2305.8627600071422,0.0,0.0,763372.5252914947,0.0,0.0,3,False
2023-03-06,SPY,etf,US Equity,SPY_RETURN,2034226.7276626443,0.0,23938.86699447394,2058165.5946571182,2058165.5946571182,0.0,0.0,0.0,3,False
2023-03-06,QQQ,etf,US Equity,QQQ_RETURN,1010018.7916306098,0.0,19431.346853327886,1029450.1384839377,1029450.1384839377,0.0,0.0,0.0,3,False
2023-03-06,EFA,etf,International Equity,EFA_RETURN,1029805.519420612,0.0,6812.558491799411,1036618.0779124114,1036618.0779124114,0.0,0.0,0.0,3,False
2023-03-06,GLD,etf,Commodity,GLD_RETURN,503935.5021308694,0.0,-1448.4199277133296,502487.0822031561,502487.0822031561,0.0,0.0,0.0,3,False
2023-03-06,US5Y,bond,Rates,DGS5_CHANGE,1529601.0833254082,0.0,-295.07635236325837,1529306.006973045,1529306.006973045,0.0,4.5,22.0,3,False
2023-03-06,US10Y,bond,Rates,DGS10_CHANGE,1537642.744236572,0.0,-1439.8176846114125,1536202.9265519606,1536202.9265519606,0.0,8.0,70.0,3,False
2023-03-06,USD_CASH,cash,Cash,CASH_RETURN,2538045.8609165987,0.0,0.0,2536258.0444280775,2536258.0444280775,0.0,0.0,0.0,3,False
2023-03-06,EURUSD_OVERLAY,fx_forward,FX,EURUSD_RETURN,0.0,763372.5252914947,-1787.8164885211756,0.0,0.0,763372.5252914947,0.0,0.0,3,False
2023-03-07,SPY,etf,US Equity,SPY_RETURN,2058165.5946571182,0.0,-6224.463780641599,2051941.1308764766,2051941.1308764766,0.0,0.0,0.0,3,False
2023-03-07,QQQ,etf,US Equity,QQQ_RETURN,1029450.1384839377,0.0,-5771.752481866011,1023678.3860020717,1023678.3860020717,0.0,0.0,0.0,3,False
2023-03-07,EFA,etf,International Equity,EFA_RETURN,1036618.0779124114,0.0,-1199.5835898541889,1035418.4943225572,1035418.4943225572,0.0,0.0,0.0,3,False
2023-03-07,GLD,etf,Commodity,GLD_RETURN,502487.0822031561,0.0,-3497.3337557307427,498989.7484474253,498989.7484474253,0.0,0.0,0.0,3,False
2023-03-07,US5Y,bond,Rates,DGS5_CHANGE,1529306.006973045,0.0,-1640.4484270683686,1527665.5585459766,1527665.5585459766,0.0,4.5,22.0,3,False
2023-03-07,US10Y,bond,Rates,DGS10_CHANGE,1536202.9265519606,0.0,-1356.5564340205199,1534846.37011794,1534846.37011794,0.0,8.0,70.0,3,False
2023-03-07,USD_CASH,cash,Cash,CASH_RETURN,2536258.0444280775,0.0,0.0,2538622.795450192,2538622.795450192,0.0,0.0,0.0,3,False
2023-03-07,EURUSD_OVERLAY,fx_forward,FX,EURUSD_RETURN,0.0,763372.5252914947,2364.751022114566,0.0,0.0,763372.5252914947,0.0,0.0,3,False
2023-03-08,SPY,etf,US Equity,SPY_RETURN,2051941.1308764766,0.0,10639.467832846854,2062580.5987093234,2062580.5987093234,0.0,0.0,0.0,3,False
2023-03-08,QQQ,etf,US Equity,QQQ_RETURN,1023678.3860020717,0.0,16265.383394013752,1039943.7693960854,1039943.7693960854,0.0,0.0,0.0,3,False
2023-03-08,EFA,etf,International Equity,EFA_RETURN,1035418.4943225572,0.0,4028.5515283149375,1039447.0458508722,1039447.0458508722,0.0,0.0,0.0,3,False
2023-03-08,GLD,etf,Commodity,GLD_RETURN,498989.7484474253,0.0,-6119.228912752984,492870.5195346723,492870.5195346723,0.0,0.0,0.0,3,False
2023-03-08,US5Y,bond,Rates,DGS5_CHANGE,1527665.5585459766,0.0,-7928.898430946139,1519736.6601150306,1519736.6601150306,0.0,4.5,22.0,3,False
2023-03-08,US10Y,bond,Rates,DGS10_CHANGE,1534846.37011794,0.0,-10449.293869077712,1524397.0762488623,1524397.0762488623,0.0,8.0,70.0,3,False
2023-03-08,USD_CASH,cash,Cash,CASH_RETURN,2538622.795450192,0.0,0.0,2537289.161048283,2537289.161048283,0.0,0.0,0.0,3,False
2023-03-08,EURUSD_OVERLAY,fx_forward,FX,EURUSD_RETURN,0.0,763372.5252914947,-1333.6344019090843,0.0,0.0,763372.5252914947,0.0,0.0,3,False
2023-03-09,SPY,etf,US Equity,SPY_RETURN,2062580.5987093234,0.0,-23347.618576222412,2039232.980133101,2039232.980133101,0.0,0.0,0.0,3,False
2023-03-09,QQQ,etf,US Equity,QQQ_RETURN,1039943.7693960854,0.0,-8729.649862012488,1031214.1195340729,1031214.1195340729,0.0,0.0,0.0,3,False
2023-03-09,EFA,etf,International Equity,EFA_RETURN,1039447.0458508722,0.0,-8973.36929500813,1030473.676555864,1030473.676555864,0.0,0.0,0.0,3,False
2023-03-09,GLD,etf,Commodity,GLD_RETURN,492870.5195346723,0.0,996.9567362397822,493867.4762709121,493867.4762709121,0.0,0.0,0.0,3,False
2023-03-09,US5Y,bond,Rates,DGS5_CHANGE,1519736.6601150306,0.0,-2780.5580893109723,1516956.1020257196,1516956.1020257196,0.0,4.5,22.0,3,False
2023-03-09,US10Y,bond,Rates,DGS10_CHANGE,1524397.0762488623,0.0,-1498.1331840545608,1522898.9430648077,1522898.9430648077,0.0,8.0,70.0,3,False
2023-03-09,USD_CASH,cash,Cash,CASH_RETURN,2537289.161048283,0.0,0.0,2534049.2560762083,2534049.2560762083,0.0,0.0,0.0,3,False
2023-03-09,EURUSD_OVERLAY,fx_forward,FX,EURUSD_RETURN,0.0,763372.5252914947,-3239.9049720747516,0.0,0.0,763372.5252914947,0.0,0.0,3,False
2023-03-10,SPY,etf,US Equity,SPY_RETURN,2039232.980133101,0.0,-28242.1418107049,2010990.8383223962,2010990.8383223962,0.0,0.0,0.0,3,False
2023-03-10,QQQ,etf,US Equity,QQQ_RETURN,1031214.1195340729,0.0,-16848.055368002217,1014366.0641660707,1014366.0641660707,0.0,0.0,0.0,3,False
2023-03-10,EFA,etf,International Equity,EFA_RETURN,1030473.676555864,0.0,-8235.90625677188,1022237.7702990922,1022237.7702990922,0.0,0.0,0.0,3,False
2023-03-10,GLD,etf,Commodity,GLD_RETURN,493867.4762709121,0.0,-2915.457945056411,490952.01832585566,490952.01832585566,0.0,0.0,0.0,3,False
2023-03-10,US5Y,bond,Rates,DGS5_CHANGE,1516956.1020257196,0.0,603.8930951419898,1517559.9951208616,1517559.9951208616,0.0,4.5,22.0,3,False
2023-03-10,US10Y,bond,Rates,DGS10_CHANGE,1522898.9430648077,0.0,-4170.726430547434,1518728.2166342603,1518728.2166342603,0.0,8.0,70.0,3,False
2023-03-10,USD_CASH,cash,Cash,CASH_RETURN,2534049.2560762083,0.0,0.0,2536358.6141406437,2536358.6141406437,0.0,0.0,0.0,3,False
2023-03-10,EURUSD_OVERLAY,fx_forward,FX,EURUSD_RETURN,0.0,763372.5252914947,2309.3580644352555,0.0,0.0,763372.5252914947,0.0,0.0,3,False
2023-03-13,SPY,etf,US Equity,SPY_RETURN,2010990.8383223962,0.0,-13838.310182185842,1997152.5281402103,1997152.5281402103,0.0,0.0,0.0,3,False
2023-03-13,QQQ,etf,US Equity,QQQ_RETURN,1014366.0641660707,0.0,-7573.593065450039,1006792.4711006206,1006792.4711006206,0.0,0.0,0.0,3,False
2023-03-13,EFA,etf,International Equity,EFA_RETURN,1022237.7702990922,0.0,-1055.0521182027867,1021182.7181808894,1021182.7181808894,0.0,0.0,0.0,3,False
2023-03-13,GLD,etf,Commodity,GLD_RETURN,490952.01832585566,0.0,-1814.8719676950504,489137.1463581606,489137.1463581606,0.0,0.0,0.0,3,False
2023-03-13,US5Y,bond,Rates,DGS5_CHANGE,1517559.9951208616,0.0,4432.931667574876,1521992.9267884365,1521992.9267884365,0.0,4.5,22.0,3,False
2023-03-13,US10Y,bond,Rates,DGS10_CHANGE,1518728.2166342603,0.0,9600.205592518923,1528328.4222267792,1528328.4222267792,0.0,8.0,70.0,3,False
2023-03-13,USD_CASH,cash,Cash,CASH_RETURN,2536358.6141406437,0.0,0.0,2545175.4983641766,2545175.4983641766,0.0,0.0,0.0,3,False
2023-03-13,EURUSD_OVERLAY,fx_forward,FX,EURUSD_RETURN,0.0,763372.5252914947,8816.88422353287,0.0,0.0,763372.5252914947,0.0,0.0,3,False
2023-03-14,SPY,etf,US Equity,SPY_RETURN,1997152.5281402103,0.0,-30541.536417103,1966610.9917231074,1966610.9917231074,0.0,0.0,0.0,3,False
2023-03-14,QQQ,etf,US Equity,QQQ_RETURN,1006792.4711006206,0.0,-19201.726998444654,987590.7441021759,987590.7441021759,0.0,0.0,0.0,3,False
2023-03-14,EFA,etf,International Equity,EFA_RETURN,1021182.7181808894,0.0,-19873.794841145267,1001308.9233397441,1001308.9233397441,0.0,0.0,0.0,3,False
2023-03-14,GLD,etf,Commodity,GLD_RETURN,489137.1463581606,0.0,11956.364872932389,501093.51123109297,501093.51123109297,0.0,0.0,0.0,3,False
2023-03-14,US5Y,bond,Rates,DGS5_CHANGE,1521992.9267884365,0.0,-7042.798243987721,1514950.1285444489,1514950.1285444489,0.0,4.5,22.0,3,False
2023-03-14,US10Y,bond,Rates,DGS10_CHANGE,1528328.4222267792,0.0,-11776.107538319156,1516552.31468846,1516552.31468846,0.0,8.0,70.0,3,False
2023-03-14,USD_CASH,cash,Cash,CASH_RETURN,2545175.4983641766,0.0,0.0,2543096.0987748126,2543096.0987748126,0.0,0.0,0.0,3,False
2023-03-14,EURUSD_OVERLAY,fx_forward,FX,EURUSD_RETURN,0.0,763372.5252914947,-2079.399589364081,0.0,0.0,763372.5252914947,0.0,0.0,3,False
2023-03-15,SPY,etf,US Equity,SPY_RETURN,1966610.9917231074,0.0,-12823.878221951687,1953787.1135011557,1953787.1135011557,0.0,0.0,0.0,3,False
2023-03-15,QQQ,etf,US Equity,QQQ_RETURN,987590.7441021759,0.0,-881.846533275905,986708.8975689,986708.8975689,0.0,0.0,0.0,3,False
2023-03-15,EFA,etf,International Equity,EFA_RETURN,1001308.9233397441,0.0,-8084.881856355142,993224.041483389,993224.041483389,0.0,0.0,0.0,3,False
2023-03-15,GLD,etf,Commodity,GLD_RETURN,501093.51123109297,0.0,-4392.599623909361,496700.91160718363,496700.91160718363,0.0,0.0,0.0,3,False
2023-03-15,US5Y,bond,Rates,DGS5_CHANGE,1514950.1285444489,0.0,-5138.1532292168185,1509811.975315232,1509811.975315232,0.0,4.5,22.0,3,False
2023-03-15,US10Y,bond,Rates,DGS10_CHANGE,1516552.31468846,0.0,-9203.803828526241,1507348.5108599337,1507348.5108599337,0.0,8.0,70.0,3,False
2023-03-15,USD_CASH,cash,Cash,CASH_RETURN,2543096.0987748126,0.0,0.0,2538882.1914989236,2538882.1914989236,0.0,0.0,0.0,3,False
2023-03-15,EURUSD_OVERLAY,fx_forward,FX,EURUSD_RETURN,0.0,763372.5252914947,-4213.907275889285,0.0,0.0,763372.5252914947,0.0,0.0,3,False
2023-03-16,SPY,etf,US Equity,SPY_RETURN,1953787.1135011557,0.0,4126.884695868443,1957913.9981970242,1957913.9981970242,0.0,0.0,0.0,3,False
2023-03-16,QQQ,etf,US Equity,QQQ_RETURN,986708.8975689,0.0,3492.8107346852767,990201.7083035853,990201.7083035853,0.0,0.0,0.0,3,False
2023-03-16,EFA,etf,International Equity,EFA_RETURN,993224.041483389,0.0,3363.1166339932706,996587.1581173822,996587.1581173822,0.0,0.0,0.0,3,False
2023-03-16,GLD,etf,Commodity,GLD_RETURN,496700.91160718363,0.0,4746.539229800414,501447.45083698403,501447.45083698403,0.0,0.0,0.0,3,False
2023-03-16,US5Y,bond,Rates,DGS5_CHANGE,1509811.975315232,0.0,-613.1575346233471,1509198.8177806088,1509198.8177806088,0.0,4.5,22.0,3,False
2023-03-16,US10Y,bond,Rates,DGS10_CHANGE,1507348.5108599337,0.0,6869.758266846166,1514218.2691267799,1514218.2691267799,0.0,8.0,70.0,3,False
2023-03-16,USD_CASH,cash,Cash,CASH_RETURN,2538882.1914989236,0.0,0.0,2537356.091086349,2537356.091086349,0.0,0.0,0.0,3,False
2023-03-16,EURUSD_OVERLAY,fx_forward,FX,EURUSD_RETURN,0.0,763372.5252914947,-1526.100412574472,0.0,0.0,763372.5252914947,0.0,0.0,3,False
2023-03-17,SPY,etf,US Equity,SPY_RETURN,1957913.9981970242,0.0,2451.098128741175,1960365.0963257654,1960365.0963257654,0.0,0.0,0.0,3,False
2023-03-17,QQQ,etf,US Equity,QQQ_RETURN,990201.7083035853,0.0,-10682.896434574257,979518.811869011,979518.811869011,0.0,0.0,0.0,3,False
2023-03-17,EFA,etf,International Equity,EFA_RETURN,996587.1581173822,0.0,-1525.0256533338656,995062.1324640483,995062.1324640483,0.0,0.0,0.0,3,False
2023-03-17,GLD,etf,Commodity,GLD_RETURN,501447.45083698403,0.0,717.1736972980708,502164.6245342821,502164.6245342821,0.0,0.0,0.0,3,False
2023-03-17,US5Y,bond,Rates,DGS5_CHANGE,1509198.8177806088,0.0,-1272.6855219703345,1507926.1322586385,1507926.1322586385,0.0,4.5,22.0,3,False
2023-03-17,US10Y,bond,Rates,DGS10_CHANGE,1514218.2691267799,0.0,1876.2438629100623,1516094.5129896898,1516094.5129896898,0.0,8.0,70.0,3,False
2023-03-17,USD_CASH,cash,Cash,CASH_RETURN,2537356.091086349,0.0,0.0,2540025.883258146,2540025.883258146,0.0,0.0,0.0,3,False
2023-03-17,EURUSD_OVERLAY,fx_forward,FX,EURUSD_RETURN,0.0,763372.5252914947,2669.7921717968907,0.0,0.0,763372.5252914947,0.0,0.0,3,False
2023-03-20,SPY,etf,US Equity,SPY_RETURN,1960365.0963257654,0.0,364.0381048853345,1960729.1344306506,1960729.1344306506,0.0,0.0,0.0,3,False
2023-03-20,QQQ,etf,US Equity,QQQ_RETURN,979518.811869011,0.0,8721.259338350988,988240.071207362,988240.071207362,0.0,0.0,0.0,3,False
2023-03-20,EFA,etf,International Equity,EFA_RETURN,995062.1324640483,0.0,12002.442845688998,1007064.5753097374,1007064.5753097374,0.0,0.0,0.0,3,False
2023-03-20,GLD,etf,Commodity,GLD_RETURN,502164.6245342821,0.0,-399.18521746499454,501765.4393168171,501765.4393168171,0.0,0.0,0.0,3,False
2023-03-20,US5Y,bond,Rates,DGS5_CHANGE,1507926.1322586385,0.0,-19.84460688244248,1507906.287651756,1507906.287651756,0.0,4.5,22.0,3,False
2023-03-20,US10Y,bond,Rates,DGS10_CHANGE,1516094.5129896898,0.0,-3453.574821224111,1512640.9381684656,1512640.9381684656,0.0,8.0,70.0,3,False
2023-03-20,USD_CASH,cash,Cash,CASH_RETURN,2540025.883258146,0.0,0.0,2542546.4700063514,2542546.4700063514,0.0,0.0,0.0,3,False
2023-03-20,EURUSD_OVERLAY,fx_forward,FX,EURUSD_RETURN,0.0,763372.5252914947,2520.5867482056315,0.0,0.0,763372.5252914947,0.0,0.0,3,False
2023-03-21,SPY,etf,US Equity,SPY_RETURN,1960729.1344306506,0.0,-763.0317454309911,1959966.1026852196,1959966.1026852196,0.0,0.0,0.0,3,False
2023-03-21,QQQ,etf,US Equity,QQQ_RETURN,988240.071207362,0.0,-614.2911790399932,987625.780028322,987625.780028322,0.0,0.0,0.0,3,False
2023-03-21,EFA,etf,International Equity,EFA_RETURN,1007064.5753097374,0.0,4427.615029744247,1011492.1903394816,1011492.1903394816,0.0,0.0,0.0,3,False
2023-03-21,GLD,etf,Commodity,GLD_RETURN,501765.4393168171,0.0,9192.193397897821,510957.6327147149,510957.6327147149,0.0,0.0,0.0,3,False
2023-03-21,US5Y,bond,Rates,DGS5_CHANGE,1507906.287651756,0.0,-240.131617820475,1507666.1560339355,1507666.1560339355,0.0,4.5,22.0,3,False
2023-03-21,US10Y,bond,Rates,DGS10_CHANGE,1512640.9381684656,0.0,-71.44018576595752,1512569.4979826997,1512569.4979826997,0.0,8.0,70.0,3,False
2023-03-21,USD_CASH,cash,Cash,CASH_RETURN,2542546.4700063514,0.0,0.0,2546841.6617950927,2546841.6617950927,0.0,0.0,0.0,3,False
2023-03-21,EURUSD_OVERLAY,fx_forward,FX,EURUSD_RETURN,0.0,763372.5252914947,4295.191788741564,0.0,0.0,763372.5252914947,0.0,0.0,3,False
2023-03-22,SPY,etf,US Equity,SPY_RETURN,1959966.1026852196,0.0,-4665.97340567485,1955300.1292795448,1955300.1292795448,0.0,0.0,0.0,3,False
2023-03-22,QQQ,etf,US Equity,QQQ_RETURN,987625.780028322,0.0,-4898.289543842287,982727.4904844797,982727.4904844797,0.0,0.0,0.0,3,False
2023-03-22,EFA,etf,International Equity,EFA_RETURN,1011492.1903394816,0.0,2856.5745901092414,1014348.7649295909,1014348.7649295909,0.0,0.0,0.0,3,False
2023-03-22,GLD,etf,Commodity,GLD_RETURN,510957.6327147149,0.0,5010.82269467299,515968.4554093879,515968.4554093879,0.0,0.0,0.0,3,False
2023-03-22,US5Y,bond,Rates,DGS5_CHANGE,1507666.1560339355,0.0,960.8350699736258,1508626.9911039092,1508626.9911039092,0.0,4.5,22.0,3,False
2023-03-22,US10Y,bond,Rates,DGS10_CHANGE,1512569.4979826997,0.0,5954.210245316362,1518523.708228016,1518523.708228016,0.0,8.0,70.0,3,False
2023-03-22,USD_CASH,cash,Cash,CASH_RETURN,2546841.6617950927,0.0,0.0,2550414.9472811813,2550414.9472811813,0.0,0.0,0.0,3,False
2023-03-22,EURUSD_OVERLAY,fx_forward,FX,EURUSD_RETURN,0.0,763372.5252914947,3573.285486088422,0.0,0.0,763372.5252914947,0.0,0.0,3,False
2023-03-23,SPY,etf,US Equity,SPY_RETURN,1955300.1292795448,0.0,10760.742085705713,1966060.8713652506,1966060.8713652506,0.0,0.0,0.0,3,False
2023-03-23,QQQ,etf,US Equity,QQQ_RETURN,982727.4904844797,0.0,-7428.153361146051,975299.3371233336,975299.3371233336,0.0,0.0,0.0,3,False
2023-03-23,EFA,etf,International Equity,EFA_RETURN,1014348.7649295909,0.0,3441.302969031141,1017790.067898622,1017790.067898622,0.0,0.0,0.0,3,False
2023-03-23,GLD,etf,Commodity,GLD_RETURN,515968.4554093879,0.0,716.7664341607947,516685.2218435487,516685.2218435487,0.0,0.0,0.0,3,False
2023-03-23,US5Y,bond,Rates,DGS5_CHANGE,1508626.9911039092,0.0,-3716.533919249711,1504910.4571846595,1504910.4571846595,0.0,4.5,22.0,3,False
2023-03-23,US10Y,bond,Rates,DGS10_CHANGE,1518523.708228016,0.0,-6030.4137101469805,1512493.2945178691,1512493.2945178691,0.0,8.0,70.0,3,False
2023-03-23,USD_CASH,cash,Cash,CASH_RETURN,2550414.9472811813,0.0,0.0,2545219.2821415295,2545219.2821415295,0.0,0.0,0.0,3,False
2023-03-23,EURUSD_OVERLAY,fx_forward,FX,EURUSD_RETURN,0.0,763372.5252914947,-5195.665139651703,0.0,0.0,763372.5252914947,0.0,0.0,3,False
2023-03-24,SPY,etf,US Equity,SPY_RETURN,1966060.8713652506,0.0,-5862.845594804758,1960198.0257704458,1960198.0257704458,0.0,0.0,0.0,3,False
2023-03-24,QQQ,etf,US Equity,QQQ_RETURN,975299.3371233336,0.0,4617.162610022944,979916.4997333565,979916.4997333565,0.0,0.0,0.0,3,False
2023-03-24,EFA,etf,International Equity,EFA_RETURN,1017790.067898622,0.0,-4650.3134288983065,1013139.7544697237,1013139.7544697237,0.0,0.0,0.0,3,False
2023-03-24,GLD,etf,Commodity,GLD_RETURN,516685.2218435487,0.0,351.30411613464656,517036.52595968335,517036.52595968335,0.0,0.0,0.0,3,False
2023-03-24,US5Y,bond,Rates,DGS5_CHANGE,1504910.4571846595,0.0,-885.285870166756,1504025.1713144928,1504025.1713144928,0.0,4.5,22.0,3,False
2023-03-24,US10Y,bond,Rates,DGS10_CHANGE,1512493.2945178691,0.0,2015.230475021507,1514508.5249928907,1514508.5249928907,0.0,8.0,70.0,3,False
2023-03-24,USD_CASH,cash,Cash,CASH_RETURN,2545219.2821415295,0.0,0.0,2545369.8160717334,2545369.8160717334,0.0,0.0,0.0,3,False
2023-03-24,EURUSD_OVERLAY,fx_forward,FX,EURUSD_RETURN,0.0,763372.5252914947,150.53393020398696,0.0,0.0,763372.5252914947,0.0,0.0,3,False
2023-03-27,SPY,etf,US Equity,SPY_RETURN,1960198.0257704458,0.0,-15543.884502695033,1944654.1412677509,1944654.1412677509,0.0,0.0,0.0,3,False
2023-03-27,QQQ,etf,US Equity,QQQ_RETURN,979916.4997333565,0.0,-4660.802912726405,975255.6968206301,975255.6968206301,0.0,0.0,0.0,3,False
2023-03-27,EFA,etf,International Equity,EFA_RETURN,1013139.7544697237,0.0,2022.005337855926,1015161.7598075796,1015161.7598075796,0.0,0.0,0.0,3,False
2023-03-27,GLD,etf,Commodity,GLD_RETURN,517036.52595968335,0.0,-8708.171921762863,508328.3540379205,508328.3540379205,0.0,0.0,0.0,3,False
2023-03-27,US5Y,bond,Rates,DGS5_CHANGE,1504025.1713144928,0.0,-3162.3374951948917,1500862.8338192978,1500862.8338192978,0.0,4.5,22.0,3,False
2023-03-27,US10Y,bond,Rates,DGS10_CHANGE,1514508.5249928907,0.0,-8664.761240333944,1505843.7637525566,1505843.7637525566,0.0,8.0,70.0,3,False
2023-03-27,USD_CASH,cash,Cash,CASH_RETURN,2545369.8160717334,0.0,0.0,2543966.2687827726,2543966.2687827726,0.0,0.0,0.0,3,False
2023-03-27,EURUSD_OVERLAY,fx_forward,FX,EURUSD_RETURN,0.0,763372.5252914947,-1403.5472889607179,0.0,0.0,763372.5252914947,0.0,0.0,3,False
2023-03-28,SPY,etf,US Equity,SPY_RETURN,1944654.1412677509,0.0,11092.4950676758,1955746.6363354267,1955746.6363354267,0.0,0.0,0.0,3,False
2023-03-28,QQQ,etf,US Equity,QQQ_RETURN,975255.6968206301,0.0,12305.164573862761,987560.8613944929,987560.8613944929,0.0,0.0,0.0,3,False
2023-03-28,EFA,etf,International Equity,EFA_RETURN,1015161.7598075796,0.0,2668.081945060195,1017829.8417526397,1017829.8417526397,0.0,0.0,0.0,3,False
2023-03-28,GLD,etf,Commodity,GLD_RETURN,508328.3540379205,0.0,-17199.635351750378,491128.7186861701,491128.7186861701,0.0,0.0,0.0,3,False
2023-03-28,US5Y,bond,Rates,DGS5_CHANGE,1500862.8338192978,0.0,2898.6831591885207,1503761.5169784864,1503761.5169784864,0.0,4.5,22.0,3,False
2023-03-28,US10Y,bond,Rates,DGS10_CHANGE,1505843.7637525566,0.0,9259.92842052129,1515103.692173078,1515103.692173078,0.0,8.0,70.0,3,False
2023-03-28,USD_CASH,cash,Cash,CASH_RETURN,2543966.2687827726,0.0,0.0,2545524.140472519,2545524.140472519,0.0,0.0,0.0,3,False
2023-03-28,EURUSD_OVERLAY,fx_forward,FX,EURUSD_RETURN,0.0,763372.5252914947,1557.8716897467393,0.0,0.0,763372.5252914947,0.0,0.0,3,False
2023-03-29,SPY,etf,US Equity,SPY_RETURN,1955746.6363354267,0.0,35976.66754570695,1991723.3038811337,1991723.3038811337,0.0,0.0,0.0,3,False
2023-03-29,QQQ,etf,US Equity,QQQ_RETURN,987560.8613944929,0.0,7632.568747931726,995193.4301424247,995193.4301424247,0.0,0.0,0.0,3,False
2023-03-29,EFA,etf,International Equity,EFA_RETURN,1017829.8417526397,0.0,6662.201366603889,1024492.0431192436,1024492.0431192436,0.0,0.0,0.0,3,False
2023-03-29,GLD,etf,Commodity,GLD_RETURN,491128.7186861701,0.0,-6042.26630346648,485086.45238270366,485086.45238270366,0.0,0.0,0.0,3,False
2023-03-29,US5Y,bond,Rates,DGS5_CHANGE,1503761.5169784864,0.0,-1557.747327780154,1502203.7696507063,1502203.7696507063,0.0,4.5,22.0,3,False
2023-03-29,US10Y,bond,Rates,DGS10_CHANGE,1515103.692173078,0.0,-7325.158675935024,1507778.5334971428,1507778.5334971428,0.0,8.0,70.0,3,False
2023-03-29,USD_CASH,cash,Cash,CASH_RETURN,2545524.140472519,0.0,0.0,2546729.2464644024,2546729.2464644024,0.0,0.0,0.0,3,False
2023-03-29,EURUSD_OVERLAY,fx_forward,FX,EURUSD_RETURN,0.0,763372.5252914947,1205.1059918831404,0.0,0.0,763372.5252914947,0.0,0.0,3,False
2023-03-30,SPY,etf,US Equity,SPY_RETURN,1991723.3038811337,0.0,-9188.490342129804,1982534.813539004,1982534.813539004,0.0,0.0,0.0,3,False
2023-03-30,QQQ,etf,US Equity,QQQ_RETURN,995193.4301424247,0.0,-10369.072612916738,984824.357529508,984824.357529508,0.0,0.0,0.0,3,False
2023-03-30,EFA,etf,International Equity,EFA_RETURN,1024492.0431192436,0.0,-149.07233237231952,1024342.9707868713,1024342.9707868713,0.0,0.0,0.0,3,False
2023-03-30,GLD,etf,Commodity,GLD_RETURN,485086.45238270366,0.0,-1612.0899226165127,483474.36246008717,483474.36246008717,0.0,0.0,0.0,3,False
2023-03-30,US5Y,bond,Rates,DGS5_CHANGE,1502203.7696507063,0.0,-4423.059765675266,1497780.709885031,1497780.709885031,0.0,4.5,22.0,3,False
2023-03-30,US10Y,bond,Rates,DGS10_CHANGE,1507778.5334971428,0.0,-6271.876600827713,1501506.656896315,1501506.656896315,0.0,8.0,70.0,3,False
2023-03-30,USD_CASH,cash,Cash,CASH_RETURN,2546729.2464644024,0.0,0.0,2553452.61487715,2553452.61487715,0.0,0.0,0.0,3,False
2023-03-30,EURUSD_OVERLAY,fx_forward,FX,EURUSD_RETURN,0.0,763372.5252914947,6723.36841274766,0.0,0.0,763372.5252914947,0.0,0.0,3,False
2023-03-31,SPY,etf,US Equity,SPY_RETURN,1982534.813539004,0.0,13653.262841877347,1996188.0763808812,1996188.0763808812,0.0,0.0,0.0,3,False
2023-03-31,QQQ,etf,US Equity,QQQ_RETURN,984824.357529508,0.0,13128.078317733394,997952.4358472413,997952.4358472413,0.0,0.0,0.0,3,False
2023-03-31,EFA,etf,International Equity,EFA_RETURN,1024342.9707868713,0.0,12027.354542544124,1036370.3253294154,1036370.3253294154,0.0,0.0,0.0,3,False
2023-03-31,GLD,etf,Commodity,GLD_RETURN,483474.36246008717,0.0,-246.26956840318488,483228.092891684,483228.092891684,0.0,0.0,0.0,3,False
2023-03-31,US5Y,bond,Rates,DGS5_CHANGE,1497780.709885031,0.0,-4359.756189079655,1493420.9536959513,1493420.9536959513,0.0,4.5,22.0,3,False
2023-03-31,US10Y,bond,Rates,DGS10_CHANGE,1501506.656896315,0.0,-7571.541993283103,1493935.1149030318,1493935.1149030318,0.0,8.0,70.0,3,False
2023-03-31,USD_CASH,cash,Cash,CASH_RETURN,2553452.61487715,0.0,0.0,2555523.1705276403,2555523.1705276403,0.0,0.0,0.0,3,False
2023-03-31,EURUSD_OVERLAY,fx_forward,FX,EURUSD_RETURN,0.0,763372.5252914947,2070.555650490544,0.0,0.0,763372.5252914947,0.0,0.0,3,False
2023-04-03,SPY,etf,US Equity,SPY_RETURN,1996188.0763808812,0.0,8404.203913948737,2004592.28029483,2014068.7230534768,0.0,0.0,0.0,4,True
2023-04-03,QQQ,etf,US Equity,QQQ_RETURN,997952.4358472413,0.0,2723.8051325059723,1000676.2409797473,1007034.3615267384,0.0,0.0,0.0,4,True
2023-04-03,EFA,etf,International Equity,EFA_RETURN,1036370.3253294154,0.0,-9253.322655453287,1027117.0026739622,1007034.3615267384,0.0,0.0,0.0,4,True
2023-04-03,GLD,etf,Commodity,GLD_RETURN,483228.092891684,0.0,5384.7210622873745,488612.8139539714,503517.1807633692,0.0,0.0,0.0,4,True
2023-04-03,US5Y,bond,Rates,DGS5_CHANGE,1493420.9536959513,0.0,2481.2773077037896,1495902.2310036551,1510551.5422901073,0.0,4.5,22.0,4,True
2023-04-03,US10Y,bond,Rates,DGS10_CHANGE,1493935.1149030318,0.0,6204.802280625198,1500139.917183657,1510551.5422901073,0.0,8.0,70.0,4,True
2023-04-03,USD_CASH,cash,Cash,CASH_RETURN,2555523.1705276403,0.0,0.0,2553303.12917756,2517585.9038168457,0.0,0.0,0.0,4,True
2023-04-03,EURUSD_OVERLAY,fx_forward,FX,EURUSD_RETURN,0.0,763372.5252914947,-2220.0413500802565,0.0,0.0,755275.7711450537,0.0,0.0,4,True
2023-04-04,SPY,etf,US Equity,SPY_RETURN,2014068.7230534768,0.0,-1618.8506485819921,2012449.8724048948,2012449.8724048948,0.0,0.0,0.0,4,False
2023-04-04,QQQ,etf,US Equity,QQQ_RETURN,1007034.3615267384,0.0,9667.126563903805,1016701.4880906421,1016701.4880906421,0.0,0.0,0.0,4,False
2023-04-04,EFA,etf,International Equity,EFA_RETURN,1007034.3615267384,0.0,9730.184097870848,1016764.5456246092,1016764.5456246092,0.0,0.0,0.0,4,False
2023-04-04,GLD,etf,Commodity,GLD_RETURN,503517.1807633692,0.0,848.8310352319653,504366.01179860113,504366.01179860113,0.0,0.0,0.0,4,False
2023-04-04,US5Y,bond,Rates,DGS5_CHANGE,1510551.5422901073,0.0,-3124.825899087512,1507426.7163910198,1507426.7163910198,0.0,4.5,22.0,4,False
2023-04-04,US10Y,bond,Rates,DGS10_CHANGE,1510551.5422901073,0.0,-6953.535476109815,1503598.0068139976,1503598.0068139976,0.0,8.0,70.0,4,False
2023-04-04,USD_CASH,cash,Cash,CASH_RETURN,2517585.9038168457,0.0,0.0,2522699.480464786,2522699.480464786,0.0,0.0,0.0,4,False
2023-04-04,EURUSD_OVERLAY,fx_forward,FX,EURUSD_RETURN,0.0,755275.7711450537,5113.576647940098,0.0,0.0,755275.7711450537,0.0,0.0,4,False
2023-04-05,SPY,etf,US Equity,SPY_RETURN,2012449.8724048948,0.0,13572.994080901719,2026022.8664857964,2026022.8664857964,0.0,0.0,0.0,4,False
2023-04-05,QQQ,etf,US Equity,QQQ_RETURN,1016701.4880906421,0.0,-2357.040027680785,1014344.4480629613,1014344.4480629613,0.0,0.0,0.0,4,False
2023-04-05,EFA,etf,International Equity,EFA_RETURN,1016764.5456246092,0.0,-1313.9165205329095,1015450.6291040763,1015450.6291040763,0.0,0.0,0.0,4,False
2023-04-05,GLD,etf,Commodity,GLD_RETURN,504366.01179860113,0.0,-4780.47704823918,499585.5347503619,499585.5347503619,0.0,0.0,0.0,4,False
2023-04-05,US5Y,bond,Rates,DGS5_CHANGE,1507426.7163910198,0.0,-1378.2035428922006,1506048.5128481276,1506048.5128481276,0.0,4.5,22.0,4,False
2023-04-05,US10Y,bond,Rates,DGS10_CHANGE,1503598.0068139976,0.0,-3339.5465127447137,1500258.460301253,1500258.460301253,0.0,8.0,70.0,4,False
2023-04-05,USD_CASH,cash,Cash,CASH_RETURN,2522699.480464786,0.0,0.0,2523448.1833027024,2523448.1833027024,0.0,0.0,0.0,4,False
2023-04-05,EURUSD_OVERLAY,fx_forward,FX,EURUSD_RETURN,0.0,755275.7711450537,748.702837916734,0.0,0.0,755275.7711450537,0.0,0.0,4,False
2023-04-06,SPY,etf,US Equity,SPY_RETURN,2026022.8664857964,0.0,18740.80790323166,2044763.674389028,2044763.674389028,0.0,0.0,0.0,4,False
2023-04-06,QQQ,etf,US Equity,QQQ_RETURN,1014344.4480629613,0.0,20199.211053179286,1034543.6591161406,1034543.6591161406,0.0,0.0,0.0,4,False
2023-04-06,EFA,etf,International Equity,EFA_RETURN,1015450.6291040763,0.0,14548.197228011264,1029998.8263320875,1029998.8263320875,0.0,0.0,0.0,4,False
2023-04-06,GLD,etf,Commodity,GLD_RETURN,499585.5347503619,0.0,-2251.057395925574,497334.47735443636,497334.47735443636,0.0,0.0,0.0,4,False
2023-04-06,US5Y,bond,Rates,DGS5_CHANGE,1506048.5128481276,0.0,1007.9401700859976,1507056.4530182136,1507056.4530182136,0.0,4.5,22.0,4,False
2023-04-06,US10Y,bond,Rates,DGS10_CHANGE,1500258.460301253,0.0,3380.9057767010295,1503639.366077954,1503639.366077954,0.0,8.0,70.0,4,False
2023-04-06,USD_CASH,cash,Cash,CASH_RETURN,2523448.1833027024,0.0,0.0,2524429.087275897,2524429.087275897,0.0,0.0,0.0,4,False
2023-04-06,EURUSD_OVERLAY,fx_forward,FX,EURUSD_RETURN,0.0,755275.7711450537,980.9039731945494,0.0,0.0,755275.7711450537,0.0,0.0,4,False
2023-04-07,SPY,etf,US Equity,SPY_RETURN,2044763.674389028,0.0,-28370.164614614518,2016393.5097744134,2016393.5097744134,0.0,0.0,0.0,4,False
2023-04-07,QQQ,etf,US Equity,QQQ_RETURN,1034543.6591161406,0.0,-24458.05697692672,1010085.6021392138,1010085.6021392138,0.0,0.0,0.0,4,False
2023-04-07,EFA,etf,International Equity,EFA_RETURN,1029998.8263320875,0.0,-5034.717110445133,1024964.1092216424,1024964.1092216424,0.0,0.0,0.0,4,False
2023-04-07,GLD,etf,Commodity,GLD_RETURN,497334.47735443636,0.0,4829.725146926276,502164.20250136266,502164.20250136266,0.0,0.0,0.0,4,False
2023-04-07,US5Y,bond,Rates,DGS5_CHANGE,1507056.4530182136,0.0,-1667.7402427976517,1505388.712775416,1505388.712775416,0.0,4.5,22.0,4,False
2023-04-07,US10Y,bond,Rates,DGS10_CHANGE,1503639.366077954,0.0,1056.590332665315,1504695.9564106192,1504695.9564106192,0.0,8.0,70.0,4,False
2023-04-07,USD_CASH,cash,Cash,CASH_RETURN,2524429.087275897,0.0,0.0,2527003.5024776207,2527003.5024776207,0.0,0.0,0.0,4,False
2023-04-07,EURUSD_OVERLAY,fx_forward,FX,EURUSD_RETURN,0.0,755275.7711450537,2574.4152017236706,0.0,0.0,755275.7711450537,0.0,0.0,4,False
2023-04-10,SPY,etf,US Equity,SPY_RETURN,2016393.5097744134,0.0,-21823.10518631198,1994570.4045881014,1994570.4045881014,0.0,0.0,0.0,4,False
2023-04-10,QQQ,etf,US Equity,QQQ_RETURN,1010085.6021392138,0.0,-18657.486148072036,991428.1159911418,991428.1159911418,0.0,0.0,0.0,4,False
2023-04-10,EFA,etf,International Equity,EFA_RETURN,1024964.1092216424,0.0,-11924.925998496774,1013039.1832231455,1013039.1832231455,0.0,0.0,0.0,4,False
2023-04-10,GLD,etf,Commodity,GLD_RETURN,502164.20250136266,0.0,2950.2171726700067,505114.41967403266,505114.41967403266,0.0,0.0,0.0,4,False
2023-04-10,US5Y,bond,Rates,DGS5_CHANGE,1505388.712775416,0.0,-3111.103555629957,1502277.609219786,1502277.609219786,0.0,4.5,22.0,4,False
2023-04-10,US10Y,bond,Rates,DGS10_CHANGE,1504695.9564106192,0.0,997.3592198048916,1505693.315630424,1505693.315630424,0.0,8.0,70.0,4,False
2023-04-10,USD_CASH,cash,Cash,CASH_RETURN,2527003.5024776207,0.0,0.0,2531023.896821282,2531023.896821282,0.0,0.0,0.0,4,False
2023-04-10,EURUSD_OVERLAY,fx_forward,FX,EURUSD_RETURN,0.0,755275.7711450537,4020.39434366127,0.0,0.0,755275.7711450537,0.0,0.0,4,False
2023-04-11,SPY,etf,US Equity,SPY_RETURN,1994570.4045881014,0.0,-43481.79852768858,1951088.606060413,1951088.606060413,0.0,0.0,0.0,4,False
2023-04-11,QQQ,etf,US Equity,QQQ_RETURN,991428.1159911418,0.0,-24600.949095827727,966827.166895314,966827.166895314,0.0,0.0,0.0,4,False
2023-04-11,EFA,etf,International Equity,EFA_RETURN,1013039.1832231455,0.0,-10191.788825404776,1002847.3943977407,1002847.3943977407,0.0,0.0,0.0,4,False
2023-04-11,GLD,etf,Commodity,GLD_RETURN,505114.41967403266,0.0,-1728.9638557984233,503385.45581823424,503385.45581823424,0.0,0.0,0.0,4,False
2023-04-11,US5Y,bond,Rates,DGS5_CHANGE,1502277.609219786,0.0,-4002.2933033764652,1498275.3159164095,1498275.3159164095,0.0,4.5,22.0,4,False
2023-04-11,US10Y,bond,Rates,DGS10_CHANGE,1505693.315630424,0.0,-5053.897203930649,1500639.4184264934,1500639.4184264934,0.0,8.0,70.0,4,False
2023-04-11,USD_CASH,cash,Cash,CASH_RETURN,2531023.896821282,0.0,0.0,2533904.8328675074,2533904.8328675074,0.0,0.0,0.0,4,False
2023-04-11,EURUSD_OVERLAY,fx_forward,FX,EURUSD_RETURN,0.0,755275.7711450537,2880.9360462252903,0.0,0.0,755275.7711450537,0.0,0.0,4,False
2023-04-12,SPY,etf,US Equity,SPY_RETURN,1951088.606060413,0.0,28374.96597247884,1979463.5720328917,1979463.5720328917,0.0,0.0,0.0,4,False
2023-04-12,QQQ,etf,US Equity,QQQ_RETURN,966827.166895314,0.0,6476.8677434552,973304.0346387692,973304.0346387692,0.0,0.0,0.0,4,False
2023-04-12,EFA,etf,International Equity,EFA_RETURN,1002847.3943977407,0.0,2912.9668969854883,1005760.3612947263,1005760.3612947263,0.0,0.0,0.0,4,False
2023-04-12,GLD,etf,Commodity,GLD_RETURN,503385.45581823424,0.0,-1853.1134930164947,501532.34232521773,501532.34232521773,0.0,0.0,0.0,4,False
2023-04-12,US5Y,bond,Rates,DGS5_CHANGE,1498275.3159164095,0.0,-272.4640540087021,1498002.8518624008,1498002.8518624008,0.0,4.5,22.0,4,False
2023-04-12,US10Y,bond,Rates,DGS10_CHANGE,1500639.4184264934,0.0,731.0839135090312,1501370.5023400025,1501370.5023400025,0.0,8.0,70.0,4,False
2023-04-12,USD_CASH,cash,Cash,CASH_RETURN,2533904.8328675074,0.0,0.0,2542146.3183934004,2542146.3183934004,0.0,0.0,0.0,4,False
2023-04-12,EURUSD_OVERLAY,fx_forward,FX,EURUSD_RETURN,0.0,755275.7711450537,8241.48552589327,0.0,0.0,755275.7711450537,0.0,0.0,4,False
2023-04-13,SPY,etf,US Equity,SPY_RETURN,1979463.5720328917,0.0,1245.6780526202876,1980709.250085512,1980709.250085512,0.0,0.0,0.0,4,False
2023-04-13,QQQ,etf,US Equity,QQQ_RETURN,973304.0346387692,0.0,15471.384759408887,988775.4193981781,988775.4193981781,0.0,0.0,0.0,4,False
2023-04-13,EFA,etf,International Equity,EFA_RETURN,1005760.3612947263,0.0,3128.3271851857844,1008888.688479912,1008888.688479912,0.0,0.0,0.0,4,False
2023-04-13,GLD,etf,Commodity,GLD_RETURN,501532.34232521773,0.0,-6794.192749105567,494738.14957611216,494738.14957611216,0.0,0.0,0.0,4,False
2023-04-13,US5Y,bond,Rates,DGS5_CHANGE,1498002.8518624008,0.0,374.8981445048379,1498377.7500069055,1498377.7500069055,0.0,4.5,22.0,4,False
2023-04-13,US10Y,bond,Rates,DGS10_CHANGE,1501370.5023400025,0.0,-6951.624366514916,1494418.8779734876,1494418.8779734876,0.0,8.0,70.0,4,False
2023-04-13,USD_CASH,cash,Cash,CASH_RETURN,2542146.3183934004,0.0,0.0,2542380.4908960033,2542380.4908960033,0.0,0.0,0.0,4,False
2023-04-13,EURUSD_OVERLAY,fx_forward,FX,EURUSD_RETURN,0.0,755275.7711450537,234.17250260294972,0.0,0.0,755275.7711450537,0.0,0.0,4,False
2023-04-14,SPY,etf,US Equity,SPY_RETURN,1980709.250085512,0.0,-2331.1722656929796,1978378.0778198189,1978378.0778198189,0.0,0.0,0.0,4,False
2023-04-14,QQQ,etf,US Equity,QQQ_RETURN,988775.4193981781,0.0,3392.229196915716,992167.6485950939,992167.6485950939,0.0,0.0,0.0,4,False
2023-04-14,EFA,etf,International Equity,EFA_RETURN,1008888.688479912,0.0,-5325.999511549981,1003562.688968362,1003562.688968362,0.0,0.0,0.0,4,False
2023-04-14,GLD,etf,Commodity,GLD_RETURN,494738.14957611216,0.0,-5339.116610685343,489399.0329654268,489399.0329654268,0.0,0.0,0.0,4,False
2023-04-14,US5Y,bond,Rates,DGS5_CHANGE,1498377.7500069055,0.0,-1826.6950625295271,1496551.054944376,1496551.054944376,0.0,4.5,22.0,4,False
2023-04-14,US10Y,bond,Rates,DGS10_CHANGE,1494418.8779734876,0.0,-663.1399550942944,1493755.7380183933,1493755.7380183933,0.0,8.0,70.0,4,False
2023-04-14,USD_CASH,cash,Cash,CASH_RETURN,2542380.4908960033,0.0,0.0,2543171.771633733,2543171.771633733,0.0,0.0,0.0,4,False
2023-04-14,EURUSD_OVERLAY,fx_forward,FX,EURUSD_RETURN,0.0,755275.7711450537,791.2807377295411,0.0,0.0,755275.7711450537,0.0,0.0,4,False
2023-04-17,SPY,etf,US Equity,SPY_RETURN,1978378.0778198189,0.0,32623.53220167317,2011001.610021492,2011001.610021492,0.0,0.0,0.0,4,False
2023-04-17,QQQ,etf,US Equity,QQQ_RETURN,992167.6485950939,0.0,5997.079852759777,998164.7284478536,998164.7284478536,0.0,0.0,0.0,4,False
2023-04-17,EFA,etf,International Equity,EFA_RETURN,1003562.688968362,0.0,15059.965594151236,1018622.6545625133,1018622.6545625133,0.0,0.0,0.0,4,False
2023-04-17,GLD,etf,Commodity,GLD_RETURN,489399.0329654268,0.0,-606.6747808880044,488792.3581845388,488792.3581845388,0.0,0.0,0.0,4,False
2023-04-17,US5Y,bond,Rates,DGS5_CHANGE,1496551.054944376,0.0,1840.6964960196615,1498391.7514403956,1498391.7514403956,0.0,4.5,22.0,4,False
2023-04-17,US10Y,bond,Rates,DGS10_CHANGE,1493755.7380183933,0.0,6349.634966879558,1500105.372985273,1500105.372985273,0.0,8.0,70.0,4,False
2023-04-17,USD_CASH,cash,Cash,CASH_RETURN,2543171.771633733,0.0,0.0,2545897.4638060103,2545897.4638060103,0.0,0.0,0.0,4,False
2023-04-17,EURUSD_OVERLAY,fx_forward,FX,EURUSD_RETURN,0.0,755275.7711450537,2725.692172277302,0.0,0.0,755275.7711450537,0.0,0.0,4,False
2023-04-18,SPY,etf,US Equity,SPY_RETURN,2011001.610021492,0.0,12150.117202737927,2023151.7272242298,2023151.7272242298,0.0,0.0,0.0,4,False
2023-04-18,QQQ,etf,US Equity,QQQ_RETURN,998164.7284478536,0.0,7432.796535209613,1005597.5249830632,1005597.5249830632,0.0,0.0,0.0,4,False
2023-04-18,EFA,etf,International Equity,EFA_RETURN,1018622.6545625133,0.0,10192.321046463,1028814.9756089763,1028814.9756089763,0.0,0.0,0.0,4,False
2023-04-18,GLD,etf,Commodity,GLD_RETURN,488792.3581845388,0.0,2559.3413239419037,491351.69950848067,491351.69950848067,0.0,0.0,0.0,4,False
2023-04-18,US5Y,bond,Rates,DGS5_CHANGE,1498391.7514403956,0.0,-895.4249428377584,1497496.3264975578,1497496.3264975578,0.0,4.5,22.0,4,False
2023-04-18,US10Y,bond,Rates,DGS10_CHANGE,1500105.372985273,0.0,-7238.721111612599,1492866.6518736603,1492866.6518736603,0.0,8.0,70.0,4,False
2023-04-18,USD_CASH,cash,Cash,CASH_RETURN,2545897.4638060103,0.0,0.0,2548349.1732706963,2548349.1732706963,0.0,0.0,0.0,4,False
2023-04-18,EURUSD_OVERLAY,fx_forward,FX,EURUSD_RETURN,0.0,755275.7711450537,2451.7094646862056,0.0,0.0,755275.7711450537,0.0,0.0,4,False
2023-04-19,SPY,etf,US Equity,SPY_RETURN,2023151.7272242298,0.0,46503.87621449711,2069655.6034387269,2069655.6034387269,0.0,0.0,0.0,4,False
2023-04-19,QQQ,etf,US Equity,QQQ_RETURN,1005597.5249830632,0.0,26021.86700614181,1031619.391989205,1031619.391989205,0.0,0.0,0.0,4,False
2023-04-19,EFA,etf,International Equity,EFA_RETURN,1028814.9756089763,0.0,12845.96422940721,1041660.9398383836,1041660.9398383836,0.0,0.0,0.0,4,False
2023-04-19,GLD,etf,Commodity,GLD_RETURN,491351.69950848067,0.0,4862.99434879549,496214.6938572762,496214.6938572762,0.0,0.0,0.0,4,False
2023-04-19,US5Y,bond,Rates,DGS5_CHANGE,1497496.3264975578,0.0,5414.54094598247,1502910.8674435404,1502910.8674435404,0.0,4.5,22.0,4,False
2023-04-19,US10Y,bond,Rates,DGS10_CHANGE,1492866.6518736603,0.0,14319.0841632788,1507185.736036939,1507185.736036939,0.0,8.0,70.0,4,False
2023-04-19,USD_CASH,cash,Cash,CASH_RETURN,2548349.1732706963,0.0,0.0,2548434.0025134054,2548434.0025134054,0.0,0.0,0.0,4,False
2023-04-19,EURUSD_OVERLAY,fx_forward,FX,EURUSD_RETURN,0.0,755275.7711450537,84.82924270915053,0.0,0.0,755275.7711450537,0.0,0.0,4,False
2023-04-20,SPY,etf,US Equity,SPY_RETURN,2069655.6034387269,0.0,18021.537545974417,2087677.1409847012,2087677.1409847012,0.0,0.0,0.0,4,False
2023-04-20,QQQ,etf,US Equity,QQQ_RETURN,1031619.391989205,0.0,10870.331775290308,1042489.7237644953,1042489.7237644953,0.0,0.0,0.0,4,False
2023-04-20,EFA,etf,International Equity,EFA_RETURN,1041660.9398383836,0.0,-10875.221575445225,1030785.7182629383,1030785.7182629383,0.0,0.0,0.0,4,False
2023-04-20,GLD,etf,Commodity,GLD_RETURN,496214.6938572762,0.0,-7307.449792543357,488907.2440647328,488907.2440647328,0.0,0.0,0.0,4,False
2023-04-20,US5Y,bond,Rates,DGS5_CHANGE,1502910.8674435404,0.0,1789.0993958184597,1504699.966839359,1504699.966839359,0.0,4.5,22.0,4,False
2023-04-20,US10Y,bond,Rates,DGS10_CHANGE,1507185.736036939,0.0,8409.41222590611,1515595.1482628451,1515595.1482628451,0.0,8.0,70.0,4,False
2023-04-20,USD_CASH,cash,Cash,CASH_RETURN,2548434.0025134054,0.0,0.0,2541598.213574223,2541598.213574223,0.0,0.0,0.0,4,False
2023-04-20,EURUSD_OVERLAY,fx_forward,FX,EURUSD_RETURN,0.0,755275.7711450537,-6835.7889391822255,0.0,0.0,755275.7711450537,0.0,0.0,4,False
2023-04-21,SPY,etf,US Equity,SPY_RETURN,2087677.1409847012,0.0,-15331.748457454056,2072345.392527247,2072345.392527247,0.0,0.0,0.0,4,False
2023-04-21,QQQ,etf,US Equity,QQQ_RETURN,1042489.7237644953,0.0,-11849.946293791372,1030639.7774707039,1030639.7774707039,0.0,0.0,0.0,4,False
2023-04-21,EFA,etf,International Equity,EFA_RETURN,1030785.7182629383,0.0,-3832.4400463430984,1026953.2782165952,1026953.2782165952,0.0,0.0,0.0,4,False
2023-04-21,GLD,etf,Commodity,GLD_RETURN,488907.2440647328,0.0,538.8942497667578,489446.1383144996,489446.1383144996,0.0,0.0,0.0,4,False
2023-04-21,US5Y,bond,Rates,DGS5_CHANGE,1504699.966839359,0.0,-3066.786152961059,1501633.180686398,1501633.180686398,0.0,4.5,22.0,4,False
2023-04-21,US10Y,bond,Rates,DGS10_CHANGE,1515595.1482628451,0.0,-3176.127106923375,1512419.0211559217,1512419.0211559217,0.0,8.0,70.0,4,False
2023-04-21,USD_CASH,cash,Cash,CASH_RETURN,2541598.213574223,0.0,0.0,2538650.818831975,2538650.818831975,0.0,0.0,0.0,4,False
2023-04-21,EURUSD_OVERLAY,fx_forward,FX,EURUSD_RETURN,0.0,755275.7711450537,-2947.3947422481137,0.0,0.0,755275.7711450537,0.0,0.0,4,False
2023-04-24,SPY,etf,US Equity,SPY_RETURN,2072345.392527247,0.0,-38102.22119214223,2034243.1713351049,2034243.1713351049,0.0,0.0,0.0,4,False
2023-04-24,QQQ,etf,US Equity,QQQ_RETURN,1030639.7774707039,0.0,-16940.16431729394,1013699.61315341,1013699.61315341,0.0,0.0,0.0,4,False
2023-04-24,EFA,etf,International Equity,EFA_RETURN,1026953.2782165952,0.0,-11051.830930953,1015901.4472856421,1015901.4472856421,0.0,0.0,0.0,4,False
2023-04-24,GLD,etf,Commodity,GLD_RETURN,489446.1383144996,0.0,4219.772401679486,493665.91071617906,493665.91071617906,0.0,0.0,0.0,4,False
2023-04-24,US5Y,bond,Rates,DGS5_CHANGE,1501633.180686398,0.0,224.29666582955872,1501857.4773522275,1501857.4773522275,0.0,4.5,22.0,4,False
2023-04-24,US10Y,bond,Rates,DGS10_CHANGE,1512419.0211559217,0.0,1844.1038277087057,1514263.1249836304,1514263.1249836304,0.0,8.0,70.0,4,False
2023-04-24,USD_CASH,cash,Cash,CASH_RETURN,2538650.818831975,0.0,0.0,2542959.253988885,2542959.253988885,0.0,0.0,0.0,4,False
2023-04-24,EURUSD_OVERLAY,fx_forward,FX,EURUSD_RETURN,0.0,755275.7711450537,4308.435156909762,0.0,0.0,755275.7711450537,0.0,0.0,4,False
2023-04-25,SPY,etf,US Equity,SPY_RETURN,2034243.1713351049,0.0,-2809.8178116102868,2031433.3535234947,2031433.3535234947,0.0,0.0,0.0,4,False
2023-04-25,QQQ,etf,US Equity,QQQ_RETURN,1013699.61315341,0.0,5811.206620028113,1019510.8197734382,1019510.8197734382,0.0,0.0,0.0,4,False
2023-04-25,EFA,etf,International Equity,EFA_RETURN,1015901.4472856421,0.0,-1529.1878308834969,1014372.2594547586,1014372.2594547586,0.0,0.0,0.0,4,False
2023-04-25,GLD,etf,Commodity,GLD_RETURN,493665.91071617906,0.0,2851.5643468036187,496517.4750629827,496517.4750629827,0.0,0.0,0.0,4,False
2023-04-25,US5Y,bond,Rates,DGS5_CHANGE,1501857.4773522275,0.0,8.301575580560566,1501865.7789278082,1501865.7789278082,0.0,4.5,22.0,4,False
2023-04-25,US10Y,bond,Rates,DGS10_CHANGE,1514263.1249836304,0.0,-1860.545336652524,1512402.5796469778,1512402.5796469778,0.0,8.0,70.0,4,False
2023-04-25,USD_CASH,cash,Cash,CASH_RETURN,2542959.253988885,0.0,0.0,2540028.1771090636,2540028.1771090636,0.0,0.0,0.0,4,False
2023-04-25,EURUSD_OVERLAY,fx_forward,FX,EURUSD_RETURN,0.0,755275.7711450537,-2931.076879821021,0.0,0.0,755275.7711450537,0.0,0.0,4,False
2023-04-26,SPY,etf,US Equity,SPY_RETURN,2031433.3535234947,0.0,-15856.35605752227,2015576.9974659723,2015576.9974659723,0.0,0.0,0.0,4,False
2023-04-26,QQQ,etf,US Equity,QQQ_RETURN,1019510.8197734382,0.0,-735.1409571986139,1018775.6788162396,1018775.6788162396,0.0,0.0,0.0,4,False
2023-04-26,EFA,etf,International Equity,EFA_RETURN,1014372.2594547586,0.0,-4979.3666469948,1009392.8928077638,1009392.8928077638,0.0,0.0,0.0,4,False
2023-04-26,GLD,etf,Commodity,GLD_RETURN,496517.4750629827,0.0,-5999.64863445535,490517.82642852736,490517.82642852736,0.0,0.0,0.0,4,False
2023-04-26,US5Y,bond,Rates,DGS5_CHANGE,1501865.7789278082,0.0,-2142.1718836935197,1499723.6070441147,1499723.6070441147,0.0,4.5,22.0,4,False
2023-04-26,US10Y,bond,Rates,DGS10_CHANGE,1512402.5796469778,0.0,-5426.495308421309,1506976.0843385565,1506976.0843385565,0.0,8.0,70.0,4,False
2023-04-26,USD_CASH,cash,Cash,CASH_RETURN,2540028.1771090636,0.0,0.0,2542460.083974636,2542460.083974636,0.0,0.0,0.0,4,False
2023-04-26,EURUSD_OVERLAY,fx_forward,FX,EURUSD_RETURN,0.0,755275.7711450537,2431.9068655723618,0.0,0.0,755275.7711450537,0.0,0.0,4,False
2023-04-27,SPY,etf,US Equity,SPY_RETURN,2015576.9974659723,0.0,-838.7135694053147,2014738.283896567,2014738.283896567,0.0,0.0,0.0,4,False
2023-04-27,QQQ,etf,US Equity,QQQ_RETURN,1018775.6788162396,0.0,-12353.939111677679,1006421.7397045619,1006421.7397045619,0.0,0.0,0.0,4,False
2023-04-27,EFA,etf,International Equity,EFA_RETURN,1009392.8928077638,0.0,-12094.543045419894,997298.3497623439,997298.3497623439,0.0,0.0,0.0,4,False
2023-04-27,GLD,etf,Commodity,GLD_RETURN,490517.82642852736,0.0,-1839.639913718093,488678.18651480926,488678.18651480926,0.0,0.0,0.0,4,False
2023-04-27,US5Y,bond,Rates,DGS5_CHANGE,1499723.6070441147,0.0,-740.8769498611643,1498982.7300942536,1498982.7300942536,0.0,4.5,22.0,4,False
2023-04-27,US10Y,bond,Rates,DGS10_CHANGE,1506976.0843385565,0.0,-5789.039107312395,1501187.045231244,1501187.045231244,0.0,8.0,70.0,4,False
2023-04-27,USD_CASH,cash,Cash,CASH_RETURN,2542460.083974636,0.0,0.0,2536474.945651851,2536474.945651851,0.0,0.0,0.0,4,False
2023-04-27,EURUSD_OVERLAY,fx_forward,FX,EURUSD_RETURN,0.0,755275.7711450537,-5985.138322785096,0.0,0.0,755275.7711450537,0.0,0.0,4,False
2023-04-28,SPY,etf,US Equity,SPY_RETURN,2014738.283896567,0.0,-31383.235277182033,1983355.048619385,1983355.048619385,0.0,0.0,0.0,4,False
2023-04-28,QQQ,etf,US Equity,QQQ_RETURN,1006421.7397045619,0.0,-30111.839977711017,976309.8997268509,976309.8997268509,0.0,0.0,0.0,4,False
2023-04-28,EFA,etf,International Equity,EFA_RETURN,997298.3497623439,0.0,-7380.560129469921,989917.789632874,989917.789632874,0.0,0.0,0.0,4,False
2023-04-28,GLD,etf,Commodity,GLD_RETURN,488678.18651480926,0.0,3923.753743463402,492601.9402582727,492601.9402582727,0.0,0.0,0.0,4,False
2023-04-28,US5Y,bond,Rates,DGS5_CHANGE,1498982.7300942536,0.0,1846.9111964798008,1500829.6412907334,1500829.6412907334,0.0,4.5,22.0,4,False
2023-04-28,US10Y,bond,Rates,DGS10_CHANGE,1501187.045231244,0.0,5241.524108736113,1506428.5693399801,1506428.5693399801,0.0,8.0,70.0,4,False
2023-04-28,USD_CASH,cash,Cash,CASH_RETURN,2536474.945651851,0.0,0.0,2535876.5653902725,2535876.5653902725,0.0,0.0,0.0,4,False
2023-04-28,EURUSD_OVERLAY,fx_forward,FX,EURUSD_RETURN,0.0,755275.7711450537,-598.3802615787704,0.0,0.0,755275.7711450537,0.0,0.0,4,False
2023-05-01,SPY,etf,US Equity,SPY_RETURN,1983355.048619385,0.0,-3836.0845373697844,1979518.9640820152,1999911.2122114245,0.0,0.0,0.0,5,True
2023-05-01,QQQ,etf,US Equity,QQQ_RETURN,976309.8997268509,0.0,9478.022319866554,985787.9220467175,999955.6061057122,0.0,0.0,0.0,5,True
2023-05-01,EFA,etf,International Equity,EFA_RETURN,989917.789632874,0.0,16288.428398530323,1006206.2180314043,999955.6061057122,0.0,0.0,0.0,5,True
2023-05-01,GLD,etf,Commodity,GLD_RETURN,492601.9402582727,0.0,2198.443737861748,494800.38399613445,499977.8030528561,0.0,0.0,0.0,5,True
2023-05-01,US5Y,bond,Rates,DGS5_CHANGE,1500829.6412907334,0.0,-3965.8850517893975,1496863.756238944,1499933.4091585684,0.0,4.5,22.0,5,True
2023-05-01,US10Y,bond,Rates,DGS10_CHANGE,1506428.5693399801,0.0,-6403.576105097179,1500024.993234883,1499933.4091585684,0.0,8.0,70.0,5,True
2023-05-01,USD_CASH,cash,Cash,CASH_RETURN,2535876.5653902725,0.0,0.0,2536353.8234270234,2499889.0152642806,0.0,0.0,0.0,5,True
2023-05-01,EURUSD_OVERLAY,fx_forward,FX,EURUSD_RETURN,0.0,755275.7711450537,477.2580367507164,0.0,0.0,749966.7045792842,0.0,0.0,5,True
2023-05-02,SPY,etf,US Equity,SPY_RETURN,1999911.2122114245,0.0,-11167.196656627248,1988744.0155547971,1988744.0155547971,0.0,0.0,0.0,5,False
2023-05-02,QQQ,etf,US Equity,QQQ_RETURN,999955.6061057122,0.0,1814.9979978774606,1001770.6041035897,1001770.6041035897,0.0,0.0,0.0,5,False
2023-05-02,EFA,etf,International Equity,EFA_RETURN,999955.6061057122,0.0,-5035.61456990459,994919.9915358076,994919.9915358076,0.0,0.0,0.0,5,False
2023-05-02,GLD,etf,Commodity,GLD_RETURN,499977.8030528561,0.0,-6545.707179568213,493432.0958732879,493432.0958732879,0.0,0.0,0.0,5,False
2023-05-02,US5Y,bond,Rates,DGS5_CHANGE,1499933.4091585684,0.0,1625.0749865001735,1501558.4841450686,1501558.4841450686,0.0,4.5,22.0,5,False
2023-05-02,US10Y,bond,Rates,DGS10_CHANGE,1499933.4091585684,0.0,5600.049065682654,1505533.458224251,1505533.458224251,0.0,8.0,70.0,5,False
2023-05-02,USD_CASH,cash,Cash,CASH_RETURN,2499889.0152642806,0.0,0.0,2495063.8657279243,2495063.8657279243,0.0,0.0,0.0,5,False
2023-05-02,EURUSD_OVERLAY,fx_forward,FX,EURUSD_RETURN,0.0,749966.7045792842,-4825.149536356323,0.0,0.0,749966.7045792842,0.0,0.0,5,False
2023-05-03,SPY,etf,US Equity,SPY_RETURN,1988744.0155547971,0.0,-5083.014044436962,1983661.0015103603,1983661.0015103603,0.0,0.0,0.0,5,False
2023-05-03,QQQ,etf,US Equity,QQQ_RETURN,1001770.6041035897,0.0,-3106.3208981938224,998664.2832053958,998664.2832053958,0.0,0.0,0.0,5,False
2023-05-03,EFA,etf,International Equity,EFA_RETURN,994919.9915358076,0.0,-5380.690975249879,989539.3005605577,989539.3005605577,0.0,0.0,0.0,5,False
2023-05-03,GLD,etf,Commodity,GLD_RETURN,493432.0958732879,0.0,-7216.030741365557,486216.0651319223,486216.0651319223,0.0,0.0,0.0,5,False
2023-05-03,US5Y,bond,Rates,DGS5_CHANGE,1501558.4841450686,0.0,-4769.186436609197,1496789.2977084594,1496789.2977084594,0.0,4.5,22.0,5,False
2023-05-03,US10Y,bond,Rates,DGS10_CHANGE,1505533.458224251,0.0,-8292.865908321697,1497240.5923159292,1497240.5923159292,0.0,8.0,70.0,5,False
2023-05-03,USD_CASH,cash,Cash,CASH_RETURN,2495063.8657279243,0.0,0.0,2495226.8563843914,2495226.8563843914,0.0,0.0,0.0,5,False
2023-05-03,EURUSD_OVERLAY,fx_forward,FX,EURUSD_RETURN,0.0,749966.7045792842,162.99065646728775,0.0,0.0,749966.7045792842,0.0,0.0,5,False
2023-05-04,SPY,etf,US Equity,SPY_RETURN,1983661.0015103603,0.0,-11317.714894028602,1972343.2866163317,1972343.2866163317,0.0,0.0,0.0,5,False
2023-05-04,QQQ,etf,US Equity,QQQ_RETURN,998664.2832053958,0.0,-7093.968292267031,991570.3149131287,991570.3149131287,0.0,0.0,0.0,5,False
2023-05-04,EFA,etf,International Equity,EFA_RETURN,989539.3005605577,0.0,-5899.821096347513,983639.4794642102,983639.4794642102,0.0,0.0,0.0,5,False
2023-05-04,GLD,etf,Commodity,GLD_RETURN,486216.0651319223,0.0,-4762.939950989625,481453.1251809327,481453.1251809327,0.0,0.0,0.0,5,False
2023-05-04,US5Y,bond,Rates,DGS5_CHANGE,1496789.2977084594,0.0,-711.1687780444547,1496078.128930415,1496078.128930415,0.0,4.5,22.0,5,False
2023-05-04,US10Y,bond,Rates,DGS10_CHANGE,1497240.5923159292,0.0,513.3423333195551,1497753.9346492488,1497753.9346492488,0.0,8.0,70.0,5,False
2023-05-04,USD_CASH,cash,Cash,CASH_RETURN,2495226.8563843914,0.0,0.0,2497572.137824486,2497572.137824486,0.0,0.0,0.0,5,False
2023-05-04,EURUSD_OVERLAY,fx_forward,FX,EURUSD_RETURN,0.0,749966.7045792842,2345.2814400946954,0.0,0.0,749966.7045792842,0.0,0.0,5,False
2023-05-05,SPY,etf,US Equity,SPY_RETURN,1972343.2866163317,0.0,-17257.198276525094,1955086.0883398065,1955086.0883398065,0.0,0.0,0.0,5,False
2023-05-05,QQQ,etf,US Equity,QQQ_RETURN,991570.3149131287,0.0,-11991.635499422287,979578.6794137064,979578.6794137064,0.0,0.0,0.0,5,False
2023-05-05,EFA,etf,International Equity,EFA_RETURN,983639.4794642102,0.0,974.5218228752352,984614.0012870855,984614.0012870855,0.0,0.0,0.0,5,False
2023-05-05,GLD,etf,Commodity,GLD_RETURN,481453.1251809327,0.0,-585.1535274467788,480867.9716534859,480867.9716534859,0.0,0.0,0.0,5,False
2023-05-05,US5Y,bond,Rates,DGS5_CHANGE,1496078.128930415,0.0,1847.9870024796655,1497926.1159328946,1497926.1159328946,0.0,4.5,22.0,5,False
2023-05-05,US10Y,bond,Rates,DGS10_CHANGE,1497753.9346492488,0.0,4427.607186248642,1502181.5418354976,1502181.5418354976,0.0,8.0,70.0,5,False
2023-05-05,USD_CASH,cash,Cash,CASH_RETURN,2497572.137824486,0.0,0.0,2499009.760295968,2499009.760295968,0.0,0.0,0.0,5,False
2023-05-05,EURUSD_OVERLAY,fx_forward,FX,EURUSD_RETURN,0.0,749966.7045792842,1437.6224714818575,0.0,0.0,749966.7045792842,0.0,0.0,5,False
2023-05-08,SPY,etf,US Equity,SPY_RETURN,1955086.0883398065,0.0,3052.841730920404,1958138.930070727,1958138.930070727,0.0,0.0,0.0,5,False
2023-05-08,QQQ,etf,US Equity,QQQ_RETURN,979578.6794137064,0.0,4243.528597636941,983822.2080113434,983822.2080113434,0.0,0.0,0.0,5,False
2023-05-08,EFA,etf,International Equity,EFA_RETURN,984614.0012870855,0.0,1487.497540703569,986101.4988277891,986101.4988277891,0.0,0.0,0.0,5,False
2023-05-08,GLD,etf,Commodity,GLD_RETURN,480867.9716534859,0.0,4254.736224052908,485122.7078775388,485122.7078775388,0.0,0.0,0.0,5,False
2023-05-08,US5Y,bond,Rates,DGS5_CHANGE,1497926.1159328946,0.0,-2572.5889119305098,1495353.527020964,1495353.527020964,0.0,4.5,22.0,5,False
2023-05-08,US10Y,bond,Rates,DGS10_CHANGE,1502181.5418354976,0.0,-2464.5961628040836,1499716.9456726934,1499716.9456726934,0.0,8.0,70.0,5,False
2023-05-08,USD_CASH,cash,Cash,CASH_RETURN,2499009.760295968,0.0,0.0,2498719.1055170842,2498719.1055170842,0.0,0.0,0.0,5,False
2023-05-08,EURUSD_OVERLAY,fx_forward,FX,EURUSD_RETURN,0.0,749966.7045792842,-290.65477888356895,0.0,0.0,749966.7045792842,0.0,0.0,5,False
2023-05-09,SPY,etf,US Equity,SPY_RETURN,1958138.930070727,0.0,-19042.234942657073,1939096.6951280697,1939096.6951280697,0.0,0.0,0.0,5,False
2023-05-09,QQQ,etf,US Equity,QQQ_RETURN,983822.2080113434,0.0,-5552.9487289864555,978269.259282357,978269.259282357,0.0,0.0,0.0,5,False
2023-05-09,EFA,etf,International Equity,EFA_RETURN,986101.4988277891,0.0,-12785.86195664671,973315.6368711424,973315.6368711424,0.0,0.0,0.0,5,False
2023-05-09,GLD,etf,Commodity,GLD_RETURN,485122.7078775388,0.0,6222.23832299233,491344.94620053115,491344.94620053115,0.0,0.0,0.0,5,False
2023-05-09,US5Y,bond,Rates,DGS5_CHANGE,1495353.527020964,0.0,-2960.55557312728,1492392.9714478368,1492392.9714478368,0.0,4.5,22.0,5,False
2023-05-09,US10Y,bond,Rates,DGS10_CHANGE,1499716.9456726934,0.0,1862.2284396391885,1501579.1741123325,1501579.1741123325,0.0,8.0,70.0,5,False
2023-05-09,USD_CASH,cash,Cash,CASH_RETURN,2498719.1055170842,0.0,0.0,2498687.9912038096,2498687.9912038096,0.0,0.0,0.0,5,False
2023-05-09,EURUSD_OVERLAY,fx_forward,FX,EURUSD_RETURN,0.0,749966.7045792842,-31.11431327473137,0.0,0.0,749966.7045792842,0.0,0.0,5,False
2023-05-10,SPY,etf,US Equity,SPY_RETURN,1939096.6951280697,0.0,-9736.29297763218,1929360.4021504375,1929360.4021504375,0.0,0.0,0.0,5,False
2023-05-10,QQQ,etf,US Equity,QQQ_RETURN,978269.259282357,0.0,-1793.221351142085,976476.0379312149,976476.0379312149,0.0,0.0,0.0,5,False
2023-05-10,EFA,etf,International Equity,EFA_RETURN,973315.6368711424,0.0,3353.4576049965845,976669.094476139,976669.094476139,0.0,0.0,0.0,5,False
2023-05-10,GLD,etf,Commodity,GLD_RETURN,491344.94620053115,0.0,16276.562959327557,507621.5091598587,507621.5091598587,0.0,0.0,0.0,5,False
2023-05-10,US5Y,bond,Rates,DGS5_CHANGE,1492392.9714478368,0.0,-12057.387005446819,1480335.5844423901,1480335.5844423901,0.0,4.5,22.0,5,False
2023-05-10,US10Y,bond,Rates,DGS10_CHANGE,1501579.1741123325,0.0,-23228.879977293742,1478350.2941350387,1478350.2941350387,0.0,8.0,70.0,5,False
2023-05-10,USD_CASH,cash,Cash,CASH_RETURN,2498687.9912038096,0.0,0.0,2496476.5720807775,2496476.5720807775,0.0,0.0,0.0,5,False
2023-05-10,EURUSD_OVERLAY,fx_forward,FX,EURUSD_RETURN,0.0,749966.7045792842,-2211.4191230320785,0.0,0.0,749966.7045792842,0.0,0.0,5,False
2023-05-11,SPY,etf,US Equity,SPY_RETURN,1929360.4021504375,0.0,-6953.262436285155,1922407.1397141523,1922407.1397141523,0.0,0.0,0.0,5,False
2023-05-11,QQQ,etf,US Equity,QQQ_RETURN,976476.0379312149,0.0,10819.883598167757,987295.9215293827,987295.9215293827,0.0,0.0,0.0,5,False
2023-05-11,EFA,etf,International Equity,EFA_RETURN,976669.094476139,0.0,12963.714905227042,989632.8093813661,989632.8093813661,0.0,0.0,0.0,5,False
2023-05-11,GLD,etf,Commodity,GLD_RETURN,507621.5091598587,0.0,478.58667239105677,508100.09583224973,508100.09583224973,0.0,0.0,0.0,5,False
2023-05-11,US5Y,bond,Rates,DGS5_CHANGE,1480335.5844423901,0.0,4008.1364896923624,1484343.7209320825,1484343.7209320825,0.0,4.5,22.0,5,False
2023-05-11,US10Y,bond,Rates,DGS10_CHANGE,1478350.2941350387,0.0,2149.279853825856,1480499.5739888647,1480499.5739888647,0.0,8.0,70.0,5,False
2023-05-11,USD_CASH,cash,Cash,CASH_RETURN,2496476.5720807775,0.0,0.0,2494869.7740469812,2494869.7740469812,0.0,0.0,0.0,5,False
2023-05-11,EURUSD_OVERLAY,fx_forward,FX,EURUSD_RETURN,0.0,749966.7045792842,-1606.798033796324,0.0,0.0,749966.7045792842,0.0,0.0,5,False
2023-05-12,SPY,etf,US Equity,SPY_RETURN,1922407.1397141523,0.0,13634.527609474857,1936041.6673236273,1936041.6673236273,0.0,0.0,0.0,5,False
2023-05-12,QQQ,etf,US Equity,QQQ_RETURN,987295.9215293827,0.0,-2772.6652449076855,984523.256284475,984523.256284475,0.0,0.0,0.0,5,False
2023-05-12,EFA,etf,International Equity,EFA_RETURN,989632.8093813661,0.0,-3229.5356044694286,986403.2737768966,986403.2737768966,0.0,0.0,0.0,5,False
2023-05-12,GLD,etf,Commodity,GLD_RETURN,508100.09583224973,0.0,-7135.3465609440545,500964.7492713057,500964.7492713057,0.0,0.0,0.0,5,False
2023-05-12,US5Y,bond,Rates,DGS5_CHANGE,1484343.7209320825,0.0,2870.980726353968,1487214.7016584366,1487214.7016584366,0.0,4.5,22.0,5,False
2023-05-12,US10Y,bond,Rates,DGS10_CHANGE,1480499.5739888647,0.0,8621.986462795916,1489121.5604516605,1489121.5604516605,0.0,8.0,70.0,5,False
2023-05-12,USD_CASH,cash,Cash,CASH_RETURN,2494869.7740469812,0.0,0.0,2490953.7972859,2490953.7972859,0.0,0.0,0.0,5,False
2023-05-12,EURUSD_OVERLAY,fx_forward,FX,EURUSD_RETURN,0.0,749966.7045792842,-3915.9767610811655,0.0,0.0,749966.7045792842,0.0,0.0,5,False
2023-05-15,SPY,etf,US Equity,SPY_RETURN,1936041.6673236273,0.0,-11064.522778912571,1924977.1445447146,1924977.1445447146,0.0,0.0,0.0,5,False
2023-05-15,QQQ,etf,US Equity,QQQ_RETURN,984523.256284475,0.0,-12193.781167403291,972329.4751170716,972329.4751170716,0.0,0.0,0.0,5,False
2023-05-15,EFA,etf,International Equity,EFA_RETURN,986403.2737768966,0.0,-4489.327035495108,981913.9467414016,981913.9467414016,0.0,0.0,0.0,5,False
2023-05-15,GLD,etf,Commodity,GLD_RETURN,500964.7492713057,0.0,-805.5615116933047,500159.1877596124,500159.1877596124,0.0,0.0,0.0,5,False
2023-05-15,US5Y,bond,Rates,DGS5_CHANGE,1487214.7016584366,0.0,-4088.6564742715404,1483126.045184165,1483126.045184165,0.0,4.5,22.0,5,False
2023-05-15,US10Y,bond,Rates,DGS10_CHANGE,1489121.5604516605,0.0,-11670.260165827383,1477451.3002858332,1477451.3002858332,0.0,8.0,70.0,5,False
2023-05-15,USD_CASH,cash,Cash,CASH_RETURN,2490953.7972859,0.0,0.0,2487750.4532209015,2487750.4532209015,0.0,0.0,0.0,5,False
2023-05-15,EURUSD_OVERLAY,fx_forward,FX,EURUSD_RETURN,0.0,749966.7045792842,-3203.3440649984486,0.0,0.0,749966.7045792842,0.0,0.0,5,False
2023-05-16,SPY,etf,US Equity,SPY_RETURN,1924977.1445447146,0.0,9223.520162409424,1934200.664707124,1934200.664707124,0.0,0.0,0.0,5,False
2023-05-16,QQQ,etf,US Equity,QQQ_RETURN,972329.4751170716,0.0,493.8915111896441,972823.3666282613,972823.3666282613,0.0,0.0,0.0,5,False
2023-05-16,EFA,etf,International Equity,EFA_RETURN,981913.9467414016,0.0,9638.214181767938,991552.1609231695,991552.1609231695,0.0,0.0,0.0,5,False
2023-05-16,GLD,etf,Commodity,GLD_RETURN,500159.1877596124,0.0,2732.1376716233467,502891.3254312357,502891.3254312357,0.0,0.0,0.0,5,False
2023-05-16,US5Y,bond,Rates,DGS5_CHANGE,1483126.045184165,0.0,197.92190265543175,1483323.9670868204,1483323.9670868204,0.0,4.5,22.0,5,False
2023-05-16,US10Y,bond,Rates,DGS10_CHANGE,1477451.3002858332,0.0,-616.4647681779142,1476834.8355176554,1476834.8355176554,0.0,8.0,70.0,5,False
2023-05-16,USD_CASH,cash,Cash,CASH_RETURN,2487750.4532209015,0.0,0.0,2491703.1146770506,2491703.1146770506,0.0,0.0,0.0,5,False
2023-05-16,EURUSD_OVERLAY,fx_forward,FX,EURUSD_RETURN,0.0,749966.7045792842,3952.6614561490637,0.0,0.0,749966.7045792842,0.0,0.0,5,False
2023-05-17,SPY,etf,US Equity,SPY_RETURN,1934200.664707124,0.0,-5228.516535861749,1928972.1481712623,1928972.1481712623,0.0,0.0,0.0,5,False
2023-05-17,QQQ,etf,US Equity,QQQ_RETURN,972823.3666282613,0.0,-2199.540956742899,970623.8256715183,970623.8256715183,0.0,0.0,0.0,5,False
2023-05-17,EFA,etf,International Equity,EFA_RETURN,991552.1609231695,0.0,6947.115115476391,998499.2760386459,998499.2760386459,0.0,0.0,0.0,5,False
2023-05-17,GLD,etf,Commodity,GLD_RETURN,502891.3254312357,0.0,1314.8586383913002,504206.184069627,504206.184069627,0.0,0.0,0.0,5,False
2023-05-17,US5Y,bond,Rates,DGS5_CHANGE,1483323.9670868204,0.0,1290.3155631443983,1484614.2826499648,1484614.2826499648,0.0,4.5,22.0,5,False
2023-05-17,US10Y,bond,Rates,DGS10_CHANGE,1476834.8355176554,0.0,7740.685297916579,1484575.520815572,1484575.520815572,0.0,8.0,70.0,5,False
2023-05-17,USD_CASH,cash,Cash,CASH_RETURN,2491703.1146770506,0.0,0.0,2498288.3154587136,2498288.3154587136,0.0,0.0,0.0,5,False
2023-05-17,EURUSD_OVERLAY,fx_forward,FX,EURUSD_RETURN,0.0,749966.7045792842,6585.200781663028,0.0,0.0,749966.7045792842,0.0,0.0,5,False
2023-05-18,SPY,etf,US Equity,SPY_RETURN,1928972.1481712623,0.0,11300.197742502498,1940272.3459137648,1940272.3459137648,0.0,0.0,0.0,5,False
2023-05-18,QQQ,etf,US Equity,QQQ_RETURN,970623.8256715183,0.0,9949.035149805508,980572.8608213238,980572.8608213238,0.0,0.0,0.0,5,False
2023-05-18,EFA,etf,International Equity,EFA_RETURN,998499.2760386459,0.0,-7817.879808077457,990681.3962305684,990681.3962305684,0.0,0.0,0.0,5,False
2023-05-18,GLD,etf,Commodity,GLD_RETURN,504206.184069627,0.0,2865.014605766477,507071.1986753935,507071.1986753935,0.0,0.0,0.0,5,False
2023-05-18,US5Y,bond,Rates,DGS5_CHANGE,1484614.2826499648,0.0,2059.869957709265,1486674.152607674,1486674.152607674,0.0,4.5,22.0,5,False
2023-05-18,US10Y,bond,Rates,DGS10_CHANGE,1484575.520815572,0.0,1896.0686983880669,1486471.58951396,1486471.58951396,0.0,8.0,70.0,5,False
2023-05-18,USD_CASH,cash,Cash,CASH_RETURN,2498288.3154587136,0.0,0.0,2500247.114129455,2500247.114129455,0.0,0.0,0.0,5,False
2023-05-18,EURUSD_OVERLAY,fx_forward,FX,EURUSD_RETURN,0.0,749966.7045792842,1958.7986707412983,0.0,0.0,749966.7045792842,0.0,0.0,5,False
2023-05-19,SPY,etf,US Equity,SPY_RETURN,1940272.3459137648,0.0,8833.550918890744,1949105.8968326554,1949105.8968326554,0.0,0.0,0.0,5,False
2023-05-19,QQQ,etf,US Equity,QQQ_RETURN,980572.8608213238,0.0,-11622.864273976149,968949.9965473476,968949.9965473476,0.0,0.0,0.0,5,False
2023-05-19,EFA,etf,International Equity,EFA_RETURN,990681.3962305684,0.0,-371.1868719010936,990310.2093586674,990310.2093586674,0.0,0.0,0.0,5,False
2023-05-19,GLD,etf,Commodity,GLD_RETURN,507071.1986753935,0.0,-3149.5427867887715,503921.6558886047,503921.6558886047,0.0,0.0,0.0,5,False
2023-05-19,US5Y,bond,Rates,DGS5_CHANGE,1486674.152607674,0.0,-3183.0103819373753,1483491.1422257368,1483491.1422257368,0.0,4.5,22.0,5,False
2023-05-19,US10Y,bond,Rates,DGS10_CHANGE,1486471.58951396,0.0,-1057.588315266336,1485414.0011986936,1485414.0011986936,0.0,8.0,70.0,5,False
2023-05-19,USD_CASH,cash,Cash,CASH_RETURN,2500247.114129455,0.0,0.0,2501699.1973013915,2501699.1973013915,0.0,0.0,0.0,5,False
2023-05-19,EURUSD_OVERLAY,fx_forward,FX,EURUSD_RETURN,0.0,749966.7045792842,1452.0831719368994,0.0,0.0,749966.7045792842,0.0,0.0,5,False
2023-05-22,SPY,etf,US Equity,SPY_RETURN,1949105.8968326554,0.0,31293.8960445242,1980399.7928771796,1980399.7928771796,0.0,0.0,0.0,5,False
2023-05-22,QQQ,etf,US Equity,QQQ_RETURN,968949.9965473476,0.0,10071.963704269341,979021.960251617,979021.960251617,0.0,0.0,0.0,5,False
2023-05-22,EFA,etf,International Equity,EFA_RETURN,990310.2093586674,0.0,9699.971245883178,1000010.1806045505,1000010.1806045505,0.0,0.0,0.0,5,False
2023-05-22,GLD,etf,Commodity,GLD_RETURN,503921.6558886047,0.0,-2488.633290415187,501433.02259818953,501433.02259818953,0.0,0.0,0.0,5,False
2023-05-22,US5Y,bond,Rates,DGS5_CHANGE,1483491.1422257368,0.0,1092.3662125102362,1484583.508438247,1484583.508438247,0.0,4.5,22.0,5,False
2023-05-22,US10Y,bond,Rates,DGS10_CHANGE,1485414.0011986936,0.0,5901.6057600004115,1491315.606958694,1491315.606958694,0.0,8.0,70.0,5,False
2023-05-22,USD_CASH,cash,Cash,CASH_RETURN,2501699.1973013915,0.0,0.0,2499398.042847027,2499398.042847027,0.0,0.0,0.0,5,False
2023-05-22,EURUSD_OVERLAY,fx_forward,FX,EURUSD_RETURN,0.0,749966.7045792842,-2301.1544543642553,0.0,0.0,749966.7045792842,0.0,0.0,5,False
2023-05-23,SPY,etf,US Equity,SPY_RETURN,1980399.7928771796,0.0,17155.270778348902,1997555.0636555285,1997555.0636555285,0.0,0.0,0.0,5,False
2023-05-23,QQQ,etf,US Equity,QQQ_RETURN,979021.960251617,0.0,-2603.0663601598258,976418.8938914572,976418.8938914572,0.0,0.0,0.0,5,False
2023-05-23,EFA,etf,International Equity,EFA_RETURN,1000010.1806045505,0.0,1610.5124666409272,1001620.6930711914,1001620.6930711914,0.0,0.0,0.0,5,False
2023-05-23,GLD,etf,Commodity,GLD_RETURN,501433.02259818953,0.0,-8841.529624057497,492591.49297413207,492591.49297413207,0.0,0.0,0.0,5,False
2023-05-23,US5Y,bond,Rates,DGS5_CHANGE,1484583.508438247,0.0,1238.126860996655,1485821.6352992437,1485821.6352992437,0.0,4.5,22.0,5,False
2023-05-23,US10Y,bond,Rates,DGS10_CHANGE,1491315.606958694,0.0,1410.372044511454,1492725.9790032054,1492725.9790032054,0.0,8.0,70.0,5,False
2023-05-23,USD_CASH,cash,Cash,CASH_RETURN,2499398.042847027,0.0,0.0,2497634.0374775683,2497634.0374775683,0.0,0.0,0.0,5,False
2023-05-23,EURUSD_OVERLAY,fx_forward,FX,EURUSD_RETURN,0.0,749966.7045792842,-1764.0053694590426,0.0,0.0,749966.7045792842,0.0,0.0,5,False
2023-05-24,SPY,etf,US Equity,SPY_RETURN,1997555.0636555285,0.0,5295.246326796798,2002850.3099823252,2002850.3099823252,0.0,0.0,0.0,5,False
2023-05-24,QQQ,etf,US Equity,QQQ_RETURN,976418.8938914572,0.0,13856.103499771556,990274.9973912288,990274.9973912288,0.0,0.0,0.0,5,False
2023-05-24,EFA,etf,International Equity,EFA_RETURN,1001620.6930711914,0.0,1067.4128901900103,1002688.1059613815,1002688.1059613815,0.0,0.0,0.0,5,False
2023-05-24,GLD,etf,Commodity,GLD_RETURN,492591.49297413207,0.0,-5117.927793030543,487473.5651811015,487473.5651811015,0.0,0.0,0.0,5,False
2023-05-24,US5Y,bond,Rates,DGS5_CHANGE,1485821.6352992437,0.0,1472.5993428968084,1487294.2346421406,1487294.2346421406,0.0,4.5,22.0,5,False
2023-05-24,US10Y,bond,Rates,DGS10_CHANGE,1492725.9790032054,0.0,3625.8958813453455,1496351.8748845507,1496351.8748845507,0.0,8.0,70.0,5,False
2023-05-24,USD_CASH,cash,Cash,CASH_RETURN,2497634.0374775683,0.0,0.0,2487852.6839975044,2487852.6839975044,0.0,0.0,0.0,5,False
2023-05-24,EURUSD_OVERLAY,fx_forward,FX,EURUSD_RETURN,0.0,749966.7045792842,-9781.353480063917,0.0,0.0,749966.7045792842,0.0,0.0,5,False
2023-05-25,SPY,etf,US Equity,SPY_RETURN,2002850.3099823252,0.0,-6463.132586179512,1996387.1773961456,1996387.1773961456,0.0,0.0,0.0,5,False
2023-05-25,QQQ,etf,US Equity,QQQ_RETURN,990274.9973912288,0.0,8271.09375503382,998546.0911462626,998546.0911462626,0.0,0.0,0.0,5,False
2023-05-25,EFA,etf,International Equity,EFA_RETURN,1002688.1059613815,0.0,1466.8607930070086,1004154.9667543884,1004154.9667543884,0.0,0.0,0.0,5,False
2023-05-25,GLD,etf,Commodity,GLD_RETURN,487473.5651811015,0.0,-3690.423136145946,483783.1420449556,483783.1420449556,0.0,0.0,0.0,5,False
2023-05-25,US5Y,bond,Rates,DGS5_CHANGE,1487294.2346421406,0.0,-1051.7688428751358,1486242.4657992655,1486242.4657992655,0.0,4.5,22.0,5,False
2023-05-25,US10Y,bond,Rates,DGS10_CHANGE,1496351.8748845507,0.0,-2882.6372166622104,1493469.2376678884,1493469.2376678884,0.0,8.0,70.0,5,False
2023-05-25,USD_CASH,cash,Cash,CASH_RETURN,2487852.6839975044,0.0,0.0,2490967.339518994,2490967.339518994,0.0,0.0,0.0,5,False
2023-05-25,EURUSD_OVERLAY,fx_forward,FX,EURUSD_RETURN,0.0,749966.7045792842,3114.655521489645,0.0,0.0,749966.7045792842,0.0,0.0,5,False
2023-05-26,SPY,etf,US Equity,SPY_RETURN,1996387.1773961456,0.0,-29836.420255875564,1966550.75714027,1966550.75714027,0.0,0.0,0.0,5,False
2023-05-26,QQQ,etf,US Equity,QQQ_RETURN,998546.0911462626,0.0,-11540.92250956478,987005.1686366978,987005.1686366978,0.0,0.0,0.0,5,False
2023-05-26,EFA,etf,International Equity,EFA_RETURN,1004154.9667543884,0.0,-2893.5896256428937,1001261.3771287455,1001261.3771287455,0.0,0.0,0.0,5,False
2023-05-26,GLD,etf,Commodity,GLD_RETURN,483783.1420449556,0.0,84.3936340719378,483867.5356790275,483867.5356790275,0.0,0.0,0.0,5,False
2023-05-26,US5Y,bond,Rates,DGS5_CHANGE,1486242.4657992655,0.0,-292.3483550108379,1485950.1174442547,1485950.1174442547,0.0,4.5,22.0,5,False
2023-05-26,US10Y,bond,Rates,DGS10_CHANGE,1493469.2376678884,0.0,-458.8138751095782,1493010.4237927787,1493010.4237927787,0.0,8.0,70.0,5,False
2023-05-26,USD_CASH,cash,Cash,CASH_RETURN,2490967.339518994,0.0,0.0,2492082.4481720934,2492082.4481720934,0.0,0.0,0.0,5,False
2023-05-26,EURUSD_OVERLAY,fx_forward,FX,EURUSD_RETURN,0.0,749966.7045792842,1115.1086530991363,0.0,0.0,749966.7045792842,0.0,0.0,5,False
2023-05-29,SPY,etf,US Equity,SPY_RETURN,1966550.75714027,0.0,14858.165253715846,1981408.9223939858,1981408.9223939858,0.0,0.0,0.0,5,False
2023-05-29,QQQ,etf,US Equity,QQQ_RETURN,987005.1686366978,0.0,8317.153969223791,995322.3226059217,995322.3226059217,0.0,0.0,0.0,5,False
2023-05-29,EFA,etf,International Equity,EFA_RETURN,1001261.3771287455,0.0,8171.937474445615,1009433.3146031912,1009433.3146031912,0.0,0.0,0.0,5,False
2023-05-29,GLD,etf,Commodity,GLD_RETURN,483867.5356790275,0.0,-9.03032087320257,483858.5053581543,483858.5053581543,0.0,0.0,0.0,5,False
2023-05-29,US5Y,bond,Rates,DGS5_CHANGE,1485950.1174442547,0.0,2847.6320048468315,1488797.7494491015,1488797.7494491015,0.0,4.5,22.0,5,False
2023-05-29,US10Y,bond,Rates,DGS10_CHANGE,1493010.4237927787,0.0,-1501.585968534244,1491508.8378242445,1491508.8378242445,0.0,8.0,70.0,5,False
2023-05-29,USD_CASH,cash,Cash,CASH_RETURN,2492082.4481720934,0.0,0.0,2497357.570447012,2497357.570447012,0.0,0.0,0.0,5,False
2023-05-29,EURUSD_OVERLAY,fx_forward,FX,EURUSD_RETURN,0.0,749966.7045792842,5275.122274918405,0.0,0.0,749966.7045792842,0.0,0.0,5,False
2023-05-30,SPY,etf,US Equity,SPY_RETURN,1981408.9223939858,0.0,-25912.1479905534,1955496.7744034324,1955496.7744034324,0.0,0.0,0.0,5,False
2023-05-30,QQQ,etf,US Equity,QQQ_RETURN,995322.3226059217,0.0,-8113.75520251709,987208.5674034045,987208.5674034045,0.0,0.0,0.0,5,False
2023-05-30,EFA,etf,International Equity,EFA_RETURN,1009433.3146031912,0.0,-1145.457514035866,1008287.8570891554,1008287.8570891554,0.0,0.0,0.0,5,False
2023-05-30,GLD,etf,Commodity,GLD_RETURN,483858.5053581543,0.0,428.0001693748328,484286.5055275291,484286.5055275291,0.0,0.0,0.0,5,False
2023-05-30,US5Y,bond,Rates,DGS5_CHANGE,1488797.7494491015,0.0,-3157.0909678258377,1485640.6584812757,1485640.6584812757,0.0,4.5,22.0,5,False
2023-05-30,US10Y,bond,Rates,DGS10_CHANGE,1491508.8378242445,0.0,-6381.789158661875,1485127.0486655827,1485127.0486655827,0.0,8.0,70.0,5,False
2023-05-30,USD_CASH,cash,Cash,CASH_RETURN,2497357.570447012,0.0,0.0,2501182.2294784635,2501182.2294784635,0.0,0.0,0.0,5,False
2023-05-30,EURUSD_OVERLAY,fx_forward,FX,EURUSD_RETURN,0.0,749966.7045792842,3824.6590314518053,0.0,0.0,749966.7045792842,0.0,0.0,5,False
2023-05-31,SPY,etf,US Equity,SPY_RETURN,1955496.7744034324,0.0,-13980.596594025303,1941516.177809407,1941516.177809407,0.0,0.0,0.0,5,False
2023-05-31,QQQ,etf,US Equity,QQQ_RETURN,987208.5674034045,0.0,4244.191654246727,991452.7590576513,991452.7590576513,0.0,0.0,0.0,5,False
2023-05-31,EFA,etf,International Equity,EFA_RETURN,1008287.8570891554,0.0,2192.7568530798158,1010480.6139422351,1010480.6139422351,0.0,0.0,0.0,5,False
2023-05-31,GLD,etf,Commodity,GLD_RETURN,484286.5055275291,0.0,5147.023404275992,489433.5289318051,489433.5289318051,0.0,0.0,0.0,5,False
2023-05-31,US5Y,bond,Rates,DGS5_CHANGE,1485640.6584812757,0.0,-499.8144126479035,1485140.8440686278,1485140.8440686278,0.0,4.5,22.0,5,False
2023-05-31,US10Y,bond,Rates,DGS10_CHANGE,1485127.0486655827,0.0,4688.115809165251,1489815.1644747478,1489815.1644747478,0.0,8.0,70.0,5,False
2023-05-31,USD_CASH,cash,Cash,CASH_RETURN,2501182.2294784635,0.0,0.0,2505389.4765832117,2505389.4765832117,0.0,0.0,0.0,5,False
2023-05-31,EURUSD_OVERLAY,fx_forward,FX,EURUSD_RETURN,0.0,749966.7045792842,4207.2471047479285,0.0,0.0,749966.7045792842,0.0,0.0,5,False
2023-06-01,SPY,etf,US Equity,SPY_RETURN,1941516.177809407,0.0,12825.371618426283,1954341.5494278332,1983189.3260162116,0.0,0.0,0.0,6,True
2023-06-01,QQQ,etf,US Equity,QQQ_RETURN,991452.7590576513,0.0,-4783.356171956022,986669.4028856952,991594.6630081058,0.0,0.0,0.0,6,True
2023-06-01,EFA,etf,International Equity,EFA_RETURN,1010480.6139422351,0.0,-10426.540050802863,1000054.0738914323,991594.6630081058,0.0,0.0,0.0,6,True
2023-06-01,GLD,etf,Commodity,GLD_RETURN,489433.5289318051,0.0,3710.158298511637,493143.68723031675,495797.3315040529,0.0,0.0,0.0,6,True
2023-06-01,US5Y,bond,Rates,DGS5_CHANGE,1485140.8440686278,0.0,1870.5959057047532,1487011.4399743325,1487391.9945121587,0.0,4.5,22.0,6,True
2023-06-01,US10Y,bond,Rates,DGS10_CHANGE,1489815.1644747478,0.0,5310.330493829468,1495125.4949685773,1487391.9945121587,0.0,8.0,70.0,6,True
2023-06-01,USD_CASH,cash,Cash,CASH_RETURN,2505389.4765832117,0.0,0.0,2499600.9817028698,2478986.6575202644,0.0,0.0,0.0,6,True
2023-06-01,EURUSD_OVERLAY,fx_forward,FX,EURUSD_RETURN,0.0,749966.7045792842,-5788.4948803417465,0.0,0.0,743695.9972560793,0.0,0.0,6,True
2023-06-02,SPY,etf,US Equity,SPY_RETURN,1983189.3260162116,0.0,9186.34645804302,1992375.6724742546,1992375.6724742546,0.0,0.0,0.0,6,False
2023-06-02,QQQ,etf,US Equity,QQQ_RETURN,991594.6630081058,0.0,-6325.595158573795,985269.067849532,985269.067849532,0.0,0.0,0.0,6,False
2023-06-02,EFA,etf,International Equity,EFA_RETURN,991594.6630081058,0.0,-3003.3366474884665,988591.3263606174,988591.3263606174,0.0,0.0,0.0,6,False
2023-06-02,GLD,etf,Commodity,GLD_RETURN,495797.3315040529,0.0,-8803.278851695253,486994.05265235767,486994.05265235767,0.0,0.0,0.0,6,False
2023-06-02,US5Y,bond,Rates,DGS5_CHANGE,1487391.9945121587,0.0,-2067.5862173626615,1485324.408294796,1485324.408294796,0.0,4.5,22.0,6,False
2023-06-02,US10Y,bond,Rates,DGS10_CHANGE,1487391.9945121587,0.0,-6357.588754006687,1481034.405758152,1481034.405758152,0.0,8.0,70.0,6,False
2023-06-02,USD_CASH,cash,Cash,CASH_RETURN,2478986.6575202644,0.0,0.0,2474599.652262941,2474599.652262941,0.0,0.0,0.0,6,False
2023-06-02,EURUSD_OVERLAY,fx_forward,FX,EURUSD_RETURN,0.0,743695.9972560793,-4387.005257323177,0.0,0.0,743695.9972560793,0.0,0.0,6,False
2023-06-05,SPY,etf,US Equity,SPY_RETURN,1992375.6724742546,0.0,-25486.804841722907,1966888.8676325318,1966888.8676325318,0.0,0.0,0.0,6,False
2023-06-05,QQQ,etf,US Equity,QQQ_RETURN,985269.067849532,0.0,-25185.026666988953,960084.041182543,960084.041182543,0.0,0.0,0.0,6,False
2023-06-05,EFA,etf,International Equity,EFA_RETURN,988591.3263606174,0.0,-4754.653565794333,983836.6727948231,983836.6727948231,0.0,0.0,0.0,6,False
2023-06-05,GLD,etf,Commodity,GLD_RETURN,486994.05265235767,0.0,-3990.2281365072986,483003.8245158504,483003.8245158504,0.0,0.0,0.0,6,False
2023-06-05,US5Y,bond,Rates,DGS5_CHANGE,1485324.408294796,0.0,396.9689207743144,1485721.3772155703,1485721.3772155703,0.0,4.5,22.0,6,False
2023-06-05,US10Y,bond,Rates,DGS10_CHANGE,1481034.405758152,0.0,-3017.3787709643416,1478017.0269871876,1478017.0269871876,0.0,8.0,70.0,6,False
2023-06-05,USD_CASH,cash,Cash,CASH_RETURN,2474599.652262941,0.0,0.0,2475862.074336884,2475862.074336884,0.0,0.0,0.0,6,False
2023-06-05,EURUSD_OVERLAY,fx_forward,FX,EURUSD_RETURN,0.0,743695.9972560793,1262.4220739431098,0.0,0.0,743695.9972560793,0.0,0.0,6,False
2023-06-06,SPY,etf,US Equity,SPY_RETURN,1966888.8676325318,0.0,1012.4440687133522,1967901.3117012451,1967901.3117012451,0.0,0.0,0.0,6,False
2023-06-06,QQQ,etf,US Equity,QQQ_RETURN,960084.041182543,0.0,2615.2119557353667,962699.2531382784,962699.2531382784,0.0,0.0,0.0,6,False
2023-06-06,EFA,etf,International Equity,EFA_RETURN,983836.6727948231,0.0,1035.6189061907846,984872.2917010138,984872.2917010138,0.0,0.0,0.0,6,False
2023-06-06,GLD,etf,Commodity,GLD_RETURN,483003.8245158504,0.0,168.94620374896851,483172.7707195994,483172.7707195994,0.0,0.0,0.0,6,False
2023-06-06,US5Y,bond,Rates,DGS5_CHANGE,1485721.3772155703,0.0,2921.0197777956905,1488642.396993366,1488642.396993366,0.0,4.5,22.0,6,False
2023-06-06,US10Y,bond,Rates,DGS10_CHANGE,1478017.0269871876,0.0,7821.703064918327,1485838.7300521058,1485838.7300521058,0.0,8.0,70.0,6,False
2023-06-06,USD_CASH,cash,Cash,CASH_RETURN,2475862.074336884,0.0,0.0,2475658.3389403955,2475658.3389403955,0.0,0.0,0.0,6,False
2023-06-06,EURUSD_OVERLAY,fx_forward,FX,EURUSD_RETURN,0.0,743695.9972560793,-203.7353964887783,0.0,0.0,743695.9972560793,0.0,0.0,6,False
2023-06-07,SPY,etf,US Equity,SPY_RETURN,1967901.3117012451,0.0,11070.808459257789,1978972.1201605028,1978972.1201605028,0.0,0.0,0.0,6,False
2023-06-07,QQQ,etf,US Equity,QQQ_RETURN,962699.2531382784,0.0,1570.8113177649127,964270.0644560433,964270.0644560433,0.0,0.0,0.0,6,False
2023-06-07,EFA,etf,International Equity,EFA_RETURN,984872.2917010138,0.0,3480.957997264012,988353.2496982778,988353.2496982778,0.0,0.0,0.0,6,False
2023-06-07,GLD,etf,Commodity,GLD_RETURN,483172.7707195994,0.0,3472.7636572856495,486645.53437688504,486645.53437688504,0.0,0.0,0.0,6,False
2023-06-07,US5Y,bond,Rates,DGS5_CHANGE,1488642.396993366,0.0,-974.637194745506,1487667.7597986206,1487667.7597986206,0.0,4.5,22.0,6,False
2023-06-07,US10Y,bond,Rates,DGS10_CHANGE,1485838.7300521058,0.0,-134.99694399003744,1485703.7331081158,1485703.7331081158,0.0,8.0,70.0,6,False
2023-06-07,USD_CASH,cash,Cash,CASH_RETURN,2475658.3389403955,0.0,0.0,2478017.419006775,2478017.419006775,0.0,0.0,0.0,6,False
2023-06-07,EURUSD_OVERLAY,fx_forward,FX,EURUSD_RETURN,0.0,743695.9972560793,2359.080066379823,0.0,0.0,743695.9972560793,0.0,0.0,6,False
2023-06-08,SPY,etf,US Equity,SPY_RETURN,1978972.1201605028,0.0,-4226.9743047944485,1974745.1458557085,1974745.1458557085,0.0,0.0,0.0,6,False
2023-06-08,QQQ,etf,US Equity,QQQ_RETURN,964270.0644560433,0.0,-1264.1449022926936,963005.9195537507,963005.9195537507,0.0,0.0,0.0,6,False
2023-06-08,EFA,etf,International Equity,EFA_RETURN,988353.2496982778,0.0,-7544.2667616648305,980808.9829366129,980808.9829366129,0.0,0.0,0.0,6,False
2023-06-08,GLD,etf,Commodity,GLD_RETURN,486645.53437688504,0.0,-3385.359425716348,483260.1749511687,483260.1749511687,0.0,0.0,0.0,6,False
2023-06-08,US5Y,bond,Rates,DGS5_CHANGE,1487667.7597986206,0.0,3543.7920275222996,1491211.551826143,1491211.551826143,0.0,4.5,22.0,6,False
2023-06-08,US10Y,bond,Rates,DGS10_CHANGE,1485703.7331081158,0.0,6003.423428463554,1491707.1565365794,1491707.1565365794,0.0,8.0,70.0,6,False
2023-06-08,USD_CASH,cash,Cash,CASH_RETURN,2478017.419006775,0.0,0.0,2474760.9859200916,2474760.9859200916,0.0,0.0,0.0,6,False
2023-06-08,EURUSD_OVERLAY,fx_forward,FX,EURUSD_RETURN,0.0,743695.9972560793,-3256.433086683682,0.0,0.0,743695.9972560793,0.0,0.0,6,False
2023-06-09,SPY,etf,US Equity,SPY_RETURN,1974745.1458557085,0.0,-5960.010022546439,1968785.135833162,1968785.135833162,0.0,0.0,0.0,6,False
2023-06-09,QQQ,etf,US Equity,QQQ_RETURN,963005.9195537507,0.0,-3968.135567030296,959037.7839867204,959037.7839867204,0.0,0.0,0.0,6,False
2023-06-09,EFA,etf,International Equity,EFA_RETURN,980808.9829366129,0.0,-4249.269501782874,976559.7134348301,976559.7134348301,0.0,0.0,0.0,6,False
2023-06-09,GLD,etf,Commodity,GLD_RETURN,483260.1749511687,0.0,-8443.859508865757,474816.31544230296,474816.31544230296,0.0,0.0,0.0,6,False
2023-06-09,US5Y,bond,Rates,DGS5_CHANGE,1491211.551826143,0.0,1142.071803775163,1492353.623629918,1492353.623629918,0.0,4.5,22.0,6,False
2023-06-09,US10Y,bond,Rates,DGS10_CHANGE,1491707.1565365794,0.0,-1786.5577138425444,1489920.5988227369,1489920.5988227369,0.0,8.0,70.0,6,False
2023-06-09,USD_CASH,cash,Cash,CASH_RETURN,2474760.9859200916,0.0,0.0,2474617.101456887,2474617.101456887,0.0,0.0,0.0,6,False
2023-06-09,EURUSD_OVERLAY,fx_forward,FX,EURUSD_RETURN,0.0,743695.9972560793,-143.88446320435995,0.0,0.0,743695.9972560793,0.0,0.0,6,False
2023-06-12,SPY,etf,US Equity,SPY_RETURN,1968785.135833162,0.0,1513.8357304778733,1970298.97156364,1970298.97156364,0.0,0.0,0.0,6,False
2023-06-12,QQQ,etf,US Equity,QQQ_RETURN,959037.7839867204,0.0,13442.865450407573,972480.649437128,972480.649437128,0.0,0.0,0.0,6,False
2023-06-12,EFA,etf,International Equity,EFA_RETURN,976559.7134348301,0.0,3013.6482629016496,979573.3616977318,979573.3616977318,0.0,0.0,0.0,6,False
2023-06-12,GLD,etf,Commodity,GLD_RETURN,474816.31544230296,0.0,2406.3060912872493,477222.6215335902,477222.6215335902,0.0,0.0,0.0,6,False
2023-06-12,US5Y,bond,Rates,DGS5_CHANGE,1492353.623629918,0.0,907.4815546768036,1493261.1051845949,1493261.1051845949,0.0,4.5,22.0,6,False
2023-06-12,US10Y,bond,Rates,DGS10_CHANGE,1489920.5988227369,0.0,2043.2703680581876,1491963.869190795,1491963.869190795,0.0,8.0,70.0,6,False
2023-06-12,USD_CASH,cash,Cash,CASH_RETURN,2474617.101456887,0.0,0.0,2473122.209750905,2473122.209750905,0.0,0.0,0.0,6,False
2023-06-12,EURUSD_OVERLAY,fx_forward,FX,EURUSD_RETURN,0.0,743695.9972560793,-1494.8917059820587,0.0,0.0,743695.9972560793,0.0,0.0,6,False
2023-06-13,SPY,etf,US Equity,SPY_RETURN,1970298.97156364,0.0,-26429.396433004244,1943869.5751306359,1943869.5751306359,0.0,0.0,0.0,6,False
2023-06-13,QQQ,etf,US Equity,QQQ_RETURN,972480.649437128,0.0,-20254.694619935883,952225.954817192,952225.954817192,0.0,0.0,0.0,6,False
2023-06-13,EFA,etf,International Equity,EFA_RETURN,979573.3616977318,0.0,1393.5926812853074,980966.9543790171,980966.9543790171,0.0,0.0,0.0,6,False
2023-06-13,GLD,etf,Commodity,GLD_RETURN,477222.6215335902,0.0,-6252.789990452255,470969.83154313796,470969.83154313796,0.0,0.0,0.0,6,False
2023-06-13,US5Y,bond,Rates,DGS5_CHANGE,1493261.1051845949,0.0,359.2464046814228,1493620.3515892762,1493620.3515892762,0.0,4.5,22.0,6,False
2023-06-13,US10Y,bond,Rates,DGS10_CHANGE,1491963.869190795,0.0,479.18404539499653,1492443.05323619,1492443.05323619,0.0,8.0,70.0,6,False
2023-06-13,USD_CASH,cash,Cash,CASH_RETURN,2473122.209750905,0.0,0.0,2469884.231586418,2469884.231586418,0.0,0.0,0.0,6,False
2023-06-13,EURUSD_OVERLAY,fx_forward,FX,EURUSD_RETURN,0.0,743695.9972560793,-3237.9781644870504,0.0,0.0,743695.9972560793,0.0,0.0,6,False
2023-06-14,SPY,etf,US Equity,SPY_RETURN,1943869.5751306359,0.0,-10352.507661275096,1933517.0674693608,1933517.0674693608,0.0,0.0,0.0,6,False
2023-06-14,QQQ,etf,US Equity,QQQ_RETURN,952225.954817192,0.0,5071.126737141831,957297.0815543339,957297.0815543339,0.0,0.0,0.0,6,False
2023-06-14,EFA,etf,International Equity,EFA_RETURN,980966.9543790171,0.0,-11920.65987765172,969046.2945013654,969046.2945013654,0.0,0.0,0.0,6,False
2023-06-14,GLD,etf,Commodity,GLD_RETURN,470969.83154313796,0.0,-3753.7269292557685,467216.1046138822,467216.1046138822,0.0,0.0,0.0,6,False
2023-06-14,US5Y,bond,Rates,DGS5_CHANGE,1493620.3515892762,0.0,-522.6865571837562,1493097.6650320925,1493097.6650320925,0.0,4.5,22.0,6,False
2023-06-14,US10Y,bond,Rates,DGS10_CHANGE,1492443.05323619,0.0,-6355.0001776118725,1486088.0530585782,1486088.0530585782,0.0,8.0,70.0,6,False
2023-06-14,USD_CASH,cash,Cash,CASH_RETURN,2469884.231586418,0.0,0.0,2468747.9573844713,2468747.9573844713,0.0,0.0,0.0,6,False
2023-06-14,EURUSD_OVERLAY,fx_forward,FX,EURUSD_RETURN,0.0,743695.9972560793,-1136.2742019465868,0.0,0.0,743695.9972560793,0.0,0.0,6,False
2023-06-15,SPY,etf,US Equity,SPY_RETURN,1933517.0674693608,0.0,-47827.30228711846,1885689.7651822423,1885689.7651822423,0.0,0.0,0.0,6,False
2023-06-15,QQQ,etf,US Equity,QQQ_RETURN,957297.0815543339,0.0,-26338.768862637564,930958.3126916963,930958.3126916963,0.0,0.0,0.0,6,False
2023-06-15,EFA,etf,International Equity,EFA_RETURN,969046.2945013654,0.0,-11929.982767820436,957116.3117335449,957116.3117335449,0.0,0.0,0.0,6,False
2023-06-15,GLD,etf,Commodity,GLD_RETURN,467216.1046138822,0.0,-1696.529838808233,465519.57477507397,465519.57477507397,0.0,0.0,0.0,6,False
2023-06-15,US5Y,bond,Rates,DGS5_CHANGE,1493097.6650320925,0.0,587.5452179350508,1493685.2102500275,1493685.2102500275,0.0,4.5,22.0,6,False
2023-06-15,US10Y,bond,Rates,DGS10_CHANGE,1486088.0530585782,0.0,2943.4319360652366,1489031.4849946434,1489031.4849946434,0.0,8.0,70.0,6,False
2023-06-15,USD_CASH,cash,Cash,CASH_RETURN,2468747.9573844713,0.0,0.0,2471058.15571423,2471058.15571423,0.0,0.0,0.0,6,False
2023-06-15,EURUSD_OVERLAY,fx_forward,FX,EURUSD_RETURN,0.0,743695.9972560793,2310.198329758798,0.0,0.0,743695.9972560793,0.0,0.0,6,False
2023-06-16,SPY,etf,US Equity,SPY_RETURN,1885689.7651822423,0.0,29253.445443770594,1914943.2106260129,1914943.2106260129,0.0,0.0,0.0,6,False
2023-06-16,QQQ,etf,US Equity,QQQ_RETURN,930958.3126916963,0.0,14195.787358347396,945154.1000500438,945154.1000500438,0.0,0.0,0.0,6,False
2023-06-16,EFA,etf,International Equity,EFA_RETURN,957116.3117335449,0.0,22133.854688872434,979250.1664224174,979250.1664224174,0.0,0.0,0.0,6,False
2023-06-16,GLD,etf,Commodity,GLD_RETURN,465519.57477507397,0.0,-3573.9343574341688,461945.6404176398,461945.6404176398,0.0,0.0,0.0,6,False
2023-06-16,US5Y,bond,Rates,DGS5_CHANGE,1493685.2102500275,0.0,4114.309579143328,1497799.5198291708,1497799.5198291708,0.0,4.5,22.0,6,False
2023-06-16,US10Y,bond,Rates,DGS10_CHANGE,1489031.4849946434,0.0,6959.37931554838,1495990.8643101917,1495990.8643101917,0.0,8.0,70.0,6,False
2023-06-16,USD_CASH,cash,Cash,CASH_RETURN,2471058.15571423,0.0,0.0,2476533.584562278,2476533.584562278,0.0,0.0,0.0,6,False
2023-06-16,EURUSD_OVERLAY,fx_forward,FX,EURUSD_RETURN,0.0,743695.9972560793,5475.428848047657,0.0,0.0,743695.9972560793,0.0,0.0,6,False
2023-06-19,SPY,etf,US Equity,SPY_RETURN,1914943.2106260129,0.0,-14442.52089082871,1900500.6897351842,1900500.6897351842,0.0,0.0,0.0,6,False
2023-06-19,QQQ,etf,US Equity,QQQ_RETURN,945154.1000500438,0.0,-8180.0989848750105,936974.0010651688,936974.0010651688,0.0,0.0,0.0,6,False
2023-06-19,EFA,etf,International Equity,EFA_RETURN,979250.1664224174,0.0,-7777.476727769369,971472.689694648,971472.689694648,0.0,0.0,0.0,6,False
2023-06-19,GLD,etf,Commodity,GLD_RETURN,461945.6404176398,0.0,-4153.759871316724,457791.8805463231,457791.8805463231,0.0,0.0,0.0,6,False
2023-06-19,US5Y,bond,Rates,DGS5_CHANGE,1497799.5198291708,0.0,-4788.466514475785,1493011.053314695,1493011.053314695,0.0,4.5,22.0,6,False
2023-06-19,US10Y,bond,Rates,DGS10_CHANGE,1495990.8643101917,0.0,-12553.495530074331,1483437.3687801175,1483437.3687801175,0.0,8.0,70.0,6,False
2023-06-19,USD_CASH,cash,Cash,CASH_RETURN,2476533.584562278,0.0,0.0,2471847.076232076,2471847.076232076,0.0,0.0,0.0,6,False
2023-06-19,EURUSD_OVERLAY,fx_forward,FX,EURUSD_RETURN,0.0,743695.9972560793,-4686.508330201789,0.0,0.0,743695.9972560793,0.0,0.0,6,False
2023-06-20,SPY,etf,US Equity,SPY_RETURN,1900500.6897351842,0.0,-8272.718542885488,1892227.9711922987,1892227.9711922987,0.0,0.0,0.0,6,False
2023-06-20,QQQ,etf,US Equity,QQQ_RETURN,936974.0010651688,0.0,-561.2397412899094,936412.7613238789,936412.7613238789,0.0,0.0,0.0,6,False
2023-06-20,EFA,etf,International Equity,EFA_RETURN,971472.689694648,0.0,-7455.124652308091,964017.56504234,964017.56504234,0.0,0.0,0.0,6,False
2023-06-20,GLD,etf,Commodity,GLD_RETURN,457791.8805463231,0.0,417.58939827959665,458209.4699446027,458209.4699446027,0.0,0.0,0.0,6,False
2023-06-20,US5Y,bond,Rates,DGS5_CHANGE,1493011.053314695,0.0,-982.6425529373134,1492028.4107617575,1492028.4107617575,0.0,4.5,22.0,6,False
2023-06-20,US10Y,bond,Rates,DGS10_CHANGE,1483437.3687801175,0.0,-5907.085670537578,1477530.28310958,1477530.28310958,0.0,8.0,70.0,6,False
2023-06-20,USD_CASH,cash,Cash,CASH_RETURN,2471847.076232076,0.0,0.0,2467964.5848241174,2467964.5848241174,0.0,0.0,0.0,6,False
2023-06-20,EURUSD_OVERLAY,fx_forward,FX,EURUSD_RETURN,0.0,743695.9972560793,-3882.491407958766,0.0,0.0,743695.9972560793,0.0,0.0,6,False
2023-06-21,SPY,etf,US Equity,SPY_RETURN,1892227.9711922987,0.0,5544.2209975065525,1897772.1921898052,1897772.1921898052,0.0,0.0,0.0,6,False
2023-06-21,QQQ,etf,US Equity,QQQ_RETURN,936412.7613238789,0.0,6132.84971043425,942545.6110343131,942545.6110343131,0.0,0.0,0.0,6,False
2023-06-21,EFA,etf,International Equity,EFA_RETURN,964017.56504234,0.0,-6876.492182639726,957141.0728597002,957141.0728597002,0.0,0.0,0.0,6,False
2023-06-21,GLD,etf,Commodity,GLD_RETURN,458209.4699446027,0.0,-2639.101174714611,455570.36876988807,455570.36876988807,0.0,0.0,0.0,6,False
2023-06-21,US5Y,bond,Rates,DGS5_CHANGE,1492028.4107617575,0.0,-2839.6662992848446,1489188.7444624726,1489188.7444624726,0.0,4.5,22.0,6,False
2023-06-21,US10Y,bond,Rates,DGS10_CHANGE,1477530.28310958,0.0,-4357.603474403038,1473172.679635177,1473172.679635177,0.0,8.0,70.0,6,False
2023-06-21,USD_CASH,cash,Cash,CASH_RETURN,2467964.5848241174,0.0,0.0,2470674.7426079474,2470674.7426079474,0.0,0.0,0.0,6,False
2023-06-21,EURUSD_OVERLAY,fx_forward,FX,EURUSD_RETURN,0.0,743695.9972560793,2710.1577838301628,0.0,0.0,743695.9972560793,0.0,0.0,6,False
2023-06-22,SPY,etf,US Equity,SPY_RETURN,1897772.1921898052,0.0,10143.228138100812,1907915.420327906,1907915.420327906,0.0,0.0,0.0,6,False
2023-06-22,QQQ,etf,US Equity,QQQ_RETURN,942545.6110343131,0.0,7006.615610431347,949552.2266447444,949552.2266447444,0.0,0.0,0.0,6,False
2023-06-22,EFA,etf,International Equity,EFA_RETURN,957141.0728597002,0.0,4831.428942748246,961972.5018024484,961972.5018024484,0.0,0.0,0.0,6,False
2023-06-22,GLD,etf,Commodity,GLD_RETURN,455570.36876988807,0.0,-10449.448663861316,445120.92010602675,445120.92010602675,0.0,0.0,0.0,6,False
2023-06-22,US5Y,bond,Rates,DGS5_CHANGE,1489188.7444624726,0.0,-25.629757804829374,1489163.1147046678,1489163.1147046678,0.0,4.5,22.0,6,False
2023-06-22,US10Y,bond,Rates,DGS10_CHANGE,1473172.679635177,0.0,-4273.701324937659,1468898.9783102393,1468898.9783102393,0.0,8.0,70.0,6,False
2023-06-22,USD_CASH,cash,Cash,CASH_RETURN,2470674.7426079474,0.0,0.0,2471358.0803043996,2471358.0803043996,0.0,0.0,0.0,6,False
2023-06-22,EURUSD_OVERLAY,fx_forward,FX,EURUSD_RETURN,0.0,743695.9972560793,683.3376964519967,0.0,0.0,743695.9972560793,0.0,0.0,6,False
2023-06-23,SPY,etf,US Equity,SPY_RETURN,1907915.420327906,0.0,-21611.119361258312,1886304.3009666477,1886304.3009666477,0.0,0.0,0.0,6,False
2023-06-23,QQQ,etf,US Equity,QQQ_RETURN,949552.2266447444,0.0,-1362.3763784099156,948189.8502663345,948189.8502663345,0.0,0.0,0.0,6,False
2023-06-23,EFA,etf,International Equity,EFA_RETURN,961972.5018024484,0.0,-3330.059669894148,958642.4421325542,958642.4421325542,0.0,0.0,0.0,6,False
2023-06-23,GLD,etf,Commodity,GLD_RETURN,445120.92010602675,0.0,3624.8106102838215,448745.73071631056,448745.73071631056,0.0,0.0,0.0,6,False
2023-06-23,US5Y,bond,Rates,DGS5_CHANGE,1489163.1147046678,0.0,3685.2513242503132,1492848.3660289182,1492848.3660289182,0.0,4.5,22.0,6,False
2023-06-23,US10Y,bond,Rates,DGS10_CHANGE,1468898.9783102393,0.0,7122.268295589775,1476021.246605829,1476021.246605829,0.0,8.0,70.0,6,False
2023-06-23,USD_CASH,cash,Cash,CASH_RETURN,2471358.0803043996,0.0,0.0,2466518.65025197,2466518.65025197,0.0,0.0,0.0,6,False
2023-06-23,EURUSD_OVERLAY,fx_forward,FX,EURUSD_RETURN,0.0,743695.9972560793,-4839.430052429327,0.0,0.0,743695.9972560793,0.0,0.0,6,False
2023-06-26,SPY,etf,US Equity,SPY_RETURN,1886304.3009666477,0.0,-26188.034478976853,1860116.2664876708,1860116.2664876708,0.0,0.0,0.0,6,False
2023-06-26,QQQ,etf,US Equity,QQQ_RETURN,948189.8502663345,0.0,-11432.63132744477,936757.2189388897,936757.2189388897,0.0,0.0,0.0,6,False
2023-06-26,EFA,etf,International Equity,EFA_RETURN,958642.4421325542,0.0,-7488.329801866224,951154.112330688,951154.112330688,0.0,0.0,0.0,6,False
2023-06-26,GLD,etf,Commodity,GLD_RETURN,448745.73071631056,0.0,-4076.2036102952534,444669.5271060153,444669.5271060153,0.0,0.0,0.0,6,False
2023-06-26,US5Y,bond,Rates,DGS5_CHANGE,1492848.3660289182,0.0,1064.5970237801362,1493912.9630526984,1493912.9630526984,0.0,4.5,22.0,6,False
2023-06-26,US10Y,bond,Rates,DGS10_CHANGE,1476021.246605829,0.0,-2320.39262261026,1473700.8539832188,1473700.8539832188,0.0,8.0,70.0,6,False
2023-06-26,USD_CASH,cash,Cash,CASH_RETURN,2466518.65025197,0.0,0.0,2470556.1164369415,2470556.1164369415,0.0,0.0,0.0,6,False
2023-06-26,EURUSD_OVERLAY,fx_forward,FX,EURUSD_RETURN,0.0,743695.9972560793,4037.466184971404,0.0,0.0,743695.9972560793,0.0,0.0,6,False
2023-06-27,SPY,etf,US Equity,SPY_RETURN,1860116.2664876708,0.0,5627.061763517984,1865743.3282511889,1865743.3282511889,0.0,0.0,0.0,6,False
2023-06-27,QQQ,etf,US Equity,QQQ_RETURN,936757.2189388897,0.0,-6452.677666260054,930304.5412726296,930304.5412726296,0.0,0.0,0.0,6,False
2023-06-27,EFA,etf,International Equity,EFA_RETURN,951154.112330688,0.0,-388.5863500997392,950765.5259805883,950765.5259805883,0.0,0.0,0.0,6,False
2023-06-27,GLD,etf,Commodity,GLD_RETURN,444669.5271060153,0.0,-1226.0667349225498,443443.4603710928,443443.4603710928,0.0,0.0,0.0,6,False
2023-06-27,US5Y,bond,Rates,DGS5_CHANGE,1493912.9630526984,0.0,-414.3763886686769,1493498.5866640296,1493498.5866640296,0.0,4.5,22.0,6,False
2023-06-27,US10Y,bond,Rates,DGS10_CHANGE,1473700.8539832188,0.0,-3290.418454977805,1470410.4355282409,1470410.4355282409,0.0,8.0,70.0,6,False
2023-06-27,USD_CASH,cash,Cash,CASH_RETURN,2470556.1164369415,0.0,0.0,2473194.5247476813,2473194.5247476813,0.0,0.0,0.0,6,False
2023-06-27,EURUSD_OVERLAY,fx_forward,FX,EURUSD_RETURN,0.0,743695.9972560793,2638.408310739854,0.0,0.0,743695.9972560793,0.0,0.0,6,False
2023-06-28,SPY,etf,US Equity,SPY_RETURN,1865743.3282511889,0.0,-7931.183178482717,1857812.145072706,1857812.145072706,0.0,0.0,0.0,6,False
2023-06-28,QQQ,etf,US Equity,QQQ_RETURN,930304.5412726296,0.0,-8341.423830982734,921963.1174416469,921963.1174416469,0.0,0.0,0.0,6,False
2023-06-28,EFA,etf,International Equity,EFA_RETURN,950765.5259805883,0.0,-12025.379615274194,938740.1463653141,938740.1463653141,0.0,0.0,0.0,6,False
2023-06-28,GLD,etf,Commodity,GLD_RETURN,443443.4603710928,0.0,-5914.151861582493,437529.3085095103,437529.3085095103,0.0,0.0,0.0,6,False
2023-06-28,US5Y,bond,Rates,DGS5_CHANGE,1493498.5866640296,0.0,-2335.912029682398,1491162.6746343472,1491162.6746343472,0.0,4.5,22.0,6,False
2023-06-28,US10Y,bond,Rates,DGS10_CHANGE,1470410.4355282409,0.0,-5508.547522177777,1464901.8880060632,1464901.8880060632,0.0,8.0,70.0,6,False
2023-06-28,USD_CASH,cash,Cash,CASH_RETURN,2473194.5247476813,0.0,0.0,2462583.7657967242,2462583.7657967242,0.0,0.0,0.0,6,False
2023-06-28,EURUSD_OVERLAY,fx_forward,FX,EURUSD_RETURN,0.0,743695.9972560793,-10610.758950957095,0.0,0.0,743695.9972560793,0.0,0.0,6,False
2023-06-29,SPY,etf,US Equity,SPY_RETURN,1857812.145072706,0.0,36038.272921466596,1893850.4179941725,1893850.4179941725,0.0,0.0,0.0,6,False
2023-06-29,QQQ,etf,US Equity,QQQ_RETURN,921963.1174416469,0.0,32583.40627314973,954546.5237147966,954546.5237147966,0.0,0.0,0.0,6,False
2023-06-29,EFA,etf,International Equity,EFA_RETURN,938740.1463653141,0.0,4754.921578985061,943495.0679442992,943495.0679442992,0.0,0.0,0.0,6,False
2023-06-29,GLD,etf,Commodity,GLD_RETURN,437529.3085095103,0.0,-5824.681386076035,431704.6271234343,431704.6271234343,0.0,0.0,0.0,6,False
2023-06-29,US5Y,bond,Rates,DGS5_CHANGE,1491162.6746343472,0.0,2527.466054546649,1493690.1406888939,1493690.1406888939,0.0,4.5,22.0,6,False
2023-06-29,US10Y,bond,Rates,DGS10_CHANGE,1464901.8880060632,0.0,3469.091359241898,1468370.979365305,1468370.979365305,0.0,8.0,70.0,6,False
2023-06-29,USD_CASH,cash,Cash,CASH_RETURN,2462583.7657967242,0.0,0.0,2460571.566152382,2460571.566152382,0.0,0.0,0.0,6,False
2023-06-29,EURUSD_OVERLAY,fx_forward,FX,EURUSD_RETURN,0.0,743695.9972560793,-2012.1996443420157,0.0,0.0,743695.9972560793,0.0,0.0,6,False
2023-06-30,SPY,etf,US Equity,SPY_RETURN,1893850.4179941725,0.0,45.108054663311975,1893895.5260488358,1893895.5260488358,0.0,0.0,0.0,6,False
2023-06-30,QQQ,etf,US Equity,QQQ_RETURN,954546.5237147966,0.0,-6037.259687884463,948509.2640269122,948509.2640269122,0.0,0.0,0.0,6,False
2023-06-30,EFA,etf,International Equity,EFA_RETURN,943495.0679442992,0.0,4189.186851845689,947684.2547961449,947684.2547961449,0.0,0.0,0.0,6,False
2023-06-30,GLD,etf,Commodity,GLD_RETURN,431704.6271234343,0.0,1567.8065935411823,433272.43371697544,433272.43371697544,0.0,0.0,0.0,6,False
2023-06-30,US5Y,bond,Rates,DGS5_CHANGE,1493690.1406888939,0.0,3351.6217322306597,1497041.7624211246,1497041.7624211246,0.0,4.5,22.0,6,False
2023-06-30,US10Y,bond,Rates,DGS10_CHANGE,1468370.979365305,0.0,8328.846077070304,1476699.8254423754,1476699.8254423754,0.0,8.0,70.0,6,False
2023-06-30,USD_CASH,cash,Cash,CASH_RETURN,2460571.566152382,0.0,0.0,2462821.0316483495,2462821.0316483495,0.0,0.0,0.0,6,False
2023-06-30,EURUSD_OVERLAY,fx_forward,FX,EURUSD_RETURN,0.0,743695.9972560793,2249.4654959670765,0.0,0.0,743695.9972560793,0.0,0.0,6,False
2023-07-03,SPY,etf,US Equity,SPY_RETURN,1893895.5260488358,0.0,-16455.271419443263,1877440.2546293926,1923991.1550168348,0.0,0.0,0.0,7,True
2023-07-03,QQQ,etf,US Equity,QQQ_RETURN,948509.2640269122,0.0,-8390.132148311415,940119.1318786007,961995.5775084174,0.0,0.0,0.0,7,True
2023-07-03,EFA,etf,International Equity,EFA_RETURN,947684.2547961449,0.0,-2045.2994447935525,945638.9553513513,961995.5775084174,0.0,0.0,0.0,7,True
2023-07-03,GLD,etf,Commodity,GLD_RETURN,433272.43371697544,0.0,3716.9784826874843,436989.41219966294,480997.7887542087,0.0,0.0,0.0,7,True
2023-07-03,US5Y,bond,Rates,DGS5_CHANGE,1497041.7624211246,0.0,-4760.7627275434525,1492280.9996935811,1442993.366262626,0.0,4.5,22.0,7,True
2023-07-03,US10Y,bond,Rates,DGS10_CHANGE,1476699.8254423754,0.0,-10101.518403030834,1466598.3070393445,1442993.366262626,0.0,8.0,70.0,7,True
2023-07-03,USD_CASH,cash,Cash,CASH_RETURN,2462821.0316483495,0.0,0.0,2460888.7142922403,2404988.9437710433,0.0,0.0,0.0,7,True
2023-07-03,EURUSD_OVERLAY,fx_forward,FX,EURUSD_RETURN,0.0,743695.9972560793,-1932.3173561093233,0.0,0.0,721496.683131313,0.0,0.0,7,True
2023-07-04,SPY,etf,US Equity,SPY_RETURN,1923991.1550168348,0.0,-5997.1139308399825,1917994.0410859948,1917994.0410859948,0.0,0.0,0.0,7,False
2023-07-04,QQQ,etf,US Equity,QQQ_RETURN,961995.5775084174,0.0,8036.585795542197,970032.1633039596,970032.1633039596,0.0,0.0,0.0,7,False
2023-07-04,EFA,etf,International Equity,EFA_RETURN,961995.5775084174,0.0,-480.7150229753886,961514.8624854421,961514.8624854421,0.0,0.0,0.0,7,False
2023-07-04,GLD,etf,Commodity,GLD_RETURN,480997.7887542087,0.0,1915.2056284951314,482912.99438270385,482912.99438270385,0.0,0.0,0.0,7,False
2023-07-04,US5Y,bond,Rates,DGS5_CHANGE,1442993.366262626,0.0,3106.355398146226,1446099.721660772,1446099.721660772,0.0,4.5,22.0,7,False
2023-07-04,US10Y,bond,Rates,DGS10_CHANGE,1442993.366262626,0.0,4355.029975152814,1447348.3962377787,1447348.3962377787,0.0,8.0,70.0,7,False
2023-07-04,USD_CASH,cash,Cash,CASH_RETURN,2404988.9437710433,0.0,0.0,2403954.897128154,2403954.897128154,0.0,0.0,0.0,7,False
2023-07-04,EURUSD_OVERLAY,fx_forward,FX,EURUSD_RETURN,0.0,721496.683131313,-1034.0466428892269,0.0,0.0,721496.683131313,0.0,0.0,7,False
2023-07-05,SPY,etf,US Equity,SPY_RETURN,1917994.0410859948,0.0,27796.961613395604,1945791.0026993905,1945791.0026993905,0.0,0.0,0.0,7,False
2023-07-05,QQQ,etf,US Equity,QQQ_RETURN,970032.1633039596,0.0,21056.945999069354,991089.109303029,991089.109303029,0.0,0.0,0.0,7,False
2023-07-05,EFA,etf,International Equity,EFA_RETURN,961514.8624854421,0.0,18080.36230763694,979595.2247930791,979595.2247930791,0.0,0.0,0.0,7,False
2023-07-05,GLD,etf,Commodity,GLD_RETURN,482912.99438270385,0.0,-6104.049228863901,476808.94515383994,476808.94515383994,0.0,0.0,0.0,7,False
2023-07-05,US5Y,bond,Rates,DGS5_CHANGE,1446099.721660772,0.0,-3439.673077011289,1442660.0485837609,1442660.0485837609,0.0,4.5,22.0,7,False
2023-07-05,US10Y,bond,Rates,DGS10_CHANGE,1447348.3962377787,0.0,-7685.2730447066,1439663.1231930722,1439663.1231930722,0.0,8.0,70.0,7,False
2023-07-05,USD_CASH,cash,Cash,CASH_RETURN,2403954.897128154,0.0,0.0,2407669.5462280796,2407669.5462280796,0.0,0.0,0.0,7,False
2023-07-05,EURUSD_OVERLAY,fx_forward,FX,EURUSD_RETURN,0.0,721496.683131313,3714.6490999254183,0.0,0.0,721496.683131313,0.0,0.0,7,False
2023-07-06,SPY,etf,US Equity,SPY_RETURN,1945791.0026993905,0.0,-7916.035983608105,1937874.9667157824,1937874.9667157824,0.0,0.0,0.0,7,False
2023-07-06,QQQ,etf,US Equity,QQQ_RETURN,991089.109303029,0.0,-9268.487245571589,981820.6220574575,981820.6220574575,0.0,0.0,0.0,7,False
2023-07-06,EFA,etf,International Equity,EFA_RETURN,979595.2247930791,0.0,-2282.2452462544143,977312.9795468247,977312.9795468247,0.0,0.0,0.0,7,False
2023-07-06,GLD,etf,Commodity,GLD_RETURN,476808.94515383994,0.0,1612.6908457928466,478421.63599963277,478421.63599963277,0.0,0.0,0.0,7,False
2023-07-06,US5Y,bond,Rates,DGS5_CHANGE,1442660.0485837609,0.0,411.53579647888625,1443071.5843802397,1443071.5843802397,0.0,4.5,22.0,7,False
2023-07-06,US10Y,bond,Rates,DGS10_CHANGE,1439663.1231930722,0.0,-2171.2048792468545,1437491.9183138253,1437491.9183138253,0.0,8.0,70.0,7,False
2023-07-06,USD_CASH,cash,Cash,CASH_RETURN,2407669.5462280796,0.0,0.0,2406831.9312228053,2406831.9312228053,0.0,0.0,0.0,7,False
2023-07-06,EURUSD_OVERLAY,fx_forward,FX,EURUSD_RETURN,0.0,721496.683131313,-837.6150052742709,0.0,0.0,721496.683131313,0.0,0.0,7,False
2023-07-07,SPY,etf,US Equity,SPY_RETURN,1937874.9667157824,0.0,-25873.966681414255,1912001.0000343681,1912001.0000343681,0.0,0.0,0.0,7,False
2023-07-07,QQQ,etf,US Equity,QQQ_RETURN,981820.6220574575,0.0,-20109.097126296725,961711.5249311607,961711.5249311607,0.0,0.0,0.0,7,False
2023-07-07,EFA,etf,International Equity,EFA_RETURN,977312.9795468247,0.0,-13659.53774029274,963653.441806532,963653.441806532,0.0,0.0,0.0,7,False
2023-07-07,GLD,etf,Commodity,GLD_RETURN,478421.63599963277,0.0,1389.506001963221,479811.142001596,479811.142001596,0.0,0.0,0.0,7,False
2023-07-07,US5Y,bond,Rates,DGS5_CHANGE,1443071.5843802397,0.0,1026.4056203222854,1444097.990000562,1444097.990000562,0.0,4.5,22.0,7,False
2023-07-07,US10Y,bond,Rates,DGS10_CHANGE,1437491.9183138253,0.0,5257.364412944595,1442749.2827267698,1442749.2827267698,0.0,8.0,70.0,7,False
2023-07-07,USD_CASH,cash,Cash,CASH_RETURN,2406831.9312228053,0.0,0.0,2405774.443913353,2405774.443913353,0.0,0.0,0.0,7,False
2023-07-07,EURUSD_OVERLAY,fx_forward,FX,EURUSD_RETURN,0.0,721496.683131313,-1057.4873094519417,0.0,0.0,721496.683131313,0.0,0.0,7,False
2023-07-10,SPY,etf,US Equity,SPY_RETURN,1912001.0000343681,0.0,-15813.701356324606,1896187.2986780435,1896187.2986780435,0.0,0.0,0.0,7,False
2023-07-10,QQQ,etf,US Equity,QQQ_RETURN,961711.5249311607,0.0,-24347.494298468595,937364.0306326922,937364.0306326922,0.0,0.0,0.0,7,False
2023-07-10,EFA,etf,International Equity,EFA_RETURN,963653.441806532,0.0,-21240.58318887257,942412.8586176594,942412.8586176594,0.0,0.0,0.0,7,False
2023-07-10,GLD,etf,Commodity,GLD_RETURN,479811.142001596,0.0,-900.7327680599542,478910.40923353605,478910.40923353605,0.0,0.0,0.0,7,False
2023-07-10,US5Y,bond,Rates,DGS5_CHANGE,1444097.990000562,0.0,-1535.8943840140687,1442562.095616548,1442562.095616548,0.0,4.5,22.0,7,False
2023-07-10,US10Y,bond,Rates,DGS10_CHANGE,1442749.2827267698,0.0,-2772.473765318425,1439976.8089614513,1439976.8089614513,0.0,8.0,70.0,7,False
2023-07-10,USD_CASH,cash,Cash,CASH_RETURN,2405774.443913353,0.0,0.0,2396673.5044467817,2396673.5044467817,0.0,0.0,0.0,7,False
2023-07-10,EURUSD_OVERLAY,fx_forward,FX,EURUSD_RETURN,0.0,721496.683131313,-9100.939466571617,0.0,0.0,721496.683131313,0.0,0.0,7,False
2023-07-11,SPY,etf,US Equity,SPY_RETURN,1896187.2986780435,0.0,2882.4022834272364,1899069.7009614708,1899069.7009614708,0.0,0.0,0.0,7,False
2023-07-11,QQQ,etf,US Equity,QQQ_RETURN,937364.0306326922,0.0,4360.174709271528,941724.2053419637,941724.2053419637,0.0,0.0,0.0,7,False
2023-07-11,EFA,etf,International Equity,EFA_RETURN,942412.8586176594,0.0,6913.459179639154,949326.3177972985,949326.3177972985,0.0,0.0,0.0,7,False
2023-07-11,GLD,etf,Commodity,GLD_RETURN,478910.40923353605,0.0,-5146.939693370269,473763.4695401658,473763.4695401658,0.0,0.0,0.0,7,False
2023-07-11,US5Y,bond,Rates,DGS5_CHANGE,1442562.095616548,0.0,2438.607347197628,1445000.7029637457,1445000.7029637457,0.0,4.5,22.0,7,False
2023-07-11,US10Y,bond,Rates,DGS10_CHANGE,1439976.8089614513,0.0,4230.213674405352,1444207.0226358566,1444207.0226358566,0.0,8.0,70.0,7,False
2023-07-11,USD_CASH,cash,Cash,CASH_RETURN,2396673.5044467817,0.0,0.0,2400068.223393678,2400068.223393678,0.0,0.0,0.0,7,False
2023-07-11,EURUSD_OVERLAY,fx_forward,FX,EURUSD_RETURN,0.0,721496.683131313,3394.7189468965685,0.0,0.0,721496.683131313,0.0,0.0,7,False
2023-07-12,SPY,etf,US Equity,SPY_RETURN,1899069.7009614708,0.0,18943.18411311502,1918012.885074586,1918012.885074586,0.0,0.0,0.0,7,False
2023-07-12,QQQ,etf,US Equity,QQQ_RETURN,941724.2053419637,0.0,15844.736758572837,957568.9421005365,957568.9421005365,0.0,0.0,0.0,7,False
2023-07-12,EFA,etf,International Equity,EFA_RETURN,949326.3177972985,0.0,2340.3704977073726,951666.6882950059,951666.6882950059,0.0,0.0,0.0,7,False
2023-07-12,GLD,etf,Commodity,GLD_RETURN,473763.4695401658,0.0,-262.5114833050288,473500.9580568608,473500.9580568608,0.0,0.0,0.0,7,False
2023-07-12,US5Y,bond,Rates,DGS5_CHANGE,1445000.7029637457,0.0,-1556.8451327101004,1443443.8578310355,1443443.8578310355,0.0,4.5,22.0,7,False
2023-07-12,US10Y,bond,Rates,DGS10_CHANGE,1444207.0226358566,0.0,-2742.8859751182404,1441464.1366607384,1441464.1366607384,0.0,8.0,70.0,7,False
2023-07-12,USD_CASH,cash,Cash,CASH_RETURN,2400068.223393678,0.0,0.0,2400419.8654254163,2400419.8654254163,0.0,0.0,0.0,7,False
2023-07-12,EURUSD_OVERLAY,fx_forward,FX,EURUSD_RETURN,0.0,721496.683131313,351.64203173790577,0.0,0.0,721496.683131313,0.0,0.0,7,False
2023-07-13,SPY,etf,US Equity,SPY_RETURN,1918012.885074586,0.0,19867.826655562,1937880.711730148,1937880.711730148,0.0,0.0,0.0,7,False
2023-07-13,QQQ,etf,US Equity,QQQ_RETURN,957568.9421005365,0.0,12687.897944295115,970256.8400448316,970256.8400448316,0.0,0.0,0.0,7,False
2023-07-13,EFA,etf,International Equity,EFA_RETURN,951666.6882950059,0.0,3240.846386267206,954907.5346812732,954907.5346812732,0.0,0.0,0.0,7,False
2023-07-13,GLD,etf,Commodity,GLD_RETURN,473500.9580568608,0.0,-1846.5798380567155,471654.3782188041,471654.3782188041,0.0,0.0,0.0,7,False
2023-07-13,US5Y,bond,Rates,DGS5_CHANGE,1443443.8578310355,0.0,-3924.171986808888,1439519.6858442265,1439519.6858442265,0.0,4.5,22.0,7,False
2023-07-13,US10Y,bond,Rates,DGS10_CHANGE,1441464.1366607384,0.0,-4175.209095353011,1437288.9275653854,1437288.9275653854,0.0,8.0,70.0,7,False
2023-07-13,USD_CASH,cash,Cash,CASH_RETURN,2400419.8654254163,0.0,0.0,2398055.9069325137,2398055.9069325137,0.0,0.0,0.0,7,False
2023-07-13,EURUSD_OVERLAY,fx_forward,FX,EURUSD_RETURN,0.0,721496.683131313,-2363.9584929025928,0.0,0.0,721496.683131313,0.0,0.0,7,False
2023-07-14,SPY,etf,US Equity,SPY_RETURN,1937880.711730148,0.0,-5057.79329589766,1932822.9184342502,1932822.9184342502,0.0,0.0,0.0,7,False
2023-07-14,QQQ,etf,US Equity,QQQ_RETURN,970256.8400448316,0.0,1651.6591167725285,971908.4991616042,971908.4991616042,0.0,0.0,0.0,7,False
2023-07-14,EFA,etf,International Equity,EFA_RETURN,954907.5346812732,0.0,-8624.341338598038,946283.1933426751,946283.1933426751,0.0,0.0,0.0,7,False
2023-07-14,GLD,etf,Commodity,GLD_RETURN,471654.3782188041,0.0,-1859.765447361182,469794.6127714429,469794.6127714429,0.0,0.0,0.0,7,False
2023-07-14,US5Y,bond,Rates,DGS5_CHANGE,1439519.6858442265,0.0,-3376.369913148694,1436143.3159310778,1436143.3159310778,0.0,4.5,22.0,7,False
2023-07-14,US10Y,bond,Rates,DGS10_CHANGE,1437288.9275653854,0.0,-2359.9220075805215,1434929.0055578048,1434929.0055578048,0.0,8.0,70.0,7,False
2023-07-14,USD_CASH,cash,Cash,CASH_RETURN,2398055.9069325137,0.0,0.0,2395433.5221388554,2395433.5221388554,0.0,0.0,0.0,7,False
2023-07-14,EURUSD_OVERLAY,fx_forward,FX,EURUSD_RETURN,0.0,721496.683131313,-2622.384793658413,0.0,0.0,721496.683131313,0.0,0.0,7,False
2023-07-17,SPY,etf,US Equity,SPY_RETURN,1932822.9184342502,0.0,2679.137502974261,1935502.0559372245,1935502.0559372245,0.0,0.0,0.0,7,False
2023-07-17,QQQ,etf,US Equity,QQQ_RETURN,971908.4991616042,0.0,242.96382013202154,972151.4629817363,972151.4629817363,0.0,0.0,0.0,7,False
2023-07-17,EFA,etf,International Equity,EFA_RETURN,946283.1933426751,0.0,5698.999693170988,951982.1930358461,951982.1930358461,0.0,0.0,0.0,7,False
2023-07-17,GLD,etf,Commodity,GLD_RETURN,469794.6127714429,0.0,-10527.437109530198,459267.1756619127,459267.1756619127,0.0,0.0,0.0,7,False
2023-07-17,US5Y,bond,Rates,DGS5_CHANGE,1436143.3159310778,0.0,-1132.8320253740758,1435010.4839057038,1435010.4839057038,0.0,4.5,22.0,7,False
2023-07-17,US10Y,bond,Rates,DGS10_CHANGE,1434929.0055578048,0.0,1552.2443676704972,1436481.2499254753,1436481.2499254753,0.0,8.0,70.0,7,False
2023-07-17,USD_CASH,cash,Cash,CASH_RETURN,2395433.5221388554,0.0,0.0,2392059.863436573,2392059.863436573,0.0,0.0,0.0,7,False
2023-07-17,EURUSD_OVERLAY,fx_forward,FX,EURUSD_RETURN,0.0,721496.683131313,-3373.658702282279,0.0,0.0,721496.683131313,0.0,0.0,7,False
2023-07-18,SPY,etf,US Equity,SPY_RETURN,1935502.0559372245,0.0,-22112.25073669992,1913389.8052005246,1913389.8052005246,0.0,0.0,0.0,7,False
2023-07-18,QQQ,etf,US Equity,QQQ_RETURN,972151.4629817363,0.0,-22236.336357852237,949915.1266238841,949915.1266238841,0.0,0.0,0.0,7,False
2023-07-18,EFA,etf,International Equity,EFA_RETURN,951982.1930358461,0.0,244.87402082329984,952227.0670566694,952227.0670566694,0.0,0.0,0.0,7,False
2023-07-18,GLD,etf,Commodity,GLD_RETURN,459267.1756619127,0.0,-250.5254803256873,459016.650181587,459016.650181587,0.0,0.0,0.0,7,False
2023-07-18,US5Y,bond,Rates,DGS5_CHANGE,1435010.4839057038,0.0,1937.3057559825002,1436947.7896616862,1436947.7896616862,0.0,4.5,22.0,7,False
2023-07-18,US10Y,bond,Rates,DGS10_CHANGE,1436481.2499254753,0.0,5153.295316503082,1441634.5452419785,1441634.5452419785,0.0,8.0,70.0,7,False
2023-07-18,USD_CASH,cash,Cash,CASH_RETURN,2392059.863436573,0.0,0.0,2393669.51718749,2393669.51718749,0.0,0.0,0.0,7,False
2023-07-18,EURUSD_OVERLAY,fx_forward,FX,EURUSD_RETURN,0.0,721496.683131313,1609.6537509168231,0.0,0.0,721496.683131313,0.0,0.0,7,False
2023-07-19,SPY,etf,US Equity,SPY_RETURN,1913389.8052005246,0.0,17838.21128166072,1931228.0164821853,1931228.0164821853,0.0,0.0,0.0,7,False
2023-07-19,QQQ,etf,US Equity,QQQ_RETURN,949915.1266238841,0.0,5012.169630006464,954927.2962538905,954927.2962538905,0.0,0.0,0.0,7,False
2023-07-19,EFA,etf,International Equity,EFA_RETURN,952227.0670566694,0.0,3374.5557258029835,955601.6227824724,955601.6227824724,0.0,0.0,0.0,7,False
2023-07-19,GLD,etf,Commodity,GLD_RETURN,459016.650181587,0.0,-1616.306575720759,457400.34360586625,457400.34360586625,0.0,0.0,0.0,7,False
2023-07-19,US5Y,bond,Rates,DGS5_CHANGE,1436947.7896616862,0.0,1671.5364111231615,1438619.3260728093,1438619.3260728093,0.0,4.5,22.0,7,False
2023-07-19,US10Y,bond,Rates,DGS10_CHANGE,1441634.5452419785,0.0,255.51308392208009,1441890.0583259005,1441890.0583259005,0.0,8.0,70.0,7,False
2023-07-19,USD_CASH,cash,Cash,CASH_RETURN,2393669.51718749,0.0,0.0,2398227.1872928822,2398227.1872928822,0.0,0.0,0.0,7,False
2023-07-19,EURUSD_OVERLAY,fx_forward,FX,EURUSD_RETURN,0.0,721496.683131313,4557.670105391885,0.0,0.0,721496.683131313,0.0,0.0,7,False
2023-07-20,SPY,etf,US Equity,SPY_RETURN,1931228.0164821853,0.0,-24894.492836715293,1906333.5236454702,1906333.5236454702,0.0,0.0,0.0,7,False
2023-07-20,QQQ,etf,US Equity,QQQ_RETURN,954927.2962538905,0.0,-18910.274053648594,936017.0222002419,936017.0222002419,0.0,0.0,0.0,7,False
2023-07-20,EFA,etf,International Equity,EFA_RETURN,955601.6227824724,0.0,-1970.3386998828742,953631.2840825896,953631.2840825896,0.0,0.0,0.0,7,False
2023-07-20,GLD,etf,Commodity,GLD_RETURN,457400.34360586625,0.0,-4625.507113953387,452774.83649191284,452774.83649191284,0.0,0.0,0.0,7,False
2023-07-20,US5Y,bond,Rates,DGS5_CHANGE,1438619.3260728093,0.0,-2094.766460982125,1436524.5596118271,1436524.5596118271,0.0,4.5,22.0,7,False
2023-07-20,US10Y,bond,Rates,DGS10_CHANGE,1441890.0583259005,0.0,-5033.177856053294,1436856.8804698472,1436856.8804698472,0.0,8.0,70.0,7,False
2023-07-20,USD_CASH,cash,Cash,CASH_RETURN,2398227.1872928822,0.0,0.0,2400660.07308046,2400660.07308046,0.0,0.0,0.0,7,False
2023-07-20,EURUSD_OVERLAY,fx_forward,FX,EURUSD_RETURN,0.0,721496.683131313,2432.8857875777153,0.0,0.0,721496.683131313,0.0,0.0,7,False
2023-07-21,SPY,etf,US Equity,SPY_RETURN,1906333.5236454702,0.0,702.24463636342,1907035.7682818335,1907035.7682818335,0.0,0.0,0.0,7,False
2023-07-21,QQQ,etf,US Equity,QQQ_RETURN,936017.0222002419,0.0,6592.765646813248,942609.7878470551,942609.7878470551,0.0,0.0,0.0,7,False
2023-07-21,EFA,etf,International Equity,EFA_RETURN,953631.2840825896,0.0,-97.45264595088527,953533.8314366387,953533.8314366387,0.0,0.0,0.0,7,False
2023-07-21,GLD,etf,Commodity,GLD_RETURN,452774.83649191284,0.0,-1417.9392378230675,451356.89725408977,451356.89725408977,0.0,0.0,0.0,7,False
2023-07-21,US5Y,bond,Rates,DGS5_CHANGE,1436524.5596118271,0.0,186.14607557499622,1436710.705687402,1436710.705687402,0.0,4.5,22.0,7,False
2023-07-21,US10Y,bond,Rates,DGS10_CHANGE,1436856.8804698472,0.0,5812.217570511706,1442669.0980403589,1442669.0980403589,0.0,8.0,70.0,7,False
2023-07-21,USD_CASH,cash,Cash,CASH_RETURN,2400660.07308046,0.0,0.0,2401261.6661731433,2401261.6661731433,0.0,0.0,0.0,7,False
2023-07-21,EURUSD_OVERLAY,fx_forward,FX,EURUSD_RETURN,0.0,721496.683131313,601.5930926831661,0.0,0.0,721496.683131313,0.0,0.0,7,False
2023-07-24,SPY,etf,US Equity,SPY_RETURN,1907035.7682818335,0.0,-43023.626324934965,1864012.1419568986,1864012.1419568986,0.0,0.0,0.0,7,False
2023-07-24,QQQ,etf,US Equity,QQQ_RETURN,942609.7878470551,0.0,-14001.588609611617,928608.1992374435,928608.1992374435,0.0,0.0,0.0,7,False
2023-07-24,EFA,etf,International Equity,EFA_RETURN,953533.8314366387,0.0,-4123.129199456408,949410.7022371823,949410.7022371823,0.0,0.0,0.0,7,False
2023-07-24,GLD,etf,Commodity,GLD_RETURN,451356.89725408977,0.0,-478.65992717111664,450878.23732691864,450878.23732691864,0.0,0.0,0.0,7,False
2023-07-24,US5Y,bond,Rates,DGS5_CHANGE,1436710.705687402,0.0,-2435.570265708673,1434275.1354216933,1434275.1354216933,0.0,4.5,22.0,7,False
2023-07-24,US10Y,bond,Rates,DGS10_CHANGE,1442669.0980403589,0.0,-5164.4530192116,1437504.6450211473,1437504.6450211473,0.0,8.0,70.0,7,False
2023-07-24,USD_CASH,cash,Cash,CASH_RETURN,2401261.6661731433,0.0,0.0,2396370.985070595,2396370.985070595,0.0,0.0,0.0,7,False
2023-07-24,EURUSD_OVERLAY,fx_forward,FX,EURUSD_RETURN,0.0,721496.683131313,-4890.681102548353,0.0,0.0,721496.683131313,0.0,0.0,7,False
2023-07-25,SPY,etf,US Equity,SPY_RETURN,1864012.1419568986,0.0,6984.85965958115,1870997.0016164798,1870997.0016164798,0.0,0.0,0.0,7,False
2023-07-25,QQQ,etf,US Equity,QQQ_RETURN,928608.1992374435,0.0,2949.2231794489103,931557.4224168924,931557.4224168924,0.0,0.0,0.0,7,False
2023-07-25,EFA,etf,International Equity,EFA_RETURN,949410.7022371823,0.0,-5971.014705500516,943439.6875316817,943439.6875316817,0.0,0.0,0.0,7,False
2023-07-25,GLD,etf,Commodity,GLD_RETURN,450878.23732691864,0.0,-1211.7877737324814,449666.44955318613,449666.44955318613,0.0,0.0,0.0,7,False
2023-07-25,US5Y,bond,Rates,DGS5_CHANGE,1434275.1354216933,0.0,4007.268240443879,1438282.4036621372,1438282.4036621372,0.0,4.5,22.0,7,False
2023-07-25,US10Y,bond,Rates,DGS10_CHANGE,1437504.6450211473,0.0,12656.789210543684,1450161.434231691,1450161.434231691,0.0,8.0,70.0,7,False
2023-07-25,USD_CASH,cash,Cash,CASH_RETURN,2396370.985070595,0.0,0.0,2391904.2202857267,2391904.2202857267,0.0,0.0,0.0,7,False
2023-07-25,EURUSD_OVERLAY,fx_forward,FX,EURUSD_RETURN,0.0,721496.683131313,-4466.764784868565,0.0,0.0,721496.683131313,0.0,0.0,7,False
2023-07-26,SPY,etf,US Equity,SPY_RETURN,1870997.0016164798,0.0,18768.568256843144,1889765.569873323,1889765.569873323,0.0,0.0,0.0,7,False
2023-07-26,QQQ,etf,US Equity,QQQ_RETURN,931557.4224168924,0.0,16615.335366606832,948172.7577834992,948172.7577834992,0.0,0.0,0.0,7,False
2023-07-26,EFA,etf,International Equity,EFA_RETURN,943439.6875316817,0.0,1957.5958289909017,945397.2833606726,945397.2833606726,0.0,0.0,0.0,7,False
2023-07-26,GLD,etf,Commodity,GLD_RETURN,449666.44955318613,0.0,-3433.6962829387962,446232.7532702473,446232.7532702473,0.0,0.0,0.0,7,False
2023-07-26,US5Y,bond,Rates,DGS5_CHANGE,1438282.4036621372,0.0,-2322.5276144841487,1435959.8760476531,1435959.8760476531,0.0,4.5,22.0,7,False
2023-07-26,US10Y,bond,Rates,DGS10_CHANGE,1450161.434231691,0.0,-2852.89513741269,1447308.5390942784,1447308.5390942784,0.0,8.0,70.0,7,False
2023-07-26,USD_CASH,cash,Cash,CASH_RETURN,2391904.2202857267,0.0,0.0,2390932.847461965,2390932.847461965,0.0,0.0,0.0,7,False
2023-07-26,EURUSD_OVERLAY,fx_forward,FX,EURUSD_RETURN,0.0,721496.683131313,-971.3728237617189,0.0,0.0,721496.683131313,0.0,0.0,7,False
2023-07-27,SPY,etf,US Equity,SPY_RETURN,1889765.569873323,0.0,4747.026415261062,1894512.596288584,1894512.596288584,0.0,0.0,0.0,7,False
2023-07-27,QQQ,etf,US Equity,QQQ_RETURN,948172.7577834992,0.0,3032.3737722481387,951205.1315557474,951205.1315557474,0.0,0.0,0.0,7,False
2023-07-27,EFA,etf,International Equity,EFA_RETURN,945397.2833606726,0.0,-536.3860603818877,944860.8973002908,944860.8973002908,0.0,0.0,0.0,7,False
2023-07-27,GLD,etf,Commodity,GLD_RETURN,446232.7532702473,0.0,1249.9814090534178,447482.73467930075,447482.73467930075,0.0,0.0,0.0,7,False
2023-07-27,US5Y,bond,Rates,DGS5_CHANGE,1435959.8760476531,0.0,-262.6500550581855,1435697.2259925948,1435697.2259925948,0.0,4.5,22.0,7,False
2023-07-27,US10Y,bond,Rates,DGS10_CHANGE,1447308.5390942784,0.0,-3267.0146192579004,1444041.5244750204,1444041.5244750204,0.0,8.0,70.0,7,False
2023-07-27,USD_CASH,cash,Cash,CASH_RETURN,2390932.847461965,0.0,0.0,2391930.1617850624,2391930.1617850624,0.0,0.0,0.0,7,False
2023-07-27,EURUSD_OVERLAY,fx_forward,FX,EURUSD_RETURN,0.0,721496.683131313,997.3143230973792,0.0,0.0,721496.683131313,0.0,0.0,7,False
2023-07-28,SPY,etf,US Equity,SPY_RETURN,1894512.596288584,0.0,-3680.226046563239,1890832.3702420208,1890832.3702420208,0.0,0.0,0.0,7,False
2023-07-28,QQQ,etf,US Equity,QQQ_RETURN,951205.1315557474,0.0,2878.259824724433,954083.3913804718,954083.3913804718,0.0,0.0,0.0,7,False
2023-07-28,EFA,etf,International Equity,EFA_RETURN,944860.8973002908,0.0,35.59069247432675,944896.487992765,944896.487992765,0.0,0.0,0.0,7,False
2023-07-28,GLD,etf,Commodity,GLD_RETURN,447482.73467930075,0.0,-4443.596118138238,443039.1385611625,443039.1385611625,0.0,0.0,0.0,7,False
2023-07-28,US5Y,bond,Rates,DGS5_CHANGE,1435697.2259925948,0.0,-620.47773710234,1435076.7482554924,1435076.7482554924,0.0,4.5,22.0,7,False
2023-07-28,US10Y,bond,Rates,DGS10_CHANGE,1444041.5244750204,0.0,-4540.139363604851,1439501.3851114155,1439501.3851114155,0.0,8.0,70.0,7,False
2023-07-28,USD_CASH,cash,Cash,CASH_RETURN,2391930.1617850624,0.0,0.0,2384087.377512476,2384087.377512476,0.0,0.0,0.0,7,False
2023-07-28,EURUSD_OVERLAY,fx_forward,FX,EURUSD_RETURN,0.0,721496.683131313,-7842.784272586668,0.0,0.0,721496.683131313,0.0,0.0,7,False
2023-07-31,SPY,etf,US Equity,SPY_RETURN,1890832.3702420208,0.0,46171.84998486436,1937004.2202268853,1937004.2202268853,0.0,0.0,0.0,7,False
2023-07-31,QQQ,etf,US Equity,QQQ_RETURN,954083.3913804718,0.0,17014.517962174323,971097.9093426461,971097.9093426461,0.0,0.0,0.0,7,False
2023-07-31,EFA,etf,International Equity,EFA_RETURN,944896.487992765,0.0,4919.861041520296,949816.3490342853,949816.3490342853,0.0,0.0,0.0,7,False
2023-07-31,GLD,etf,Commodity,GLD_RETURN,443039.1385611625,0.0,-2771.4468160984616,440267.69174506405,440267.69174506405,0.0,0.0,0.0,7,False
2023-07-31,US5Y,bond,Rates,DGS5_CHANGE,1435076.7482554924,0.0,4649.128198633101,1439725.8764541256,1439725.8764541256,0.0,4.5,22.0,7,False
2023-07-31,US10Y,bond,Rates,DGS10_CHANGE,1439501.3851114155,0.0,5190.875028363792,1444692.2601397794,1444692.2601397794,0.0,8.0,70.0,7,False
2023-07-31,USD_CASH,cash,Cash,CASH_RETURN,2384087.377512476,0.0,0.0,2388447.912547312,2388447.912547312,0.0,0.0,0.0,7,False
2023-07-31,EURUSD_OVERLAY,fx_forward,FX,EURUSD_RETURN,0.0,721496.683131313,4360.535034836486,0.0,0.0,721496.683131313,0.0,0.0,7,False
2023-08-01,SPY,etf,US Equity,SPY_RETURN,1937004.2202268853,0.0,19348.406443443804,1956352.6266703291,1919633.4496103108,0.0,0.0,0.0,8,True
2023-08-01,QQQ,etf,US Equity,QQQ_RETURN,971097.9093426461,0.0,10834.284405014614,981932.1937476607,959816.7248051554,0.0,0.0,0.0,8,True
2023-08-01,EFA,etf,International Equity,EFA_RETURN,949816.3490342853,0.0,999.9553534511731,950816.3043877365,959816.7248051554,0.0,0.0,0.0,8,True
2023-08-01,GLD,etf,Commodity,GLD_RETURN,440267.69174506405,0.0,1683.9764216174494,441951.6681666815,479908.3624025777,0.0,0.0,0.0,8,True
2023-08-01,US5Y,bond,Rates,DGS5_CHANGE,1439725.8764541256,0.0,-1427.613756168699,1438298.262697957,1439725.087207733,0.0,4.5,22.0,8,True
2023-08-01,US10Y,bond,Rates,DGS10_CHANGE,1444692.2601397794,0.0,-136.83681267401246,1444555.4233271054,1439725.087207733,0.0,8.0,70.0,8,True
2023-08-01,USD_CASH,cash,Cash,CASH_RETURN,2388447.912547312,0.0,0.0,2384260.769054082,2399541.8120128885,0.0,0.0,0.0,8,True
2023-08-01,EURUSD_OVERLAY,fx_forward,FX,EURUSD_RETURN,0.0,721496.683131313,-4187.143493230219,0.0,0.0,719862.5436038665,0.0,0.0,8,True
2023-08-02,SPY,etf,US Equity,SPY_RETURN,1919633.4496103108,0.0,-4387.978359656456,1915245.4712506544,1915245.4712506544,0.0,0.0,0.0,8,False
2023-08-02,QQQ,etf,US Equity,QQQ_RETURN,959816.7248051554,0.0,325.2732902466469,960141.998095402,960141.998095402,0.0,0.0,0.0,8,False
2023-08-02,EFA,etf,International Equity,EFA_RETURN,959816.7248051554,0.0,11335.620552671604,971152.345357827,971152.345357827,0.0,0.0,0.0,8,False
2023-08-02,GLD,etf,Commodity,GLD_RETURN,479908.3624025777,0.0,9314.981319315291,489223.343721893,489223.343721893,0.0,0.0,0.0,8,False
2023-08-02,US5Y,bond,Rates,DGS5_CHANGE,1439725.087207733,0.0,1773.3540853556979,1441498.4412930887,1441498.4412930887,0.0,4.5,22.0,8,False
2023-08-02,US10Y,bond,Rates,DGS10_CHANGE,1439725.087207733,0.0,8007.374464526267,1447732.4616722593,1447732.4616722593,0.0,8.0,70.0,8,False
2023-08-02,USD_CASH,cash,Cash,CASH_RETURN,2399541.8120128885,0.0,0.0,2403196.9311741246,2403196.9311741246,0.0,0.0,0.0,8,False
2023-08-02,EURUSD_OVERLAY,fx_forward,FX,EURUSD_RETURN,0.0,719862.5436038665,3655.1191612361667,0.0,0.0,719862.5436038665,0.0,0.0,8,False
2023-08-03,SPY,etf,US Equity,SPY_RETURN,1915245.4712506544,0.0,19442.88349544536,1934688.3547460998,1934688.3547460998,0.0,0.0,0.0,8,False
2023-08-03,QQQ,etf,US Equity,QQQ_RETURN,960141.998095402,0.0,-1629.641241279778,958512.3568541222,958512.3568541222,0.0,0.0,0.0,8,False
2023-08-03,EFA,etf,International Equity,EFA_RETURN,971152.345357827,0.0,8307.574537346274,979459.9198951733,979459.9198951733,0.0,0.0,0.0,8,False
2023-08-03,GLD,etf,Commodity,GLD_RETURN,489223.343721893,0.0,1977.588537343434,491200.9322592364,491200.9322592364,0.0,0.0,0.0,8,False
2023-08-03,US5Y,bond,Rates,DGS5_CHANGE,1441498.4412930887,0.0,-391.7957970610098,1441106.6454960278,1441106.6454960278,0.0,4.5,22.0,8,False
2023-08-03,US10Y,bond,Rates,DGS10_CHANGE,1447732.4616722593,0.0,-1259.6650674725013,1446472.7966047868,1446472.7966047868,0.0,8.0,70.0,8,False
2023-08-03,USD_CASH,cash,Cash,CASH_RETURN,2403196.9311741246,0.0,0.0,2405487.2621586104,2405487.2621586104,0.0,0.0,0.0,8,False
2023-08-03,EURUSD_OVERLAY,fx_forward,FX,EURUSD_RETURN,0.0,719862.5436038665,2290.3309844860228,0.0,0.0,719862.5436038665,0.0,0.0,8,False
2023-08-04,SPY,etf,US Equity,SPY_RETURN,1934688.3547460998,0.0,25862.54316908733,1960550.897915187,1960550.897915187,0.0,0.0,0.0,8,False
2023-08-04,QQQ,etf,US Equity,QQQ_RETURN,958512.3568541222,0.0,18729.372700497675,977241.7295546199,977241.7295546199,0.0,0.0,0.0,8,False
2023-08-04,EFA,etf,International Equity,EFA_RETURN,979459.9198951733,0.0,11788.861019427784,991248.780914601,991248.780914601,0.0,0.0,0.0,8,False
2023-08-04,GLD,etf,Commodity,GLD_RETURN,491200.9322592364,0.0,1418.8614109427267,492619.79367017915,492619.79367017915,0.0,0.0,0.0,8,False
2023-08-04,US5Y,bond,Rates,DGS5_CHANGE,1441106.6454960278,0.0,-565.3695097121612,1440541.2759863157,1440541.2759863157,0.0,4.5,22.0,8,False
2023-08-04,US10Y,bond,Rates,DGS10_CHANGE,1446472.7966047868,0.0,-539.5743143612075,1445933.2222904256,1445933.2222904256,0.0,8.0,70.0,8,False
2023-08-04,USD_CASH,cash,Cash,CASH_RETURN,2405487.2621586104,0.0,0.0,2406236.16789022,2406236.16789022,0.0,0.0,0.0,8,False
2023-08-04,EURUSD_OVERLAY,fx_forward,FX,EURUSD_RETURN,0.0,719862.5436038665,748.9057316097841,0.0,0.0,719862.5436038665,0.0,0.0,8,False
2023-08-07,SPY,etf,US Equity,SPY_RETURN,1960550.897915187,0.0,-25935.467238300138,1934615.4306768868,1934615.4306768868,0.0,0.0,0.0,8,False
2023-08-07,QQQ,etf,US Equity,QQQ_RETURN,977241.7295546199,0.0,-13499.119092934128,963742.6104616857,963742.6104616857,0.0,0.0,0.0,8,False
2023-08-07,EFA,etf,International Equity,EFA_RETURN,991248.780914601,0.0,-16672.763985416754,974576.0169291843,974576.0169291843,0.0,0.0,0.0,8,False
2023-08-07,GLD,etf,Commodity,GLD_RETURN,492619.79367017915,0.0,-5692.337310846984,486927.45635933214,486927.45635933214,0.0,0.0,0.0,8,False
2023-08-07,US5Y,bond,Rates,DGS5_CHANGE,1440541.2759863157,0.0,-490.32182794661054,1440050.954158369,1440050.954158369,0.0,4.5,22.0,8,False
2023-08-07,US10Y,bond,Rates,DGS10_CHANGE,1445933.2222904256,0.0,1694.7141770992712,1447627.9364675249,1447627.9364675249,0.0,8.0,70.0,8,False
2023-08-07,USD_CASH,cash,Cash,CASH_RETURN,2406236.16789022,0.0,0.0,2407900.108007752,2407900.108007752,0.0,0.0,0.0,8,False
2023-08-07,EURUSD_OVERLAY,fx_forward,FX,EURUSD_RETURN,0.0,719862.5436038665,1663.9401175317737,0.0,0.0,719862.5436038665,0.0,0.0,8,False
2023-08-08,SPY,etf,US Equity,SPY_RETURN,1934615.4306768868,0.0,106858.06684279458,2041473.4975196815,2041473.4975196815,0.0,0.0,0.0,8,False
2023-08-08,QQQ,etf,US Equity,QQQ_RETURN,963742.6104616857,0.0,62459.0040568433,1026201.614518529,1026201.614518529,0.0,0.0,0.0,8,False
2023-08-08,EFA,etf,International Equity,EFA_RETURN,974576.0169291843,0.0,32261.200980731566,1006837.2179099158,1006837.2179099158,0.0,0.0,0.0,8,False
2023-08-08,GLD,etf,Commodity,GLD_RETURN,486927.45635933214,0.0,11070.082066472243,497997.5384258044,497997.5384258044,0.0,0.0,0.0,8,False
2023-08-08,US5Y,bond,Rates,DGS5_CHANGE,1440050.954158369,0.0,-238.66877455133812,1439812.2853838177,1439812.2853838177,0.0,4.5,22.0,8,False
2023-08-08,US10Y,bond,Rates,DGS10_CHANGE,1447627.9364675249,0.0,474.12776944327885,1448102.064236968,1448102.064236968,0.0,8.0,70.0,8,False
2023-08-08,USD_CASH,cash,Cash,CASH_RETURN,2407900.108007752,0.0,0.0,2413802.1077118977,2413802.1077118977,0.0,0.0,0.0,8,False
2023-08-08,EURUSD_OVERLAY,fx_forward,FX,EURUSD_RETURN,0.0,719862.5436038665,5901.99970414575,0.0,0.0,719862.5436038665,0.0,0.0,8,False
2023-08-09,SPY,etf,US Equity,SPY_RETURN,2041473.4975196815,0.0,7992.619020477495,2049466.1165401589,2049466.1165401589,0.0,0.0,0.0,8,False
2023-08-09,QQQ,etf,US Equity,QQQ_RETURN,1026201.614518529,0.0,-10016.77247133808,1016184.842047191,1016184.842047191,0.0,0.0,0.0,8,False
2023-08-09,EFA,etf,International Equity,EFA_RETURN,1006837.2179099158,0.0,-2984.8223995364865,1003852.3955103793,1003852.3955103793,0.0,0.0,0.0,8,False
2023-08-09,GLD,etf,Commodity,GLD_RETURN,497997.5384258044,0.0,-1685.67781471492,496311.8606110895,496311.8606110895,0.0,0.0,0.0,8,False
2023-08-09,US5Y,bond,Rates,DGS5_CHANGE,1439812.2853838177,0.0,-3851.614450509601,1435960.670933308,1435960.670933308,0.0,4.5,22.0,8,False
2023-08-09,US10Y,bond,Rates,DGS10_CHANGE,1448102.064236968,0.0,-3096.3602588700132,1445005.703978098,1445005.703978098,0.0,8.0,70.0,8,False
2023-08-09,USD_CASH,cash,Cash,CASH_RETURN,2413802.1077118977,0.0,0.0,2404034.125473808,2404034.125473808,0.0,0.0,0.0,8,False
2023-08-09,EURUSD_OVERLAY,fx_forward,FX,EURUSD_RETURN,0.0,719862.5436038665,-9767.98223808969,0.0,0.0,719862.5436038665,0.0,0.0,8,False
2023-08-10,SPY,etf,US Equity,SPY_RETURN,2049466.1165401589,0.0,-15681.690363069962,2033784.4261770889,2033784.4261770889,0.0,0.0,0.0,8,False
2023-08-10,QQQ,etf,US Equity,QQQ_RETURN,1016184.842047191,0.0,-11017.51740000266,1005167.3246471883,1005167.3246471883,0.0,0.0,0.0,8,False
2023-08-10,EFA,etf,International Equity,EFA_RETURN,1003852.3955103793,0.0,791.6575692990082,1004644.0530796783,1004644.0530796783,0.0,0.0,0.0,8,False
2023-08-10,GLD,etf,Commodity,GLD_RETURN,496311.8606110895,0.0,496.8967836135511,496808.75739470305,496808.75739470305,0.0,0.0,0.0,8,False
2023-08-10,US5Y,bond,Rates,DGS5_CHANGE,1435960.670933308,0.0,-1760.5267022323926,1434200.1442310757,1434200.1442310757,0.0,4.5,22.0,8,False
2023-08-10,US10Y,bond,Rates,DGS10_CHANGE,1445005.703978098,0.0,-9963.26681160309,1435042.437166495,1435042.437166495,0.0,8.0,70.0,8,False
2023-08-10,USD_CASH,cash,Cash,CASH_RETURN,2404034.125473808,0.0,0.0,2407619.661347521,2407619.661347521,0.0,0.0,0.0,8,False
2023-08-10,EURUSD_OVERLAY,fx_forward,FX,EURUSD_RETURN,0.0,719862.5436038665,3585.5358737131983,0.0,0.0,719862.5436038665,0.0,0.0,8,False
2023-08-11,SPY,etf,US Equity,SPY_RETURN,2033784.4261770889,0.0,15863.774639110463,2049648.2008161994,2049648.2008161994,0.0,0.0,0.0,8,False
2023-08-11,QQQ,etf,US Equity,QQQ_RETURN,1005167.3246471883,0.0,1434.9720147505436,1006602.2966619389,1006602.2966619389,0.0,0.0,0.0,8,False
2023-08-11,EFA,etf,International Equity,EFA_RETURN,1004644.0530796783,0.0,1352.8898730036735,1005996.942952682,1005996.942952682,0.0,0.0,0.0,8,False
2023-08-11,GLD,etf,Commodity,GLD_RETURN,496808.75739470305,0.0,-1574.7251196901373,495234.0322750129,495234.0322750129,0.0,0.0,0.0,8,False
2023-08-11,US5Y,bond,Rates,DGS5_CHANGE,1434200.1442310757,0.0,-796.8130734897311,1433403.3311575858,1433403.3311575858,0.0,4.5,22.0,8,False
2023-08-11,US10Y,bond,Rates,DGS10_CHANGE,1435042.437166495,0.0,1882.7758065235532,1436925.2129730186,1436925.2129730186,0.0,8.0,70.0,8,False
2023-08-11,USD_CASH,cash,Cash,CASH_RETURN,2407619.661347521,0.0,0.0,2407384.2481248397,2407384.2481248397,0.0,0.0,0.0,8,False
2023-08-11,EURUSD_OVERLAY,fx_forward,FX,EURUSD_RETURN,0.0,719862.5436038665,-235.4132226811129,0.0,0.0,719862.5436038665,0.0,0.0,8,False
2023-08-14,SPY,etf,US Equity,SPY_RETURN,2049648.2008161994,0.0,-14692.320632365763,2034955.8801838337,2034955.8801838337,0.0,0.0,0.0,8,False
2023-08-14,QQQ,etf,US Equity,QQQ_RETURN,1006602.2966619389,0.0,-12007.580455113704,994594.7162068252,994594.7162068252,0.0,0.0,0.0,8,False
2023-08-14,EFA,etf,International Equity,EFA_RETURN,1005996.942952682,0.0,-10722.6607743741,995274.2821783079,995274.2821783079,0.0,0.0,0.0,8,False
2023-08-14,GLD,etf,Commodity,GLD_RETURN,495234.0322750129,0.0,1693.711848284584,496927.7441232975,496927.7441232975,0.0,0.0,0.0,8,False
2023-08-14,US5Y,bond,Rates,DGS5_CHANGE,1433403.3311575858,0.0,-2897.3918665563915,1430505.9392910295,1430505.9392910295,0.0,4.5,22.0,8,False
2023-08-14,US10Y,bond,Rates,DGS10_CHANGE,1436925.2129730186,0.0,-5580.165867833917,1431345.0471051848,1431345.0471051848,0.0,8.0,70.0,8,False
2023-08-14,USD_CASH,cash,Cash,CASH_RETURN,2407384.2481248397,0.0,0.0,2402294.9335231525,2402294.9335231525,0.0,0.0,0.0,8,False
2023-08-14,EURUSD_OVERLAY,fx_forward,FX,EURUSD_RETURN,0.0,719862.5436038665,-5089.314601687407,0.0,0.0,719862.5436038665,0.0,0.0,8,False
2023-08-15,SPY,etf,US Equity,SPY_RETURN,2034955.8801838337,0.0,14263.823447258274,2049219.7036310919,2049219.7036310919,0.0,0.0,0.0,8,False
2023-08-15,QQQ,etf,US Equity,QQQ_RETURN,994594.7162068252,0.0,2692.7171510595836,997287.4333578848,997287.4333578848,0.0,0.0,0.0,8,False
2023-08-15,EFA,etf,International Equity,EFA_RETURN,995274.2821783079,0.0,5823.979073596133,1001098.2612519041,1001098.2612519041,0.0,0.0,0.0,8,False
2023-08-15,GLD,etf,Commodity,GLD_RETURN,496927.7441232975,0.0,4599.168904679349,501526.9130279769,501526.9130279769,0.0,0.0,0.0,8,False
2023-08-15,US5Y,bond,Rates,DGS5_CHANGE,1430505.9392910295,0.0,-6185.744879206164,1424320.1944118233,1424320.1944118233,0.0,4.5,22.0,8,False
2023-08-15,US10Y,bond,Rates,DGS10_CHANGE,1431345.0471051848,0.0,-2417.137167621981,1428927.909937563,1428927.909937563,0.0,8.0,70.0,8,False
2023-08-15,USD_CASH,cash,Cash,CASH_RETURN,2402294.9335231525,0.0,0.0,2400581.20443654,2400581.20443654,0.0,0.0,0.0,8,False
2023-08-15,EURUSD_OVERLAY,fx_forward,FX,EURUSD_RETURN,0.0,719862.5436038665,-1713.7290866123942,0.0,0.0,719862.5436038665,0.0,0.0,8,False
2023-08-16,SPY,etf,US Equity,SPY_RETURN,2049219.7036310919,0.0,-14829.431847978853,2034390.271783113,2034390.271783113,0.0,0.0,0.0,8,False
2023-08-16,QQQ,etf,US Equity,QQQ_RETURN,997287.4333578848,0.0,-12424.096783498506,984863.3365743862,984863.3365743862,0.0,0.0,0.0,8,False
2023-08-16,EFA,etf,International Equity,EFA_RETURN,1001098.2612519041,0.0,7203.132142745913,1008301.39339465,1008301.39339465,0.0,0.0,0.0,8,False
2023-08-16,GLD,etf,Commodity,GLD_RETURN,501526.9130279769,0.0,-364.48811303278944,501162.4249149441,501162.4249149441,0.0,0.0,0.0,8,False
2023-08-16,US5Y,bond,Rates,DGS5_CHANGE,1424320.1944118233,0.0,-1978.0511390662343,1422342.143272757,1422342.143272757,0.0,4.5,22.0,8,False
2023-08-16,US10Y,bond,Rates,DGS10_CHANGE,1428927.909937563,0.0,-4690.191138578513,1424237.7187989843,1424237.7187989843,0.0,8.0,70.0,8,False
2023-08-16,USD_CASH,cash,Cash,CASH_RETURN,2400581.20443654,0.0,0.0,2405751.6118920045,2405751.6118920045,0.0,0.0,0.0,8,False
2023-08-16,EURUSD_OVERLAY,fx_forward,FX,EURUSD_RETURN,0.0,719862.5436038665,5170.40745546454,0.0,0.0,719862.5436038665,0.0,0.0,8,False
2023-08-17,SPY,etf,US Equity,SPY_RETURN,2034390.271783113,0.0,11556.88377357824,2045947.1555566913,2045947.1555566913,0.0,0.0,0.0,8,False
2023-08-17,QQQ,etf,US Equity,QQQ_RETURN,984863.3365743862,0.0,15697.777976678139,1000561.1145510643,1000561.1145510643,0.0,0.0,0.0,8,False
2023-08-17,EFA,etf,International Equity,EFA_RETURN,1008301.39339465,0.0,14316.335907157509,1022617.7293018075,1022617.7293018075,0.0,0.0,0.0,8,False
2023-08-17,GLD,etf,Commodity,GLD_RETURN,501162.4249149441,0.0,213.75844728624702,501376.18336223037,501376.18336223037,0.0,0.0,0.0,8,False
2023-08-17,US5Y,bond,Rates,DGS5_CHANGE,1422342.143272757,0.0,2765.957355038574,1425108.1006277956,1425108.1006277956,0.0,4.5,22.0,8,False
2023-08-17,US10Y,bond,Rates,DGS10_CHANGE,1424237.7187989843,0.0,5953.6916740349625,1430191.4104730194,1430191.4104730194,0.0,8.0,70.0,8,False
2023-08-17,USD_CASH,cash,Cash,CASH_RETURN,2405751.6118920045,0.0,0.0,2407332.1680440945,2407332.1680440945,0.0,0.0,0.0,8,False
2023-08-17,EURUSD_OVERLAY,fx_forward,FX,EURUSD_RETURN,0.0,719862.5436038665,1580.5561520899512,0.0,0.0,719862.5436038665,0.0,0.0,8,False
2023-08-18,SPY,etf,US Equity,SPY_RETURN,2045947.1555566913,0.0,-199.01675859018715,2045748.138798101,2045748.138798101,0.0,0.0,0.0,8,False
2023-08-18,QQQ,etf,US Equity,QQQ_RETURN,1000561.1145510643,0.0,-5250.10520306395,995311.0093480004,995311.0093480004,0.0,0.0,0.0,8,False
2023-08-18,EFA,etf,International Equity,EFA_RETURN,1022617.7293018075,0.0,-7034.355498624147,1015583.3738031833,1015583.3738031833,0.0,0.0,0.0,8,False
2023-08-18,GLD,etf,Commodity,GLD_RETURN,501376.18336223037,0.0,-4227.386128774356,497148.797233456,497148.797233456,0.0,0.0,0.0,8,False
2023-08-18,US5Y,bond,Rates,DGS5_CHANGE,1425108.1006277956,0.0,261.63965734743584,1425369.740285143,1425369.740285143,0.0,4.5,22.0,8,False
2023-08-18,US10Y,bond,Rates,DGS10_CHANGE,1430191.4104730194,0.0,-1814.7548179689354,1428376.6556550504,1428376.6556550504,0.0,8.0,70.0,8,False
2023-08-18,USD_CASH,cash,Cash,CASH_RETURN,2407332.1680440945,0.0,0.0,2405275.232724036,2405275.232724036,0.0,0.0,0.0,8,False
2023-08-18,EURUSD_OVERLAY,fx_forward,FX,EURUSD_RETURN,0.0,719862.5436038665,-2056.9353200585156,0.0,0.0,719862.5436038665,0.0,0.0,8,False
2023-08-21,SPY,etf,US Equity,SPY_RETURN,2045748.138798101,0.0,5794.589945393327,2051542.7287434945,2051542.7287434945,0.0,0.0,0.0,8,False
2023-08-21,QQQ,etf,US Equity,QQQ_RETURN,995311.0093480004,0.0,2535.193869988935,997846.2032179893,997846.2032179893,0.0,0.0,0.0,8,False
2023-08-21,EFA,etf,International Equity,EFA_RETURN,1015583.3738031833,0.0,-3969.7995479141205,1011613.5742552693,1011613.5742552693,0.0,0.0,0.0,8,False
2023-08-21,GLD,etf,Commodity,GLD_RETURN,497148.797233456,0.0,4637.462443129188,501786.25967658515,501786.25967658515,0.0,0.0,0.0,8,False
2023-08-21,US5Y,bond,Rates,DGS5_CHANGE,1425369.740285143,0.0,-178.9750469908377,1425190.7652381521,1425190.7652381521,0.0,4.5,22.0,8,False
2023-08-21,US10Y,bond,Rates,DGS10_CHANGE,1428376.6556550504,0.0,-38.62653919493359,1428338.0291158555,1428338.0291158555,0.0,8.0,70.0,8,False
2023-08-21,USD_CASH,cash,Cash,CASH_RETURN,2405275.232724036,0.0,0.0,2402786.0656269966,2402786.0656269966,0.0,0.0,0.0,8,False
2023-08-21,EURUSD_OVERLAY,fx_forward,FX,EURUSD_RETURN,0.0,719862.5436038665,-2489.1670970397295,0.0,0.0,719862.5436038665,0.0,0.0,8,False
2023-08-22,SPY,etf,US Equity,SPY_RETURN,2051542.7287434945,0.0,-18322.945827177376,2033219.7829163172,2033219.7829163172,0.0,0.0,0.0,8,False
2023-08-22,QQQ,etf,US Equity,QQQ_RETURN,997846.2032179893,0.0,1200.3274644740065,999046.5306824633,999046.5306824633,0.0,0.0,0.0,8,False
2023-08-22,EFA,etf,International Equity,EFA_RETURN,1011613.5742552693,0.0,-5084.236594783723,1006529.3376604855,1006529.3376604855,0.0,0.0,0.0,8,False
2023-08-22,GLD,etf,Commodity,GLD_RETURN,501786.25967658515,0.0,-10677.043875340392,491109.2158012448,491109.2158012448,0.0,0.0,0.0,8,False
2023-08-22,US5Y,bond,Rates,DGS5_CHANGE,1425190.7652381521,0.0,1226.3401788086364,1426417.1054169608,1426417.1054169608,0.0,4.5,22.0,8,False
2023-08-22,US10Y,bond,Rates,DGS10_CHANGE,1428338.0291158555,0.0,1905.0357051694882,1430243.064821025,1430243.064821025,0.0,8.0,70.0,8,False
2023-08-22,USD_CASH,cash,Cash,CASH_RETURN,2402786.0656269966,0.0,0.0,2395393.3254944854,2395393.3254944854,0.0,0.0,0.0,8,False
2023-08-22,EURUSD_OVERLAY,fx_forward,FX,EURUSD_RETURN,0.0,719862.5436038665,-7392.740132510907,0.0,0.0,719862.5436038665,0.0,0.0,8,False
2023-08-23,SPY,etf,US Equity,SPY_RETURN,2033219.7829163172,0.0,3042.3978276349603,2036262.1807439523,2036262.1807439523,0.0,0.0,0.0,8,False
2023-08-23,QQQ,etf,US Equity,QQQ_RETURN,999046.5306824633,0.0,5525.156316629242,1004571.6869990926,1004571.6869990926,0.0,0.0,0.0,8,False
2023-08-23,EFA,etf,International Equity,EFA_RETURN,1006529.3376604855,0.0,-9971.909081767646,996557.4285787179,996557.4285787179,0.0,0.0,0.0,8,False
2023-08-23,GLD,etf,Commodity,GLD_RETURN,491109.2158012448,0.0,6987.423970570987,498096.63977181574,498096.63977181574,0.0,0.0,0.0,8,False
2023-08-23,US5Y,bond,Rates,DGS5_CHANGE,1426417.1054169608,0.0,1045.6909227024785,1427462.7963396632,1427462.7963396632,0.0,4.5,22.0,8,False
2023-08-23,US10Y,bond,Rates,DGS10_CHANGE,1430243.064821025,0.0,1672.5236924057879,1431915.5885134307,1431915.5885134307,0.0,8.0,70.0,8,False
2023-08-23,USD_CASH,cash,Cash,CASH_RETURN,2395393.3254944854,0.0,0.0,2385323.2240669625,2385323.2240669625,0.0,0.0,0.0,8,False
2023-08-23,EURUSD_OVERLAY,fx_forward,FX,EURUSD_RETURN,0.0,719862.5436038665,-10070.10142752315,0.0,0.0,719862.5436038665,0.0,0.0,8,False
2023-08-24,SPY,etf,US Equity,SPY_RETURN,2036262.1807439523,0.0,15101.975648921469,2051364.1563928737,2051364.1563928737,0.0,0.0,0.0,8,False
2023-08-24,QQQ,etf,US Equity,QQQ_RETURN,1004571.6869990926,0.0,18679.01310382667,1023250.7001029192,1023250.7001029192,0.0,0.0,0.0,8,False
2023-08-24,EFA,etf,International Equity,EFA_RETURN,996557.4285787179,0.0,-867.8119482823815,995689.6166304355,995689.6166304355,0.0,0.0,0.0,8,False
2023-08-24,GLD,etf,Commodity,GLD_RETURN,498096.63977181574,0.0,-4106.773304137586,493989.86646767816,493989.86646767816,0.0,0.0,0.0,8,False
2023-08-24,US5Y,bond,Rates,DGS5_CHANGE,1427462.7963396632,0.0,3869.3919643608106,1431332.188304024,1431332.188304024,0.0,4.5,22.0,8,False
2023-08-24,US10Y,bond,Rates,DGS10_CHANGE,1431915.5885134307,0.0,4711.837735073845,1436627.4262485045,1436627.4262485045,0.0,8.0,70.0,8,False
2023-08-24,USD_CASH,cash,Cash,CASH_RETURN,2385323.2240669625,0.0,0.0,2386088.472743544,2386088.472743544,0.0,0.0,0.0,8,False
2023-08-24,EURUSD_OVERLAY,fx_forward,FX,EURUSD_RETURN,0.0,719862.5436038665,765.2486765815278,0.0,0.0,719862.5436038665,0.0,0.0,8,False
2023-08-25,SPY,etf,US Equity,SPY_RETURN,2051364.1563928737,0.0,-14246.06760303545,2037118.0887898384,2037118.0887898384,0.0,0.0,0.0,8,False
2023-08-25,QQQ,etf,US Equity,QQQ_RETURN,1023250.7001029192,0.0,-12605.133785201348,1010645.5663177179,1010645.5663177179,0.0,0.0,0.0,8,False
2023-08-25,EFA,etf,International Equity,EFA_RETURN,995689.6166304355,0.0,-3925.78331547446,991763.8333149609,991763.8333149609,0.0,0.0,0.0,8,False
2023-08-25,GLD,etf,Commodity,GLD_RETURN,493989.86646767816,0.0,5793.162179318364,499783.02864699654,499783.02864699654,0.0,0.0,0.0,8,False
2023-08-25,US5Y,bond,Rates,DGS5_CHANGE,1431332.188304024,0.0,-2948.9794190796,1428383.2088849444,1428383.2088849444,0.0,4.5,22.0,8,False
2023-08-25,US10Y,bond,Rates,DGS10_CHANGE,1436627.4262485045,0.0,-5088.7047030887015,1431538.721545416,1431538.721545416,0.0,8.0,70.0,8,False
2023-08-25,USD_CASH,cash,Cash,CASH_RETURN,2386088.472743544,0.0,0.0,2386803.068411143,2386803.068411143,0.0,0.0,0.0,8,False
2023-08-25,EURUSD_OVERLAY,fx_forward,FX,EURUSD_RETURN,0.0,719862.5436038665,714.5956675991703,0.0,0.0,719862.5436038665,0.0,0.0,8,False
2023-08-28,SPY,etf,US Equity,SPY_RETURN,2037118.0887898384,0.0,11333.379283282431,2048451.4680731208,2048451.4680731208,0.0,0.0,0.0,8,False
2023-08-28,QQQ,etf,US Equity,QQQ_RETURN,1010645.5663177179,0.0,20463.441043146635,1031109.0073608645,1031109.0073608645,0.0,0.0,0.0,8,False
2023-08-28,EFA,etf,International Equity,EFA_RETURN,991763.8333149609,0.0,11180.368224040563,1002944.2015390015,1002944.2015390015,0.0,0.0,0.0,8,False
2023-08-28,GLD,etf,Commodity,GLD_RETURN,499783.02864699654,0.0,-2950.202750557694,496832.82589643885,496832.82589643885,0.0,0.0,0.0,8,False
2023-08-28,US5Y,bond,Rates,DGS5_CHANGE,1428383.2088849444,0.0,-5524.266516720488,1422858.942368224,1422858.942368224,0.0,4.5,22.0,8,False
2023-08-28,US10Y,bond,Rates,DGS10_CHANGE,1431538.721545416,0.0,-5913.398479374216,1425625.3230660418,1425625.3230660418,0.0,8.0,70.0,8,False
2023-08-28,USD_CASH,cash,Cash,CASH_RETURN,2386803.068411143,0.0,0.0,2387109.8170317775,2387109.8170317775,0.0,0.0,0.0,8,False
2023-08-28,EURUSD_OVERLAY,fx_forward,FX,EURUSD_RETURN,0.0,719862.5436038665,306.748620634272,0.0,0.0,719862.5436038665,0.0,0.0,8,False
2023-08-29,SPY,etf,US Equity,SPY_RETURN,2048451.4680731208,0.0,14539.603113442929,2062991.0711865637,2062991.0711865637,0.0,0.0,0.0,8,False
2023-08-29,QQQ,etf,US Equity,QQQ_RETURN,1031109.0073608645,0.0,24627.204820294184,1055736.2121811588,1055736.2121811588,0.0,0.0,0.0,8,False
2023-08-29,EFA,etf,International Equity,EFA_RETURN,1002944.2015390015,0.0,1722.3359626117715,1004666.5375016133,1004666.5375016133,0.0,0.0,0.0,8,False
2023-08-29,GLD,etf,Commodity,GLD_RETURN,496832.82589643885,0.0,-7087.826868188177,489744.9990282507,489744.9990282507,0.0,0.0,0.0,8,False
2023-08-29,US5Y,bond,Rates,DGS5_CHANGE,1422858.942368224,0.0,-839.5308384232634,1422019.4115298009,1422019.4115298009,0.0,4.5,22.0,8,False
2023-08-29,US10Y,bond,Rates,DGS10_CHANGE,1425625.3230660418,0.0,-6815.8233763299295,1418809.499689712,1418809.499689712,0.0,8.0,70.0,8,False
2023-08-29,USD_CASH,cash,Cash,CASH_RETURN,2387109.8170317775,0.0,0.0,2389379.704094211,2389379.704094211,0.0,0.0,0.0,8,False
2023-08-29,EURUSD_OVERLAY,fx_forward,FX,EURUSD_RETURN,0.0,719862.5436038665,2269.8870624335323,0.0,0.0,719862.5436038665,0.0,0.0,8,False
2023-08-30,SPY,etf,US Equity,SPY_RETURN,2062991.0711865637,0.0,-4700.3871678392325,2058290.6840187244,2058290.6840187244,0.0,0.0,0.0,8,False
2023-08-30,QQQ,etf,US Equity,QQQ_RETURN,1055736.2121811588,0.0,-8165.940028305919,1047570.272152853,1047570.272152853,0.0,0.0,0.0,8,False
2023-08-30,EFA,etf,International Equity,EFA_RETURN,1004666.5375016133,0.0,-4623.158764189325,1000043.3787374239,1000043.3787374239,0.0,0.0,0.0,8,False
2023-08-30,GLD,etf,Commodity,GLD_RETURN,489744.9990282507,0.0,4011.9763356142903,493756.97536386497,493756.97536386497,0.0,0.0,0.0,8,False
2023-08-30,US5Y,bond,Rates,DGS5_CHANGE,1422019.4115298009,0.0,-1886.3114712351153,1420133.1000585658,1420133.1000585658,0.0,4.5,22.0,8,False
2023-08-30,US10Y,bond,Rates,DGS10_CHANGE,1418809.499689712,0.0,-3484.5785397906093,1415324.9211499214,1415324.9211499214,0.0,8.0,70.0,8,False
2023-08-30,USD_CASH,cash,Cash,CASH_RETURN,2389379.704094211,0.0,0.0,2392039.790421517,2392039.790421517,0.0,0.0,0.0,8,False
2023-08-30,EURUSD_OVERLAY,fx_forward,FX,EURUSD_RETURN,0.0,719862.5436038665,2660.0863273057803,0.0,0.0,719862.5436038665,0.0,0.0,8,False
2023-08-31,SPY,etf,US Equity,SPY_RETURN,2058290.6840187244,0.0,-4925.864481151537,2053364.8195375728,2053364.8195375728,0.0,0.0,0.0,8,False
2023-08-31,QQQ,etf,US Equity,QQQ_RETURN,1047570.272152853,0.0,-734.235351195891,1046836.036801657,1046836.036801657,0.0,0.0,0.0,8,False
2023-08-31,EFA,etf,International Equity,EFA_RETURN,1000043.3787374239,0.0,1890.521899067485,1001933.9006364914,1001933.9006364914,0.0,0.0,0.0,8,False
2023-08-31,GLD,etf,Commodity,GLD_RETURN,493756.97536386497,0.0,-7012.418376129077,486744.5569877359,486744.5569877359,0.0,0.0,0.0,8,False
2023-08-31,US5Y,bond,Rates,DGS5_CHANGE,1420133.1000585658,0.0,-1245.8827573283743,1418887.2173012374,1418887.2173012374,0.0,4.5,22.0,8,False
2023-08-31,US10Y,bond,Rates,DGS10_CHANGE,1415324.9211499214,0.0,-6733.60260006376,1408591.3185498577,1408591.3185498577,0.0,8.0,70.0,8,False
2023-08-31,USD_CASH,cash,Cash,CASH_RETURN,2392039.790421517,0.0,0.0,2394631.9420897043,2394631.9420897043,0.0,0.0,0.0,8,False
2023-08-31,EURUSD_OVERLAY,fx_forward,FX,EURUSD_RETURN,0.0,719862.5436038665,2592.1516681871735,0.0,0.0,719862.5436038665,0.0,0.0,8,False
2023-09-01,SPY,etf,US Equity,SPY_RETURN,2053364.8195375728,0.0,-41078.19205729577,2012286.627480277,1948638.2471174167,0.0,0.0,0.0,9,True
2023-09-01,QQQ,etf,US Equity,QQQ_RETURN,1046836.036801657,0.0,-16749.648607960113,1030086.388193697,974319.1235587084,0.0,0.0,0.0,9,True
2023-09-01,EFA,etf,International Equity,EFA_RETURN,1001933.9006364914,0.0,-8066.933176109916,993866.9674603814,974319.1235587084,0.0,0.0,0.0,9,True
2023-09-01,GLD,etf,Commodity,GLD_RETURN,486744.5569877359,0.0,1058.5611194367184,487803.1181071726,487159.5617793542,0.0,0.0,0.0,9,True
2023-09-01,US5Y,bond,Rates,DGS5_CHANGE,1418887.2173012374,0.0,-340.1938159385829,1418547.0234852987,1461478.6853380625,0.0,4.5,22.0,9,True
2023-09-01,US10Y,bond,Rates,DGS10_CHANGE,1408591.3185498577,0.0,-101.55426719314492,1408489.7642826645,1461478.6853380625,0.0,8.0,70.0,9,True
2023-09-01,USD_CASH,cash,Cash,CASH_RETURN,2394631.9420897043,0.0,0.0,2392111.3465775927,2435797.8088967707,0.0,0.0,0.0,9,True
2023-09-01,EURUSD_OVERLAY,fx_forward,FX,EURUSD_RETURN,0.0,719862.5436038665,-2520.5955121115776,0.0,0.0,730739.3426690312,0.0,0.0,9,True
2023-09-04,SPY,etf,US Equity,SPY_RETURN,1948638.2471174167,0.0,14857.914558646851,1963496.1616760637,1963496.1616760637,0.0,0.0,0.0,9,False
2023-09-04,QQQ,etf,US Equity,QQQ_RETURN,974319.1235587084,0.0,-2777.150871488531,971541.9726872199,971541.9726872199,0.0,0.0,0.0,9,False
2023-09-04,EFA,etf,International Equity,EFA_RETURN,974319.1235587084,0.0,2109.7409547092266,976428.8645134176,976428.8645134176,0.0,0.0,0.0,9,False
2023-09-04,GLD,etf,Commodity,GLD_RETURN,487159.5617793542,0.0,5116.106224309933,492275.6680036641,492275.6680036641,0.0,0.0,0.0,9,False
2023-09-04,US5Y,bond,Rates,DGS5_CHANGE,1461478.6853380625,0.0,1949.518176805335,1463428.2035148677,1463428.2035148677,0.0,4.5,22.0,9,False
2023-09-04,US10Y,bond,Rates,DGS10_CHANGE,1461478.6853380625,0.0,2154.5398701378076,1463633.2252082003,1463633.2252082003,0.0,8.0,70.0,9,False
2023-09-04,USD_CASH,cash,Cash,CASH_RETURN,2435797.8088967707,0.0,0.0,2434069.401978764,2434069.401978764,0.0,0.0,0.0,9,False
2023-09-04,EURUSD_OVERLAY,fx_forward,FX,EURUSD_RETURN,0.0,730739.3426690312,-1728.4069180065935,0.0,0.0,730739.3426690312,0.0,0.0,9,False
2023-09-05,SPY,etf,US Equity,SPY_RETURN,1963496.1616760637,0.0,2173.778456078214,1965669.9401321418,1965669.9401321418,0.0,0.0,0.0,9,False
2023-09-05,QQQ,etf,US Equity,QQQ_RETURN,971541.9726872199,0.0,-7798.380086895433,963743.5926003244,963743.5926003244,0.0,0.0,0.0,9,False
2023-09-05,EFA,etf,International Equity,EFA_RETURN,976428.8645134176,0.0,-5229.584145378387,971199.2803680392,971199.2803680392,0.0,0.0,0.0,9,False
2023-09-05,GLD,etf,Commodity,GLD_RETURN,492275.6680036641,0.0,2868.2199965751524,495143.88800023927,495143.88800023927,0.0,0.0,0.0,9,False
2023-09-05,US5Y,bond,Rates,DGS5_CHANGE,1463428.2035148677,0.0,-2172.0606782386926,1461256.142836629,1461256.142836629,0.0,4.5,22.0,9,False
2023-09-05,US10Y,bond,Rates,DGS10_CHANGE,1463633.2252082003,0.0,-4753.907868015478,1458879.3173401847,1458879.3173401847,0.0,8.0,70.0,9,False
2023-09-05,USD_CASH,cash,Cash,CASH_RETURN,2434069.401978764,0.0,0.0,2425078.5195538965,2425078.5195538965,0.0,0.0,0.0,9,False
2023-09-05,EURUSD_OVERLAY,fx_forward,FX,EURUSD_RETURN,0.0,730739.3426690312,-8990.882424867761,0.0,0.0,730739.3426690312,0.0,0.0,9,False
2023-09-06,SPY,etf,US Equity,SPY_RETURN,1965669.9401321418,0.0,-18187.627092170293,1947482.3130399715,1947482.3130399715,0.0,0.0,0.0,9,False
2023-09-06,QQQ,etf,US Equity,QQQ_RETURN,963743.5926003244,0.0,-22143.278958441322,941600.3136418831,941600.3136418831,0.0,0.0,0.0,9,False
2023-09-06,EFA,etf,International Equity,EFA_RETURN,971199.2803680392,0.0,-6667.487670073344,964531.7926979659,964531.7926979659,0.0,0.0,0.0,9,False
2023-09-06,GLD,etf,Commodity,GLD_RETURN,495143.88800023927,0.0,3223.9008316529716,498367.78883189225,498367.78883189225,0.0,0.0,0.0,9,False
2023-09-06,US5Y,bond,Rates,DGS5_CHANGE,1461256.142836629,0.0,-561.0430556743936,1460695.0997809547,1460695.0997809547,0.0,4.5,22.0,9,False
2023-09-06,US10Y,bond,Rates,DGS10_CHANGE,1458879.3173401847,0.0,2166.2613190740735,1461045.5786592588,1461045.5786592588,0.0,8.0,70.0,9,False
2023-09-06,USD_CASH,cash,Cash,CASH_RETURN,2425078.5195538965,0.0,0.0,2423869.010921089,2423869.010921089,0.0,0.0,0.0,9,False
2023-09-06,EURUSD_OVERLAY,fx_forward,FX,EURUSD_RETURN,0.0,730739.3426690312,-1209.5086328075029,0.0,0.0,730739.3426690312,0.0,0.0,9,False
2023-09-07,SPY,etf,US Equity,SPY_RETURN,1947482.3130399715,0.0,3482.8362345128617,1950965.1492744845,1950965.1492744845,0.0,0.0,0.0,9,False
2023-09-07,QQQ,etf,US Equity,QQQ_RETURN,941600.3136418831,0.0,7806.861162430278,949407.1748043133,949407.1748043133,0.0,0.0,0.0,9,False
2023-09-07,EFA,etf,International Equity,EFA_RETURN,964531.7926979659,0.0,-2967.943116531278,961563.8495814346,961563.8495814346,0.0,0.0,0.0,9,False
2023-09-07,GLD,etf,Commodity,GLD_RETURN,498367.78883189225,0.0,-8620.755128402418,489747.0337034898,489747.0337034898,0.0,0.0,0.0,9,False
2023-09-07,US5Y,bond,Rates,DGS5_CHANGE,1460695.0997809547,0.0,1274.0306665941735,1461969.1304475488,1461969.1304475488,0.0,4.5,22.0,9,False
2023-09-07,US10Y,bond,Rates,DGS10_CHANGE,1461045.5786592588,0.0,5761.972397799779,1466807.5510570586,1466807.5510570586,0.0,8.0,70.0,9,False
2023-09-07,USD_CASH,cash,Cash,CASH_RETURN,2423869.010921089,0.0,0.0,2419369.11633573,2419369.11633573,0.0,0.0,0.0,9,False
2023-09-07,EURUSD_OVERLAY,fx_forward,FX,EURUSD_RETURN,0.0,730739.3426690312,-4499.894585359084,0.0,0.0,730739.3426690312,0.0,0.0,9,False
2023-09-08,SPY,etf,US Equity,SPY_RETURN,1950965.1492744845,0.0,4314.180236193179,1955279.3295106776,1955279.3295106776,0.0,0.0,0.0,9,False
2023-09-08,QQQ,etf,US Equity,QQQ_RETURN,949407.1748043133,0.0,11255.732976355057,960662.9077806683,960662.9077806683,0.0,0.0,0.0,9,False
2023-09-08,EFA,etf,International Equity,EFA_RETURN,961563.8495814346,0.0,-7353.72419945478,954210.1253819799,954210.1253819799,0.0,0.0,0.0,9,False
2023-09-08,GLD,etf,Commodity,GLD_RETURN,489747.0337034898,0.0,-13675.088554969761,476071.94514852006,476071.94514852006,0.0,0.0,0.0,9,False
2023-09-08,US5Y,bond,Rates,DGS5_CHANGE,1461969.1304475488,0.0,568.2239071700816,1462537.354354719,1462537.354354719,0.0,4.5,22.0,9,False
2023-09-08,US10Y,bond,Rates,DGS10_CHANGE,1466807.5510570586,0.0,1043.583192254864,1467851.1342493135,1467851.1342493135,0.0,8.0,70.0,9,False
2023-09-08,USD_CASH,cash,Cash,CASH_RETURN,2419369.11633573,0.0,0.0,2413220.429555765,2413220.429555765,0.0,0.0,0.0,9,False
2023-09-08,EURUSD_OVERLAY,fx_forward,FX,EURUSD_RETURN,0.0,730739.3426690312,-6148.686779965196,0.0,0.0,730739.3426690312,0.0,0.0,9,False
2023-09-11,SPY,etf,US Equity,SPY_RETURN,1955279.3295106776,0.0,-24219.06817283561,1931060.261337842,1931060.261337842,0.0,0.0,0.0,9,False
2023-09-11,QQQ,etf,US Equity,QQQ_RETURN,960662.9077806683,0.0,-9875.747691184124,950787.1600894842,950787.1600894842,0.0,0.0,0.0,9,False
2023-09-11,EFA,etf,International Equity,EFA_RETURN,954210.1253819799,0.0,-12401.248324311897,941808.8770576679,941808.8770576679,0.0,0.0,0.0,9,False
2023-09-11,GLD,etf,Commodity,GLD_RETURN,476071.94514852006,0.0,-1709.718697798044,474362.226450722,474362.226450722,0.0,0.0,0.0,9,False
2023-09-11,US5Y,bond,Rates,DGS5_CHANGE,1462537.354354719,0.0,1666.5934189081388,1464203.947773627,1464203.947773627,0.0,4.5,22.0,9,False
2023-09-11,US10Y,bond,Rates,DGS10_CHANGE,1467851.1342493135,0.0,-359.11819723784106,1467492.0160520757,1467492.0160520757,0.0,8.0,70.0,9,False
2023-09-11,USD_CASH,cash,Cash,CASH_RETURN,2413220.429555765,0.0,0.0,2411187.600087446,2411187.600087446,0.0,0.0,0.0,9,False
2023-09-11,EURUSD_OVERLAY,fx_forward,FX,EURUSD_RETURN,0.0,730739.3426690312,-2032.8294683186698,0.0,0.0,730739.3426690312,0.0,0.0,9,False
2023-09-12,SPY,etf,US Equity,SPY_RETURN,1931060.261337842,0.0,12305.856221938227,1943366.1175597804,1943366.1175597804,0.0,0.0,0.0,9,False
2023-09-12,QQQ,etf,US Equity,QQQ_RETURN,950787.1600894842,0.0,13813.983001666566,964601.1430911508,964601.1430911508,0.0,0.0,0.0,9,False
2023-09-12,EFA,etf,International Equity,EFA_RETURN,941808.8770576679,0.0,4553.650202140956,946362.5272598088,946362.5272598088,0.0,0.0,0.0,9,False
2023-09-12,GLD,etf,Commodity,GLD_RETURN,474362.226450722,0.0,2546.9481889506474,476909.1746396727,476909.1746396727,0.0,0.0,0.0,9,False
2023-09-12,US5Y,bond,Rates,DGS5_CHANGE,1464203.947773627,0.0,2637.07202719606,1466841.0198008232,1466841.0198008232,0.0,4.5,22.0,9,False
2023-09-12,US10Y,bond,Rates,DGS10_CHANGE,1467492.0160520757,0.0,6159.006228437077,1473651.0222805128,1473651.0222805128,0.0,8.0,70.0,9,False
2023-09-12,USD_CASH,cash,Cash,CASH_RETURN,2411187.600087446,0.0,0.0,2403283.4896199093,2403283.4896199093,0.0,0.0,0.0,9,False
2023-09-12,EURUSD_OVERLAY,fx_forward,FX,EURUSD_RETURN,0.0,730739.3426690312,-7904.110467536832,0.0,0.0,730739.3426690312,0.0,0.0,9,False
2023-09-13,SPY,etf,US Equity,SPY_RETURN,1943366.1175597804,0.0,14352.544180809626,1957718.66174059,1957718.66174059,0.0,0.0,0.0,9,False
2023-09-13,QQQ,etf,US Equity,QQQ_RETURN,964601.1430911508,0.0,5979.4806127108795,970580.6237038617,970580.6237038617,0.0,0.0,0.0,9,False
2023-09-13,EFA,etf,International Equity,EFA_RETURN,946362.5272598088,0.0,31.404603262772536,946393.9318630716,946393.9318630716,0.0,0.0,0.0,9,False
2023-09-13,GLD,etf,Commodity,GLD_RETURN,476909.1746396727,0.0,4986.763109335566,481895.93774900824,481895.93774900824,0.0,0.0,0.0,9,False
2023-09-13,US5Y,bond,Rates,DGS5_CHANGE,1466841.0198008232,0.0,-456.76528687223913,1466384.254513951,1466384.254513951,0.0,4.5,22.0,9,False
2023-09-13,US10Y,bond,Rates,DGS10_CHANGE,1473651.0222805128,0.0,4587.366063715645,1478238.3883442285,1478238.3883442285,0.0,8.0,70.0,9,False
2023-09-13,USD_CASH,cash,Cash,CASH_RETURN,2403283.4896199093,0.0,0.0,2400428.685953815,2400428.685953815,0.0,0.0,0.0,9,False
2023-09-13,EURUSD_OVERLAY,fx_forward,FX,EURUSD_RETURN,0.0,730739.3426690312,-2854.803666094253,0.0,0.0,730739.3426690312,0.0,0.0,9,False
2023-09-14,SPY,etf,US Equity,SPY_RETURN,1957718.66174059,0.0,25474.384870831116,1983193.046611421,1983193.046611421,0.0,0.0,0.0,9,False
2023-09-14,QQQ,etf,US Equity,QQQ_RETURN,970580.6237038617,0.0,24917.418567077933,995498.0422709397,995498.0422709397,0.0,0.0,0.0,9,False
2023-09-14,EFA,etf,International Equity,EFA_RETURN,946393.9318630716,0.0,14670.923493102075,961064.8553561737,961064.8553561737,0.0,0.0,0.0,9,False
2023-09-14,GLD,etf,Commodity,GLD_RETURN,481895.93774900824,0.0,-5374.243342820801,476521.69440618745,476521.69440618745,0.0,0.0,0.0,9,False
2023-09-14,US5Y,bond,Rates,DGS5_CHANGE,1466384.254513951,0.0,5165.047895600498,1471549.3024095516,1471549.3024095516,0.0,4.5,22.0,9,False
2023-09-14,US10Y,bond,Rates,DGS10_CHANGE,1478238.3883442285,0.0,7651.945678993109,1485890.3340232216,1485890.3340232216,0.0,8.0,70.0,9,False
2023-09-14,USD_CASH,cash,Cash,CASH_RETURN,2400428.685953815,0.0,0.0,2397801.103109581,2397801.103109581,0.0,0.0,0.0,9,False
2023-09-14,EURUSD_OVERLAY,fx_forward,FX,EURUSD_RETURN,0.0,730739.3426690312,-2627.5828442339607,0.0,0.0,730739.3426690312,0.0,0.0,9,False
2023-09-15,SPY,etf,US Equity,SPY_RETURN,1983193.046611421,0.0,-22327.934031302084,1960865.112580119,1960865.112580119,0.0,0.0,0.0,9,False
2023-09-15,QQQ,etf,US Equity,QQQ_RETURN,995498.0422709397,0.0,4126.93111297104,999624.9733839107,999624.9733839107,0.0,0.0,0.0,9,False
2023-09-15,EFA,etf,International Equity,EFA_RETURN,961064.8553561737,0.0,-1156.4291142360773,959908.4262419377,959908.4262419377,0.0,0.0,0.0,9,False
2023-09-15,GLD,etf,Commodity,GLD_RETURN,476521.69440618745,0.0,-1006.3883123948242,475515.3060937926,475515.3060937926,0.0,0.0,0.0,9,False
2023-09-15,US5Y,bond,Rates,DGS5_CHANGE,1471549.3024095516,0.0,-612.0213515332034,1470937.2810580183,1470937.2810580183,0.0,4.5,22.0,9,False
2023-09-15,US10Y,bond,Rates,DGS10_CHANGE,1485890.3340232216,0.0,-4839.743644860768,1481050.5903783608,1481050.5903783608,0.0,8.0,70.0,9,False
2023-09-15,USD_CASH,cash,Cash,CASH_RETURN,2397801.103109581,0.0,0.0,2399577.4225467667,2399577.4225467667,0.0,0.0,0.0,9,False
2023-09-15,EURUSD_OVERLAY,fx_forward,FX,EURUSD_RETURN,0.0,730739.3426690312,1776.3194371859847,0.0,0.0,730739.3426690312,0.0,0.0,9,False
2023-09-18,SPY,etf,US Equity,SPY_RETURN,1960865.112580119,0.0,20983.358479559083,1981848.4710596781,1981848.4710596781,0.0,0.0,0.0,9,False
2023-09-18,QQQ,etf,US Equity,QQQ_RETURN,999624.9733839107,0.0,21565.033322309388,1021190.0067062201,1021190.0067062201,0.0,0.0,0.0,9,False
2023-09-18,EFA,etf,International Equity,EFA_RETURN,959908.4262419377,0.0,-5466.067582769391,954442.3586591682,954442.3586591682,0.0,0.0,0.0,9,False
2023-09-18,GLD,etf,Commodity,GLD_RETURN,475515.3060937926,0.0,8055.915147028566,483571.2212408212,483571.2212408212,0.0,0.0,0.0,9,False
2023-09-18,US5Y,bond,Rates,DGS5_CHANGE,1470937.2810580183,0.0,-1213.417119333071,1469723.8639386853,1469723.8639386853,0.0,4.5,22.0,9,False
2023-09-18,US10Y,bond,Rates,DGS10_CHANGE,1481050.5903783608,0.0,-5111.6952445538045,1475938.895133807,1475938.895133807,0.0,8.0,70.0,9,False
2023-09-18,USD_CASH,cash,Cash,CASH_RETURN,2399577.4225467667,0.0,0.0,2391671.7961168494,2391671.7961168494,0.0,0.0,0.0,9,False
2023-09-18,EURUSD_OVERLAY,fx_forward,FX,EURUSD_RETURN,0.0,730739.3426690312,-7905.626429917157,0.0,0.0,730739.3426690312,0.0,0.0,9,False
2023-09-19,SPY,etf,US Equity,SPY_RETURN,1981848.4710596781,0.0,-15321.951560390218,1966526.519499288,1966526.519499288,0.0,0.0,0.0,9,False
2023-09-19,QQQ,etf,US Equity,QQQ_RETURN,1021190.0067062201,0.0,-13622.094466911425,1007567.9122393087,1007567.9122393087,0.0,0.0,0.0,9,False
2023-09-19,EFA,etf,International Equity,EFA_RETURN,954442.3586591682,0.0,-1133.7079972044771,953308.6506619637,953308.6506619637,0.0,0.0,0.0,9,False
2023-09-19,GLD,etf,Commodity,GLD_RETURN,483571.2212408212,0.0,-1621.2695516302797,481949.9516891909,481949.9516891909,0.0,0.0,0.0,9,False
2023-09-19,US5Y,bond,Rates,DGS5_CHANGE,1469723.8639386853,0.0,213.82564854794083,1469937.6895872331,1469937.6895872331,0.0,4.5,22.0,9,False
2023-09-19,US10Y,bond,Rates,DGS10_CHANGE,1475938.895133807,0.0,1654.332592337139,1477593.2277261443,1477593.2277261443,0.0,8.0,70.0,9,False
2023-09-19,USD_CASH,cash,Cash,CASH_RETURN,2391671.7961168494,0.0,0.0,2388878.5814756937,2388878.5814756937,0.0,0.0,0.0,9,False
2023-09-19,EURUSD_OVERLAY,fx_forward,FX,EURUSD_RETURN,0.0,730739.3426690312,-2793.214641155452,0.0,0.0,730739.3426690312,0.0,0.0,9,False
2023-09-20,SPY,etf,US Equity,SPY_RETURN,1966526.519499288,0.0,30335.31064359131,1996861.8301428792,1996861.8301428792,0.0,0.0,0.0,9,False
2023-09-20,QQQ,etf,US Equity,QQQ_RETURN,1007567.9122393087,0.0,13763.979912882136,1021331.8921521908,1021331.8921521908,0.0,0.0,0.0,9,False
2023-09-20,EFA,etf,International Equity,EFA_RETURN,953308.6506619637,0.0,9837.415035122585,963146.0656970863,963146.0656970863,0.0,0.0,0.0,9,False
2023-09-20,GLD,etf,Commodity,GLD_RETURN,481949.9516891909,0.0,1879.545037731929,483829.4967269228,483829.4967269228,0.0,0.0,0.0,9,False
2023-09-20,US5Y,bond,Rates,DGS5_CHANGE,1469937.6895872331,0.0,-486.3817970555569,1469451.3077901776,1469451.3077901776,0.0,4.5,22.0,9,False
2023-09-20,US10Y,bond,Rates,DGS10_CHANGE,1477593.2277261443,0.0,-4160.556174284821,1473432.6715518595,1473432.6715518595,0.0,8.0,70.0,9,False
2023-09-20,USD_CASH,cash,Cash,CASH_RETURN,2388878.5814756937,0.0,0.0,2389530.2954901084,2389530.2954901084,0.0,0.0,0.0,9,False
2023-09-20,EURUSD_OVERLAY,fx_forward,FX,EURUSD_RETURN,0.0,730739.3426690312,651.7140144145706,0.0,0.0,730739.3426690312,0.0,0.0,9,False
2023-09-21,SPY,etf,US Equity,SPY_RETURN,1996861.8301428792,0.0,2702.035128856923,1999563.8652717362,1999563.8652717362,0.0,0.0,0.0,9,False
2023-09-21,QQQ,etf,US Equity,QQQ_RETURN,1021331.8921521908,0.0,2071.5975370920833,1023403.4896892828,1023403.4896892828,0.0,0.0,0.0,9,False
2023-09-21,EFA,etf,International Equity,EFA_RETURN,963146.0656970863,0.0,-6862.942485932639,956283.1232111537,956283.1232111537,0.0,0.0,0.0,9,False
2023-09-21,GLD,etf,Commodity,GLD_RETURN,483829.4967269228,0.0,8562.285858187035,492391.7825851098,492391.7825851098,0.0,0.0,0.0,9,False
2023-09-21,US5Y,bond,Rates,DGS5_CHANGE,1469451.3077901776,0.0,-2532.534922637251,1466918.7728675404,1466918.7728675404,0.0,4.5,22.0,9,False
2023-09-21,US10Y,bond,Rates,DGS10_CHANGE,1473432.6715518595,0.0,-7504.94330936926,1465927.7282424902,1465927.7282424902,0.0,8.0,70.0,9,False
2023-09-21,USD_CASH,cash,Cash,CASH_RETURN,2389530.2954901084,0.0,0.0,2388844.8705383646,2388844.8705383646,0.0,0.0,0.0,9,False
2023-09-21,EURUSD_OVERLAY,fx_forward,FX,EURUSD_RETURN,0.0,730739.3426690312,-685.4249517436135,0.0,0.0,730739.3426690312,0.0,0.0,9,False
2023-09-22,SPY,etf,US Equity,SPY_RETURN,1999563.8652717362,0.0,5302.517969535096,2004866.3832412714,2004866.3832412714,0.0,0.0,0.0,9,False
2023-09-22,QQQ,etf,US Equity,QQQ_RETURN,1023403.4896892828,0.0,-5592.848904540732,1017810.6407847421,1017810.6407847421,0.0,0.0,0.0,9,False
2023-09-22,EFA,etf,International Equity,EFA_RETURN,956283.1232111537,0.0,12316.673109620999,968599.7963207747,968599.7963207747,0.0,0.0,0.0,9,False
2023-09-22,GLD,etf,Commodity,GLD_RETURN,492391.7825851098,0.0,3534.415546037676,495926.1981311475,495926.1981311475,0.0,0.0,0.0,9,False
2023-09-22,US5Y,bond,Rates,DGS5_CHANGE,1466918.7728675404,0.0,-116.34901469864339,1466802.4238528418,1466802.4238528418,0.0,4.5,22.0,9,False
2023-09-22,US10Y,bond,Rates,DGS10_CHANGE,1465927.7282424902,0.0,-2473.91924020335,1463453.8090022868,1463453.8090022868,0.0,8.0,70.0,9,False
2023-09-22,USD_CASH,cash,Cash,CASH_RETURN,2388844.8705383646,0.0,0.0,2394669.057917641,2394669.057917641,0.0,0.0,0.0,9,False
2023-09-22,EURUSD_OVERLAY,fx_forward,FX,EURUSD_RETURN,0.0,730739.3426690312,5824.187379276492,0.0,0.0,730739.3426690312,0.0,0.0,9,False
2023-09-25,SPY,etf,US Equity,SPY_RETURN,2004866.3832412714,0.0,12114.232301166538,2016980.6155424379,2016980.6155424379,0.0,0.0,0.0,9,False
2023-09-25,QQQ,etf,US Equity,QQQ_RETURN,1017810.6407847421,0.0,639.9704325302117,1018450.6112172722,1018450.6112172722,0.0,0.0,0.0,9,False
2023-09-25,EFA,etf,International Equity,EFA_RETURN,968599.7963207747,0.0,-1281.0320817612567,967318.7642390134,967318.7642390134,0.0,0.0,0.0,9,False
2023-09-25,GLD,etf,Commodity,GLD_RETURN,495926.1981311475,0.0,1330.5090502684716,497256.7071814159,497256.7071814159,0.0,0.0,0.0,9,False
2023-09-25,US5Y,bond,Rates,DGS5_CHANGE,1466802.4238528418,0.0,-1954.8461931619725,1464847.5776596798,1464847.5776596798,0.0,4.5,22.0,9,False
2023-09-25,US10Y,bond,Rates,DGS10_CHANGE,1463453.8090022868,0.0,-2710.9365716899524,1460742.8724305967,1460742.8724305967,0.0,8.0,70.0,9,False
2023-09-25,USD_CASH,cash,Cash,CASH_RETURN,2394669.057917641,0.0,0.0,2392839.355682904,2392839.355682904,0.0,0.0,0.0,9,False
2023-09-25,EURUSD_OVERLAY,fx_forward,FX,EURUSD_RETURN,0.0,730739.3426690312,-1829.7022347373293,0.0,0.0,730739.3426690312,0.0,0.0,9,False
2023-09-26,SPY,etf,US Equity,SPY_RETURN,2016980.6155424379,0.0,-4831.621267270893,2012148.994275167,2012148.994275167,0.0,0.0,0.0,9,False
2023-09-26,QQQ,etf,US Equity,QQQ_RETURN,1018450.6112172722,0.0,-6861.816145351306,1011588.795071921,1011588.795071921,0.0,0.0,0.0,9,False
2023-09-26,EFA,etf,International Equity,EFA_RETURN,967318.7642390134,0.0,-12822.905838352523,954495.8584006609,954495.8584006609,0.0,0.0,0.0,9,False
2023-09-26,GLD,etf,Commodity,GLD_RETURN,497256.7071814159,0.0,-678.925255247827,496577.7819261681,496577.7819261681,0.0,0.0,0.0,9,False
2023-09-26,US5Y,bond,Rates,DGS5_CHANGE,1464847.5776596798,0.0,6077.101708908579,1470924.6793685884,1470924.6793685884,0.0,4.5,22.0,9,False
2023-09-26,US10Y,bond,Rates,DGS10_CHANGE,1460742.8724305967,0.0,13400.565308862111,1474143.4377394589,1474143.4377394589,0.0,8.0,70.0,9,False
2023-09-26,USD_CASH,cash,Cash,CASH_RETURN,2392839.355682904,0.0,0.0,2384373.3848576113,2384373.3848576113,0.0,0.0,0.0,9,False
2023-09-26,EURUSD_OVERLAY,fx_forward,FX,EURUSD_RETURN,0.0,730739.3426690312,-8465.970825292537,0.0,0.0,730739.3426690312,0.0,0.0,9,False
2023-09-27,SPY,etf,US Equity,SPY_RETURN,2012148.994275167,0.0,-21577.383777720563,1990571.6104974463,1990571.6104974463,0.0,0.0,0.0,9,False
2023-09-27,QQQ,etf,US Equity,QQQ_RETURN,1011588.795071921,0.0,-15067.296398623692,996521.4986732972,996521.4986732972,0.0,0.0,0.0,9,False
2023-09-27,EFA,etf,International Equity,EFA_RETURN,954495.8584006609,0.0,-10347.331403121516,944148.5269975394,944148.5269975394,0.0,0.0,0.0,9,False
2023-09-27,GLD,etf,Commodity,GLD_RETURN,496577.7819261681,0.0,-6644.248945475808,489933.53298069234,489933.53298069234,0.0,0.0,0.0,9,False
2023-09-27,US5Y,bond,Rates,DGS5_CHANGE,1470924.6793685884,0.0,-301.7610660682955,1470622.9183025202,1470622.9183025202,0.0,4.5,22.0,9,False
2023-09-27,US10Y,bond,Rates,DGS10_CHANGE,1474143.4377394589,0.0,-3958.1938160805094,1470185.2439233784,1470185.2439233784,0.0,8.0,70.0,9,False
2023-09-27,USD_CASH,cash,Cash,CASH_RETURN,2384373.3848576113,0.0,0.0,2376594.710649459,2376594.710649459,0.0,0.0,0.0,9,False
2023-09-27,EURUSD_OVERLAY,fx_forward,FX,EURUSD_RETURN,0.0,730739.3426690312,-7778.674208152224,0.0,0.0,730739.3426690312,0.0,0.0,9,False
2023-09-28,SPY,etf,US Equity,SPY_RETURN,1990571.6104974463,0.0,20108.822033749337,2010680.4325311957,2010680.4325311957,0.0,0.0,0.0,9,False
2023-09-28,QQQ,etf,US Equity,QQQ_RETURN,996521.4986732972,0.0,3928.621750482728,1000450.1204237799,1000450.1204237799,0.0,0.0,0.0,9,False
2023-09-28,EFA,etf,International Equity,EFA_RETURN,944148.5269975394,0.0,10449.088322307018,954597.6153198464,954597.6153198464,0.0,0.0,0.0,9,False
2023-09-28,GLD,etf,Commodity,GLD_RETURN,489933.53298069234,0.0,-4187.326713248681,485746.20626744366,485746.20626744366,0.0,0.0,0.0,9,False
2023-09-28,US5Y,bond,Rates,DGS5_CHANGE,1470622.9183025202,0.0,-5417.5044841855,1465205.4138183347,1465205.4138183347,0.0,4.5,22.0,9,False
2023-09-28,US10Y,bond,Rates,DGS10_CHANGE,1470185.2439233784,0.0,-10439.4513713642,1459745.792552014,1459745.792552014,0.0,8.0,70.0,9,False
2023-09-28,USD_CASH,cash,Cash,CASH_RETURN,2376594.710649459,0.0,0.0,2381345.283346272,2381345.283346272,0.0,0.0,0.0,9,False
2023-09-28,EURUSD_OVERLAY,fx_forward,FX,EURUSD_RETURN,0.0,730739.3426690312,4750.572696812944,0.0,0.0,730739.3426690312,0.0,0.0,9,False
2023-09-29,SPY,etf,US Equity,SPY_RETURN,2010680.4325311957,0.0,28687.61307718039,2039368.0456083762,2039368.0456083762,0.0,0.0,0.0,9,False
2023-09-29,QQQ,etf,US Equity,QQQ_RETURN,1000450.1204237799,0.0,12285.60476717514,1012735.7251909551,1012735.7251909551,0.0,0.0,0.0,9,False
2023-09-29,EFA,etf,International Equity,EFA_RETURN,954597.6153198464,0.0,9770.55237088792,964368.1676907344,964368.1676907344,0.0,0.0,0.0,9,False
2023-09-29,GLD,etf,Commodity,GLD_RETURN,485746.20626744366,0.0,-4073.808869456093,481672.39739798754,481672.39739798754,0.0,0.0,0.0,9,False
2023-09-29,US5Y,bond,Rates,DGS5_CHANGE,1465205.4138183347,0.0,2152.63476121725,1467358.048579552,1467358.048579552,0.0,4.5,22.0,9,False
2023-09-29,US10Y,bond,Rates,DGS10_CHANGE,1459745.792552014,0.0,4300.771707057848,1464046.564259072,1464046.564259072,0.0,8.0,70.0,9,False
2023-09-29,USD_CASH,cash,Cash,CASH_RETURN,2381345.283346272,0.0,0.0,2387019.16115848,2387019.16115848,0.0,0.0,0.0,9,False
2023-09-29,EURUSD_OVERLAY,fx_forward,FX,EURUSD_RETURN,0.0,730739.3426690312,5673.877812208276,0.0,0.0,730739.3426690312,0.0,0.0,9,False
2023-10-02,SPY,etf,US Equity,SPY_RETURN,2039368.0456083762,0.0,-29058.42195642286,2010309.6236519532,1954242.6593104773,0.0,0.0,0.0,10,True
2023-10-02,QQQ,etf,US Equity,QQQ_RETURN,1012735.7251909551,0.0,-14913.41062490546,997822.3145660496,977121.3296552387,0.0,0.0,0.0,10,True
2023-10-02,EFA,etf,International Equity,EFA_RETURN,964368.1676907344,0.0,-11344.745007180058,953023.4226835544,977121.3296552387,0.0,0.0,0.0,10,True
2023-10-02,GLD,etf,Commodity,GLD_RETURN,481672.39739798754,0.0,4526.7778963375695,486199.1752943251,488560.66482761933,0.0,0.0,0.0,10,True
2023-10-02,US5Y,bond,Rates,DGS5_CHANGE,1467358.048579552,0.0,991.6273490646225,1468349.6759286167,1465681.9944828579,0.0,4.5,22.0,10,True
2023-10-02,US10Y,bond,Rates,DGS10_CHANGE,1464046.564259072,0.0,3140.318477867053,1467186.882736939,1465681.9944828579,0.0,8.0,70.0,10,True
2023-10-02,USD_CASH,cash,Cash,CASH_RETURN,2387019.16115848,0.0,0.0,2388322.2016909486,2442803.3241380965,0.0,0.0,0.0,10,True
2023-10-02,EURUSD_OVERLAY,fx_forward,FX,EURUSD_RETURN,0.0,730739.3426690312,1303.0405324685028,0.0,0.0,732840.9972414289,0.0,0.0,10,True
2023-10-03,SPY,etf,US Equity,SPY_RETURN,1954242.6593104773,0.0,-9962.516815591847,1944280.1424948855,1944280.1424948855,0.0,0.0,0.0,10,False
2023-10-03,QQQ,etf,US Equity,QQQ_RETURN,977121.3296552387,0.0,1139.598121675812,978260.9277769144,978260.9277769144,0.0,0.0,0.0,10,False
2023-10-03,EFA,etf,International Equity,EFA_RETURN,977121.3296552387,0.0,-2488.7280530397693,974632.6016021989,974632.6016021989,0.0,0.0,0.0,10,False
2023-10-03,GLD,etf,Commodity,GLD_RETURN,488560.66482761933,0.0,2386.138225606918,490946.80305322626,490946.80305322626,0.0,0.0,0.0,10,False
2023-10-03,US5Y,bond,Rates,DGS5_CHANGE,1465681.9944828579,0.0,-197.11385513774763,1465484.8806277202,1465484.8806277202,0.0,4.5,22.0,10,False
2023-10-03,US10Y,bond,Rates,DGS10_CHANGE,1465681.9944828579,0.0,-6904.321925946753,1458777.6725569111,1458777.6725569111,0.0,8.0,70.0,10,False
2023-10-03,USD_CASH,cash,Cash,CASH_RETURN,2442803.3241380965,0.0,0.0,2437808.605397076,2437808.605397076,0.0,0.0,0.0,10,False
2023-10-03,EURUSD_OVERLAY,fx_forward,FX,EURUSD_RETURN,0.0,732840.9972414289,-4994.718741020839,0.0,0.0,732840.9972414289,0.0,0.0,10,False
2023-10-04,SPY,etf,US Equity,SPY_RETURN,1944280.1424948855,0.0,-11434.393731202,1932845.7487636835,1932845.7487636835,0.0,0.0,0.0,10,False
2023-10-04,QQQ,etf,US Equity,QQQ_RETURN,978260.9277769144,0.0,-5827.759065853681,972433.1687110608,972433.1687110608,0.0,0.0,0.0,10,False
2023-10-04,EFA,etf,International Equity,EFA_RETURN,974632.6016021989,0.0,1565.0122410053243,976197.6138432042,976197.6138432042,0.0,0.0,0.0,10,False
2023-10-04,GLD,etf,Commodity,GLD_RETURN,490946.80305322626,0.0,-2148.11118424963,488798.69186897663,488798.69186897663,0.0,0.0,0.0,10,False
2023-10-04,US5Y,bond,Rates,DGS5_CHANGE,1465484.8806277202,0.0,1551.7843780712583,1467036.6650057915,1467036.6650057915,0.0,4.5,22.0,10,False
2023-10-04,US10Y,bond,Rates,DGS10_CHANGE,1458777.6725569111,0.0,338.467479763296,1459116.1400366744,1459116.1400366744,0.0,8.0,70.0,10,False
2023-10-04,USD_CASH,cash,Cash,CASH_RETURN,2437808.605397076,0.0,0.0,2438636.669283483,2438636.669283483,0.0,0.0,0.0,10,False
2023-10-04,EURUSD_OVERLAY,fx_forward,FX,EURUSD_RETURN,0.0,732840.9972414289,828.0638864070957,0.0,0.0,732840.9972414289,0.0,0.0,10,False
2023-10-05,SPY,etf,US Equity,SPY_RETURN,1932845.7487636835,0.0,-952.4543859222135,1931893.2943777612,1931893.2943777612,0.0,0.0,0.0,10,False
2023-10-05,QQQ,etf,US Equity,QQQ_RETURN,972433.1687110608,0.0,-1647.318317122866,970785.8503939379,970785.8503939379,0.0,0.0,0.0,10,False
2023-10-05,EFA,etf,International Equity,EFA_RETURN,976197.6138432042,0.0,6675.320837793583,982872.9346809979,982872.9346809979,0.0,0.0,0.0,10,False
2023-10-05,GLD,etf,Commodity,GLD_RETURN,488798.69186897663,0.0,2647.517006713208,491446.20887568983,491446.20887568983,0.0,0.0,0.0,10,False
2023-10-05,US5Y,bond,Rates,DGS5_CHANGE,1467036.6650057915,0.0,-388.5970147943959,1466648.067990997,1466648.067990997,0.0,4.5,22.0,10,False
2023-10-05,US10Y,bond,Rates,DGS10_CHANGE,1459116.1400366744,0.0,-1913.667854881034,1457202.4721817933,1457202.4721817933,0.0,8.0,70.0,10,False
2023-10-05,USD_CASH,cash,Cash,CASH_RETURN,2438636.669283483,0.0,0.0,2441158.4039395032,2441158.4039395032,0.0,0.0,0.0,10,False
2023-10-05,EURUSD_OVERLAY,fx_forward,FX,EURUSD_RETURN,0.0,732840.9972414289,2521.734656020031,0.0,0.0,732840.9972414289,0.0,0.0,10,False
2023-10-06,SPY,etf,US Equity,SPY_RETURN,1931893.2943777612,0.0,6573.2674179377,1938466.561795699,1938466.561795699,0.0,0.0,0.0,10,False
2023-10-06,QQQ,etf,US Equity,QQQ_RETURN,970785.8503939379,0.0,-5586.648238497099,965199.2021554408,965199.2021554408,0.0,0.0,0.0,10,False
2023-10-06,EFA,etf,International Equity,EFA_RETURN,982872.9346809979,0.0,11040.979772619547,993913.9144536174,993913.9144536174,0.0,0.0,0.0,10,False
2023-10-06,GLD,etf,Commodity,GLD_RETURN,491446.20887568983,0.0,-3928.0079371798975,487518.20093850995,487518.20093850995,0.0,0.0,0.0,10,False
2023-10-06,US5Y,bond,Rates,DGS5_CHANGE,1466648.067990997,0.0,-1147.099931405293,1465500.9680595917,1465500.9680595917,0.0,4.5,22.0,10,False
2023-10-06,US10Y,bond,Rates,DGS10_CHANGE,1457202.4721817933,0.0,-579.3679247099394,1456623.1042570833,1456623.1042570833,0.0,8.0,70.0,10,False
2023-10-06,USD_CASH,cash,Cash,CASH_RETURN,2441158.4039395032,0.0,0.0,2443719.111946848,2443719.111946848,0.0,0.0,0.0,10,False
2023-10-06,EURUSD_OVERLAY,fx_forward,FX,EURUSD_RETURN,0.0,732840.9972414289,2560.708007345082,0.0,0.0,732840.9972414289,0.0,0.0,10,False
2023-10-09,SPY,etf,US Equity,SPY_RETURN,1938466.561795699,0.0,10596.420588462272,1949062.9823841613,1949062.9823841613,0.0,0.0,0.0,10,False
2023-10-09,QQQ,etf,US Equity,QQQ_RETURN,965199.2021554408,0.0,12242.794052282066,977441.9962077229,977441.9962077229,0.0,0.0,0.0,10,False
2023-10-09,EFA,etf,International Equity,EFA_RETURN,993913.9144536174,0.0,300.15620775828893,994214.0706613756,994214.0706613756,0.0,0.0,0.0,10,False
2023-10-09,GLD,etf,Commodity,GLD_RETURN,487518.20093850995,0.0,4265.410233502055,491783.611172012,491783.611172012,0.0,0.0,0.0,10,False
2023-10-09,US5Y,bond,Rates,DGS5_CHANGE,1465500.9680595917,0.0,-2337.550783710647,1463163.4172758812,1463163.4172758812,0.0,4.5,22.0,10,False
2023-10-09,US10Y,bond,Rates,DGS10_CHANGE,1456623.1042570833,0.0,-7241.267895138578,1449381.8363619447,1449381.8363619447,0.0,8.0,70.0,10,False
2023-10-09,USD_CASH,cash,Cash,CASH_RETURN,2443719.111946848,0.0,0.0,2439246.8222239045,2439246.8222239045,0.0,0.0,0.0,10,False
2023-10-09,EURUSD_OVERLAY,fx_forward,FX,EURUSD_RETURN,0.0,732840.9972414289,-4472.289722943786,0.0,0.0,732840.9972414289,0.0,0.0,10,False
2023-10-10,SPY,etf,US Equity,SPY_RETURN,1949062.9823841613,0.0,9888.936929213754,1958951.9193133751,1958951.9193133751,0.0,0.0,0.0,10,False
2023-10-10,QQQ,etf,US Equity,QQQ_RETURN,977441.9962077229,0.0,5352.453461464204,982794.4496691872,982794.4496691872,0.0,0.0,0.0,10,False
2023-10-10,EFA,etf,International Equity,EFA_RETURN,994214.0706613756,0.0,-2151.083389288727,992062.9872720869,992062.9872720869,0.0,0.0,0.0,10,False
2023-10-10,GLD,etf,Commodity,GLD_RETURN,491783.611172012,0.0,2701.8468832750805,494485.4580552871,494485.4580552871,0.0,0.0,0.0,10,False
2023-10-10,US5Y,bond,Rates,DGS5_CHANGE,1463163.4172758812,0.0,1340.8837710243931,1464504.3010469056,1464504.3010469056,0.0,4.5,22.0,10,False
2023-10-10,US10Y,bond,Rates,DGS10_CHANGE,1449381.8363619447,0.0,-2272.70377402797,1447109.1325879167,1447109.1325879167,0.0,8.0,70.0,10,False
2023-10-10,USD_CASH,cash,Cash,CASH_RETURN,2439246.8222239045,0.0,0.0,2440638.751225556,2440638.751225556,0.0,0.0,0.0,10,False
2023-10-10,EURUSD_OVERLAY,fx_forward,FX,EURUSD_RETURN,0.0,732840.9972414289,1391.9290016513219,0.0,0.0,732840.9972414289,0.0,0.0,10,False
2023-10-11,SPY,etf,US Equity,SPY_RETURN,1958951.9193133751,0.0,9663.107322997139,1968615.0266363723,1968615.0266363723,0.0,0.0,0.0,10,False
2023-10-11,QQQ,etf,US Equity,QQQ_RETURN,982794.4496691872,0.0,-1346.9185952189464,981447.5310739683,981447.5310739683,0.0,0.0,0.0,10,False
2023-10-11,EFA,etf,International Equity,EFA_RETURN,992062.9872720869,0.0,-4459.001685650697,987603.9855864362,987603.9855864362,0.0,0.0,0.0,10,False
2023-10-11,GLD,etf,Commodity,GLD_RETURN,494485.4580552871,0.0,98.83628453435988,494584.29433982144,494584.29433982144,0.0,0.0,0.0,10,False
2023-10-11,US5Y,bond,Rates,DGS5_CHANGE,1464504.3010469056,0.0,226.0161301522427,1464730.3171770577,1464730.3171770577,0.0,4.5,22.0,10,False
2023-10-11,US10Y,bond,Rates,DGS10_CHANGE,1447109.1325879167,0.0,2597.883734870827,1449707.0163227876,1449707.0163227876,0.0,8.0,70.0,10,False
2023-10-11,USD_CASH,cash,Cash,CASH_RETURN,2440638.751225556,0.0,0.0,2440622.89912595,2440622.89912595,0.0,0.0,0.0,10,False
2023-10-11,EURUSD_OVERLAY,fx_forward,FX,EURUSD_RETURN,0.0,732840.9972414289,-15.852099605981955,0.0,0.0,732840.9972414289,0.0,0.0,10,False
2023-10-12,SPY,etf,US Equity,SPY_RETURN,1968615.0266363723,0.0,17911.07283954995,1986526.0994759223,1986526.0994759223,0.0,0.0,0.0,10,False
2023-10-12,QQQ,etf,US Equity,QQQ_RETURN,981447.5310739683,0.0,3791.529966817248,985239.0610407855,985239.0610407855,0.0,0.0,0.0,10,False
2023-10-12,EFA,etf,International Equity,EFA_RETURN,987603.9855864362,0.0,3623.270437980395,991227.2560244167,991227.2560244167,0.0,0.0,0.0,10,False
2023-10-12,GLD,etf,Commodity,GLD_RETURN,494584.29433982144,0.0,4846.74499699204,499431.0393368135,499431.0393368135,0.0,0.0,0.0,10,False
2023-10-12,US5Y,bond,Rates,DGS5_CHANGE,1464730.3171770577,0.0,-27.94898330584466,1464702.368193752,1464702.368193752,0.0,4.5,22.0,10,False
2023-10-12,US10Y,bond,Rates,DGS10_CHANGE,1449707.0163227876,0.0,2356.0009030013266,1452063.017225789,1452063.017225789,0.0,8.0,70.0,10,False
2023-10-12,USD_CASH,cash,Cash,CASH_RETURN,2440622.89912595,0.0,0.0,2441401.6640892616,2441401.6640892616,0.0,0.0,0.0,10,False
2023-10-12,EURUSD_OVERLAY,fx_forward,FX,EURUSD_RETURN,0.0,732840.9972414289,778.764963311466,0.0,0.0,732840.9972414289,0.0,0.0,10,False
2023-10-13,SPY,etf,US Equity,SPY_RETURN,1986526.0994759223,0.0,-30071.02389000459,1956455.0755859178,1956455.0755859178,0.0,0.0,0.0,10,False
2023-10-13,QQQ,etf,US Equity,QQQ_RETURN,985239.0610407855,0.0,-6908.785566715158,978330.2754740703,978330.2754740703,0.0,0.0,0.0,10,False
2023-10-13,EFA,etf,International Equity,EFA_RETURN,991227.2560244167,0.0,-10870.997141882322,980356.2588825343,980356.2588825343,0.0,0.0,0.0,10,False
2023-10-13,GLD,etf,Commodity,GLD_RETURN,499431.0393368135,0.0,-5077.82629291639,494353.2130438971,494353.2130438971,0.0,0.0,0.0,10,False
2023-10-13,US5Y,bond,Rates,DGS5_CHANGE,1464702.368193752,0.0,822.3621285402472,1465524.730322292,1465524.730322292,0.0,4.5,22.0,10,False
2023-10-13,US10Y,bond,Rates,DGS10_CHANGE,1452063.017225789,0.0,-545.0558675061825,1451517.9613582827,1451517.9613582827,0.0,8.0,70.0,10,False
2023-10-13,USD_CASH,cash,Cash,CASH_RETURN,2441401.6640892616,0.0,0.0,2434420.019087413,2434420.019087413,0.0,0.0,0.0,10,False
2023-10-13,EURUSD_OVERLAY,fx_forward,FX,EURUSD_RETURN,0.0,732840.9972414289,-6981.645001848757,0.0,0.0,732840.9972414289,0.0,0.0,10,False
2023-10-16,SPY,etf,US Equity,SPY_RETURN,1956455.0755859178,0.0,-18514.305999219065,1937940.7695866989,1937940.7695866989,0.0,0.0,0.0,10,False
2023-10-16,QQQ,etf,US Equity,QQQ_RETURN,978330.2754740703,0.0,-7746.054200675515,970584.2212733948,970584.2212733948,0.0,0.0,0.0,10,False
2023-10-16,EFA,etf,International Equity,EFA_RETURN,980356.2588825343,0.0,-8262.684213175298,972093.574669359,972093.574669359,0.0,0.0,0.0,10,False
2023-10-16,GLD,etf,Commodity,GLD_RETURN,494353.2130438971,0.0,2819.0251362095446,497172.2381801067,497172.2381801067,0.0,0.0,0.0,10,False
2023-10-16,US5Y,bond,Rates,DGS5_CHANGE,1465524.730322292,0.0,-648.3122420721639,1464876.41808022,1464876.41808022,0.0,4.5,22.0,10,False
2023-10-16,US10Y,bond,Rates,DGS10_CHANGE,1451517.9613582827,0.0,187.53474346524877,1451705.496101748,1451705.496101748,0.0,8.0,70.0,10,False
2023-10-16,USD_CASH,cash,Cash,CASH_RETURN,2434420.019087413,0.0,0.0,2439023.63578052,2439023.63578052,0.0,0.0,0.0,10,False
2023-10-16,EURUSD_OVERLAY,fx_forward,FX,EURUSD_RETURN,0.0,732840.9972414289,4603.616693107131,0.0,0.0,732840.9972414289,0.0,0.0,10,False
2023-10-17,SPY,etf,US Equity,SPY_RETURN,1937940.7695866989,0.0,-5340.029277310923,1932600.740309388,1932600.740309388,0.0,0.0,0.0,10,False
2023-10-17,QQQ,etf,US Equity,QQQ_RETURN,970584.2212733948,0.0,4616.55068041434,975200.7719538091,975200.7719538091,0.0,0.0,0.0,10,False
2023-10-17,EFA,etf,International Equity,EFA_RETURN,972093.574669359,0.0,-2465.4293268038487,969628.1453425551,969628.1453425551,0.0,0.0,0.0,10,False
2023-10-17,GLD,etf,Commodity,GLD_RETURN,497172.2381801067,0.0,83.22108005884132,497255.4592601655,497255.4592601655,0.0,0.0,0.0,10,False
2023-10-17,US5Y,bond,Rates,DGS5_CHANGE,1464876.41808022,0.0,-1234.5820730794906,1463641.8360071406,1463641.8360071406,0.0,4.5,22.0,10,False
2023-10-17,US10Y,bond,Rates,DGS10_CHANGE,1451705.496101748,0.0,729.3462064289026,1452434.842308177,1452434.842308177,0.0,8.0,70.0,10,False
2023-10-17,USD_CASH,cash,Cash,CASH_RETURN,2439023.63578052,0.0,0.0,2433410.432095103,2433410.432095103,0.0,0.0,0.0,10,False
2023-10-17,EURUSD_OVERLAY,fx_forward,FX,EURUSD_RETURN,0.0,732840.9972414289,-5613.203685417001,0.0,0.0,732840.9972414289,0.0,0.0,10,False
2023-10-18,SPY,etf,US Equity,SPY_RETURN,1932600.740309388,0.0,-4150.297092365694,1928450.443217022,1928450.443217022,0.0,0.0,0.0,10,False
2023-10-18,QQQ,etf,US Equity,QQQ_RETURN,975200.7719538091,0.0,-14774.416835748494,960426.3551180606,960426.3551180606,0.0,0.0,0.0,10,False
2023-10-18,EFA,etf,International Equity,EFA_RETURN,969628.1453425551,0.0,-6466.6130593122425,963161.5322832429,963161.5322832429,0.0,0.0,0.0,10,False
2023-10-18,GLD,etf,Commodity,GLD_RETURN,497255.4592601655,0.0,-2511.124279060633,494744.3349811049,494744.3349811049,0.0,0.0,0.0,10,False
2023-10-18,US5Y,bond,Rates,DGS5_CHANGE,1463641.8360071406,0.0,-824.376096067599,1462817.459911073,1462817.459911073,0.0,4.5,22.0,10,False
2023-10-18,US10Y,bond,Rates,DGS10_CHANGE,1452434.842308177,0.0,-394.56707490490896,1452040.275233272,1452040.275233272,0.0,8.0,70.0,10,False
2023-10-18,USD_CASH,cash,Cash,CASH_RETURN,2433410.432095103,0.0,0.0,2432449.1964280363,2432449.1964280363,0.0,0.0,0.0,10,False
2023-10-18,EURUSD_OVERLAY,fx_forward,FX,EURUSD_RETURN,0.0,732840.9972414289,-961.2356670668339,0.0,0.0,732840.9972414289,0.0,0.0,10,False
2023-10-19,SPY,etf,US Equity,SPY_RETURN,1928450.443217022,0.0,29930.485732106976,1958380.928949129,1958380.928949129,0.0,0.0,0.0,10,False
2023-10-19,QQQ,etf,US Equity,QQQ_RETURN,960426.3551180606,0.0,12217.063624380658,972643.4187424412,972643.4187424412,0.0,0.0,0.0,10,False
2023-10-19,EFA,etf,International Equity,EFA_RETURN,963161.5322832429,0.0,2930.454156306293,966091.9864395492,966091.9864395492,0.0,0.0,0.0,10,False
2023-10-19,GLD,etf,Commodity,GLD_RETURN,494744.3349811049,0.0,3857.7605194800667,498602.0955005849,498602.0955005849,0.0,0.0,0.0,10,False
2023-10-19,US5Y,bond,Rates,DGS5_CHANGE,1462817.459911073,0.0,2191.9214110567086,1465009.3813221299,1465009.3813221299,0.0,4.5,22.0,10,False
2023-10-19,US10Y,bond,Rates,DGS10_CHANGE,1452040.275233272,0.0,4600.426747438655,1456640.7019807107,1456640.7019807107,0.0,8.0,70.0,10,False
2023-10-19,USD_CASH,cash,Cash,CASH_RETURN,2432449.1964280363,0.0,0.0,2432234.1598788975,2432234.1598788975,0.0,0.0,0.0,10,False
2023-10-19,EURUSD_OVERLAY,fx_forward,FX,EURUSD_RETURN,0.0,732840.9972414289,-215.03654913874655,0.0,0.0,732840.9972414289,0.0,0.0,10,False
2023-10-20,SPY,etf,US Equity,SPY_RETURN,1958380.928949129,0.0,17153.169066717877,1975534.098015847,1975534.098015847,0.0,0.0,0.0,10,False
2023-10-20,QQQ,etf,US Equity,QQQ_RETURN,972643.4187424412,0.0,13066.039289580625,985709.4580320219,985709.4580320219,0.0,0.0,0.0,10,False
2023-10-20,EFA,etf,International Equity,EFA_RETURN,966091.9864395492,0.0,3149.1153690903084,969241.1018086396,969241.1018086396,0.0,0.0,0.0,10,False
2023-10-20,GLD,etf,Commodity,GLD_RETURN,498602.0955005849,0.0,3991.215378255374,502593.3108788403,502593.3108788403,0.0,0.0,0.0,10,False
2023-10-20,US5Y,bond,Rates,DGS5_CHANGE,1465009.3813221299,0.0,347.52701574535,1465356.9083378753,1465356.9083378753,0.0,4.5,22.0,10,False
2023-10-20,US10Y,bond,Rates,DGS10_CHANGE,1456640.7019807107,0.0,5670.838276863518,1462311.5402575743,1462311.5402575743,0.0,8.0,70.0,10,False
2023-10-20,USD_CASH,cash,Cash,CASH_RETURN,2432234.1598788975,0.0,0.0,2435367.6197677096,2435367.6197677096,0.0,0.0,0.0,10,False
2023-10-20,EURUSD_OVERLAY,fx_forward,FX,EURUSD_RETURN,0.0,732840.9972414289,3133.459888812112,0.0,0.0,732840.9972414289,0.0,0.0,10,False
2023-10-23,SPY,etf,US Equity,SPY_RETURN,1975534.098015847,0.0,-19361.72179595286,1956172.376219894,1956172.376219894,0.0,0.0,0.0,10,False
2023-10-23,QQQ,etf,US Equity,QQQ_RETURN,985709.4580320219,0.0,-1573.228591243427,984136.2294407785,984136.2294407785,0.0,0.0,0.0,10,False
2023-10-23,EFA,etf,International Equity,EFA_RETURN,969241.1018086396,0.0,-10294.09432984587,958947.0074787937,958947.0074787937,0.0,0.0,0.0,10,False
2023-10-23,GLD,etf,Commodity,GLD_RETURN,502593.3108788403,0.0,2043.7856224790773,504637.0965013194,504637.0965013194,0.0,0.0,0.0,10,False
2023-10-23,US5Y,bond,Rates,DGS5_CHANGE,1465356.9083378753,0.0,-1939.91172773931,1463416.996610136,1463416.996610136,0.0,4.5,22.0,10,False
2023-10-23,US10Y,bond,Rates,DGS10_CHANGE,1462311.5402575743,0.0,3314.9660502709694,1465626.5063078452,1465626.5063078452,0.0,8.0,70.0,10,False
2023-10-23,USD_CASH,cash,Cash,CASH_RETURN,2435367.6197677096,0.0,0.0,2432022.4362733876,2432022.4362733876,0.0,0.0,0.0,10,False
2023-10-23,EURUSD_OVERLAY,fx_forward,FX,EURUSD_RETURN,0.0,732840.9972414289,-3345.183494321789,0.0,0.0,732840.9972414289,0.0,0.0,10,False
2023-10-24,SPY,etf,US Equity,SPY_RETURN,1956172.376219894,0.0,-11157.834216453277,1945014.5420034407,1945014.5420034407,0.0,0.0,0.0,10,False
2023-10-24,QQQ,etf,US Equity,QQQ_RETURN,984136.2294407785,0.0,-9023.731922454894,975112.4975183236,975112.4975183236,0.0,0.0,0.0,10,False
2023-10-24,EFA,etf,International Equity,EFA_RETURN,958947.0074787937,0.0,-4797.832192957462,954149.1752858362,954149.1752858362,0.0,0.0,0.0,10,False
2023-10-24,GLD,etf,Commodity,GLD_RETURN,504637.0965013194,0.0,899.2966411835106,505536.3931425029,505536.3931425029,0.0,0.0,0.0,10,False
2023-10-24,US5Y,bond,Rates,DGS5_CHANGE,1463416.996610136,0.0,-1788.2649979849161,1461628.731612151,1461628.731612151,0.0,4.5,22.0,10,False
2023-10-24,US10Y,bond,Rates,DGS10_CHANGE,1465626.5063078452,0.0,-4095.0457336273894,1461531.4605742178,1461531.4605742178,0.0,8.0,70.0,10,False
2023-10-24,USD_CASH,cash,Cash,CASH_RETURN,2432022.4362733876,0.0,0.0,2434866.695683646,2434866.695683646,0.0,0.0,0.0,10,False
2023-10-24,EURUSD_OVERLAY,fx_forward,FX,EURUSD_RETURN,0.0,732840.9972414289,2844.259410258555,0.0,0.0,732840.9972414289,0.0,0.0,10,False
2023-10-25,SPY,etf,US Equity,SPY_RETURN,1945014.5420034407,0.0,-55448.2913373844,1889566.2506660563,1889566.2506660563,0.0,0.0,0.0,10,False
2023-10-25,QQQ,etf,US Equity,QQQ_RETURN,975112.4975183236,0.0,-37310.02097909538,937802.4765392282,937802.4765392282,0.0,0.0,0.0,10,False
2023-10-25,EFA,etf,International Equity,EFA_RETURN,954149.1752858362,0.0,-43908.87488474449,910240.3004010917,910240.3004010917,0.0,0.0,0.0,10,False
2023-10-25,GLD,etf,Commodity,GLD_RETURN,505536.3931425029,0.0,25165.96340514382,530702.3565476467,530702.3565476467,0.0,0.0,0.0,10,False
2023-10-25,US5Y,bond,Rates,DGS5_CHANGE,1461628.731612151,0.0,-2266.9431177949987,1459361.788494356,1459361.788494356,0.0,4.5,22.0,10,False
2023-10-25,US10Y,bond,Rates,DGS10_CHANGE,1461531.4605742178,0.0,-2250.2285588130953,1459281.2320154049,1459281.2320154049,0.0,8.0,70.0,10,False
2023-10-25,USD_CASH,cash,Cash,CASH_RETURN,2434866.695683646,0.0,0.0,2421502.6988834576,2421502.6988834576,0.0,0.0,0.0,10,False
2023-10-25,EURUSD_OVERLAY,fx_forward,FX,EURUSD_RETURN,0.0,732840.9972414289,-13363.996800188268,0.0,0.0,732840.9972414289,0.0,0.0,10,False
2023-10-26,SPY,etf,US Equity,SPY_RETURN,1889566.2506660563,0.0,24958.238630992786,1914524.4892970491,1914524.4892970491,0.0,0.0,0.0,10,False
2023-10-26,QQQ,etf,US Equity,QQQ_RETURN,937802.4765392282,0.0,18548.808435845312,956351.2849750735,956351.2849750735,0.0,0.0,0.0,10,False
2023-10-26,EFA,etf,International Equity,EFA_RETURN,910240.3004010917,0.0,9241.352685375898,919481.6530864676,919481.6530864676,0.0,0.0,0.0,10,False
2023-10-26,GLD,etf,Commodity,GLD_RETURN,530702.3565476467,0.0,628.5167491607979,531330.8732968075,531330.8732968075,0.0,0.0,0.0,10,False
2023-10-26,US5Y,bond,Rates,DGS5_CHANGE,1459361.788494356,0.0,-1252.4829790025442,1458109.3055153533,1458109.3055153533,0.0,4.5,22.0,10,False
2023-10-26,US10Y,bond,Rates,DGS10_CHANGE,1459281.2320154049,0.0,-4825.920804582843,1454455.311210822,1454455.311210822,0.0,8.0,70.0,10,False
2023-10-26,USD_CASH,cash,Cash,CASH_RETURN,2421502.6988834576,0.0,0.0,2420806.1601850823,2420806.1601850823,0.0,0.0,0.0,10,False
2023-10-26,EURUSD_OVERLAY,fx_forward,FX,EURUSD_RETURN,0.0,732840.9972414289,-696.5386983751619,0.0,0.0,732840.9972414289,0.0,0.0,10,False
2023-10-27,SPY,etf,US Equity,SPY_RETURN,1914524.4892970491,0.0,-1573.6240095308424,1912950.8652875184,1912950.8652875184,0.0,0.0,0.0,10,False
2023-10-27,QQQ,etf,US Equity,QQQ_RETURN,956351.2849750735,0.0,10846.980344217009,967198.2653192906,967198.2653192906,0.0,0.0,0.0,10,False
2023-10-27,EFA,etf,International Equity,EFA_RETURN,919481.6530864676,0.0,3045.2369931113867,922526.8900795791,922526.8900795791,0.0,0.0,0.0,10,False
2023-10-27,GLD,etf,Commodity,GLD_RETURN,531330.8732968075,0.0,5271.5450816724815,536602.41837848,536602.41837848,0.0,0.0,0.0,10,False
2023-10-27,US5Y,bond,Rates,DGS5_CHANGE,1458109.3055153533,0.0,1364.4405290546795,1459473.746044408,1459473.746044408,0.0,4.5,22.0,10,False
2023-10-27,US10Y,bond,Rates,DGS10_CHANGE,1454455.311210822,0.0,397.3793445075831,1454852.6905553297,1454852.6905553297,0.0,8.0,70.0,10,False
2023-10-27,USD_CASH,cash,Cash,CASH_RETURN,2420806.1601850823,0.0,0.0,2419694.212244849,2419694.212244849,0.0,0.0,0.0,10,False
2023-10-27,EURUSD_OVERLAY,fx_forward,FX,EURUSD_RETURN,0.0,732840.9972414289,-1111.9479402333463,0.0,0.0,732840.9972414289,0.0,0.0,10,False
2023-10-30,SPY,etf,US Equity,SPY_RETURN,1912950.8652875184,0.0,-14623.120030579621,1898327.7452569387,1898327.7452569387,0.0,0.0,0.0,10,False
2023-10-30,QQQ,etf,US Equity,QQQ_RETURN,967198.2653192906,0.0,-17596.00446141572,949602.2608578749,949602.2608578749,0.0,0.0,0.0,10,False
2023-10-30,EFA,etf,International Equity,EFA_RETURN,922526.8900795791,0.0,4370.952347751332,926897.8424273304,926897.8424273304,0.0,0.0,0.0,10,False
2023-10-30,GLD,etf,Commodity,GLD_RETURN,536602.41837848,0.0,19675.6579157334,556278.0762942134,556278.0762942134,0.0,0.0,0.0,10,False
2023-10-30,US5Y,bond,Rates,DGS5_CHANGE,1459473.746044408,0.0,-3781.559029836247,1455692.1870145719,1455692.1870145719,0.0,4.5,22.0,10,False
2023-10-30,US10Y,bond,Rates,DGS10_CHANGE,1454852.6905553297,0.0,-6281.79044706872,1448570.900108261,1448570.900108261,0.0,8.0,70.0,10,False
2023-10-30,USD_CASH,cash,Cash,CASH_RETURN,2419694.212244849,0.0,0.0,2419668.945514337,2419668.945514337,0.0,0.0,0.0,10,False
2023-10-30,EURUSD_OVERLAY,fx_forward,FX,EURUSD_RETURN,0.0,732840.9972414289,-25.266730511855087,0.0,0.0,732840.9972414289,0.0,0.0,10,False
2023-10-31,SPY,etf,US Equity,SPY_RETURN,1898327.7452569387,0.0,-1987.70074735516,1896340.0445095836,1896340.0445095836,0.0,0.0,0.0,10,False
2023-10-31,QQQ,etf,US Equity,QQQ_RETURN,949602.2608578749,0.0,-8440.52430873533,941161.7365491395,941161.7365491395,0.0,0.0,0.0,10,False
2023-10-31,EFA,etf,International Equity,EFA_RETURN,926897.8424273304,0.0,-2465.8120497155264,924432.0303776149,924432.0303776149,0.0,0.0,0.0,10,False
2023-10-31,GLD,etf,Commodity,GLD_RETURN,556278.0762942134,0.0,-8691.907017810176,547586.1692764033,547586.1692764033,0.0,0.0,0.0,10,False
2023-10-31,US5Y,bond,Rates,DGS5_CHANGE,1455692.1870145719,0.0,-1041.9574537264152,1454650.2295608455,1454650.2295608455,0.0,4.5,22.0,10,False
2023-10-31,US10Y,bond,Rates,DGS10_CHANGE,1448570.900108261,0.0,3672.4469264073377,1452243.3470346683,1452243.3470346683,0.0,8.0,70.0,10,False
2023-10-31,USD_CASH,cash,Cash,CASH_RETURN,2419668.945514337,0.0,0.0,2416164.537220027,2416164.537220027,0.0,0.0,0.0,10,False
2023-10-31,EURUSD_OVERLAY,fx_forward,FX,EURUSD_RETURN,0.0,732840.9972414289,-3504.4082943102003,0.0,0.0,732840.9972414289,0.0,0.0,10,False
2023-11-01,SPY,etf,US Equity,SPY_RETURN,1896340.0445095836,0.0,6549.600055362783,1902889.6445649464,1925709.2339664747,0.0,0.0,0.0,11,True
2023-11-01,QQQ,etf,US Equity,QQQ_RETURN,941161.7365491395,0.0,16744.12395409224,957905.8605032318,962854.6169832373,0.0,0.0,0.0,11,True
2023-11-01,EFA,etf,International Equity,EFA_RETURN,924432.0303776149,0.0,2560.6587806874195,926992.6891583023,962854.6169832373,0.0,0.0,0.0,11,True
2023-11-01,GLD,etf,Commodity,GLD_RETURN,547586.1692764033,0.0,-5665.906068478001,541920.2632079253,481427.30849161866,0.0,0.0,0.0,11,True
2023-11-01,US5Y,bond,Rates,DGS5_CHANGE,1454650.2295608455,0.0,-5730.250695259452,1448919.978865586,1444281.9254748558,0.0,4.5,22.0,11,True
2023-11-01,US10Y,bond,Rates,DGS10_CHANGE,1452243.3470346683,0.0,-17342.097036440384,1434901.249998228,1444281.9254748558,0.0,8.0,70.0,11,True
2023-11-01,USD_CASH,cash,Cash,CASH_RETURN,2416164.537220027,0.0,0.0,2415016.483534154,2407136.5424580933,0.0,0.0,0.0,11,True
2023-11-01,EURUSD_OVERLAY,fx_forward,FX,EURUSD_RETURN,0.0,732840.9972414289,-1148.0536858726082,0.0,0.0,722140.9627374279,0.0,0.0,11,True
2023-11-02,SPY,etf,US Equity,SPY_RETURN,1925709.2339664747,0.0,-4420.861801333768,1921288.372165141,1921288.372165141,0.0,0.0,0.0,11,False
2023-11-02,QQQ,etf,US Equity,QQQ_RETURN,962854.6169832373,0.0,12906.149362164635,975760.766345402,975760.766345402,0.0,0.0,0.0,11,False
2023-11-02,EFA,etf,International Equity,EFA_RETURN,962854.6169832373,0.0,4511.483041350561,967366.1000245879,967366.1000245879,0.0,0.0,0.0,11,False
2023-11-02,GLD,etf,Commodity,GLD_RETURN,481427.30849161866,0.0,-2743.305591235126,478684.00290038355,478684.00290038355,0.0,0.0,0.0,11,False
2023-11-02,US5Y,bond,Rates,DGS5_CHANGE,1444281.9254748558,0.0,-887.1805104186355,1443394.744964437,1443394.744964437,0.0,4.5,22.0,11,False
2023-11-02,US10Y,bond,Rates,DGS10_CHANGE,1444281.9254748558,0.0,-2140.773038468205,1442141.1524363877,1442141.1524363877,0.0,8.0,70.0,11,False
2023-11-02,USD_CASH,cash,Cash,CASH_RETURN,2407136.5424580933,0.0,0.0,2409190.9983240855,2409190.9983240855,0.0,0.0,0.0,11,False
2023-11-02,EURUSD_OVERLAY,fx_forward,FX,EURUSD_RETURN,0.0,722140.9627374279,2054.455865992063,0.0,0.0,722140.9627374279,0.0,0.0,11,False
2023-11-03,SPY,etf,US Equity,SPY_RETURN,1921288.372165141,0.0,4328.853291070467,1925617.2254562115,1925617.2254562115,0.0,0.0,0.0,11,False
2023-11-03,QQQ,etf,US Equity,QQQ_RETURN,975760.766345402,0.0,-9462.658384908007,966298.107960494,966298.107960494,0.0,0.0,0.0,11,False
2023-11-03,EFA,etf,International Equity,EFA_RETURN,967366.1000245879,0.0,-4942.950467652954,962423.149556935,962423.149556935,0.0,0.0,0.0,11,False
2023-11-03,GLD,etf,Commodity,GLD_RETURN,478684.00290038355,0.0,4851.633375949871,483535.6362763334,483535.6362763334,0.0,0.0,0.0,11,False
2023-11-03,US5Y,bond,Rates,DGS5_CHANGE,1443394.744964437,0.0,4252.775009425924,1447647.519973863,1447647.519973863,0.0,4.5,22.0,11,False
2023-11-03,US10Y,bond,Rates,DGS10_CHANGE,1442141.1524363877,0.0,9711.192689742282,1451852.34512613,1451852.34512613,0.0,8.0,70.0,11,False
2023-11-03,USD_CASH,cash,Cash,CASH_RETURN,2409190.9983240855,0.0,0.0,2405547.453516295,2405547.453516295,0.0,0.0,0.0,11,False
2023-11-03,EURUSD_OVERLAY,fx_forward,FX,EURUSD_RETURN,0.0,722140.9627374279,-3643.5448077904584,0.0,0.0,722140.9627374279,0.0,0.0,11,False
2023-11-06,SPY,etf,US Equity,SPY_RETURN,1925617.2254562115,0.0,-22246.637436980447,1903370.588019231,1903370.588019231,0.0,0.0,0.0,11,False
2023-11-06,QQQ,etf,US Equity,QQQ_RETURN,966298.107960494,0.0,-9339.988632087608,956958.1193284064,956958.1193284064,0.0,0.0,0.0,11,False
2023-11-06,EFA,etf,International Equity,EFA_RETURN,962423.149556935,0.0,-11168.035535170879,951255.114021764,951255.114021764,0.0,0.0,0.0,11,False
2023-11-06,GLD,etf,Commodity,GLD_RETURN,483535.6362763334,0.0,1545.5704205994866,485081.2066969329,485081.2066969329,0.0,0.0,0.0,11,False
2023-11-06,US5Y,bond,Rates,DGS5_CHANGE,1447647.519973863,0.0,-522.461837149857,1447125.058136713,1447125.058136713,0.0,4.5,22.0,11,False
2023-11-06,US10Y,bond,Rates,DGS10_CHANGE,1451852.34512613,0.0,3151.5591805728736,1455003.9043067028,1455003.9043067028,0.0,8.0,70.0,11,False
2023-11-06,USD_CASH,cash,Cash,CASH_RETURN,2405547.453516295,0.0,0.0,2400982.5442644157,2400982.5442644157,0.0,0.0,0.0,11,False
2023-11-06,EURUSD_OVERLAY,fx_forward,FX,EURUSD_RETURN,0.0,722140.9627374279,-4564.909251879223,0.0,0.0,722140.9627374279,0.0,0.0,11,False
2023-11-07,SPY,etf,US Equity,SPY_RETURN,1903370.588019231,0.0,20473.53490562051,1923844.1229248517,1923844.1229248517,0.0,0.0,0.0,11,False
2023-11-07,QQQ,etf,US Equity,QQQ_RETURN,956958.1193284064,0.0,16832.32322188329,973790.4425502897,973790.4425502897,0.0,0.0,0.0,11,False
2023-11-07,EFA,etf,International Equity,EFA_RETURN,951255.114021764,0.0,17369.24075956636,968624.3547813303,968624.3547813303,0.0,0.0,0.0,11,False
2023-11-07,GLD,etf,Commodity,GLD_RETURN,485081.2066969329,0.0,754.0437808445795,485835.2504777775,485835.2504777775,0.0,0.0,0.0,11,False
2023-11-07,US5Y,bond,Rates,DGS5_CHANGE,1447125.058136713,0.0,-1918.8425930547266,1445206.2155436582,1445206.2155436582,0.0,4.5,22.0,11,False
2023-11-07,US10Y,bond,Rates,DGS10_CHANGE,1455003.9043067028,0.0,-1801.4185665695022,1453202.4857401333,1453202.4857401333,0.0,8.0,70.0,11,False
2023-11-07,USD_CASH,cash,Cash,CASH_RETURN,2400982.5442644157,0.0,0.0,2405186.0163531317,2405186.0163531317,0.0,0.0,0.0,11,False
2023-11-07,EURUSD_OVERLAY,fx_forward,FX,EURUSD_RETURN,0.0,722140.9627374279,4203.472088716125,0.0,0.0,722140.9627374279,0.0,0.0,11,False
2023-11-08,SPY,etf,US Equity,SPY_RETURN,1923844.1229248517,0.0,48315.56204640735,1972159.684971259,1972159.684971259,0.0,0.0,0.0,11,False
2023-11-08,QQQ,etf,US Equity,QQQ_RETURN,973790.4425502897,0.0,36205.42233506714,1009995.8648853569,1009995.8648853569,0.0,0.0,0.0,11,False
2023-11-08,EFA,etf,International Equity,EFA_RETURN,968624.3547813303,0.0,7831.295178894546,976455.6499602249,976455.6499602249,0.0,0.0,0.0,11,False
2023-11-08,GLD,etf,Commodity,GLD_RETURN,485835.2504777775,0.0,3936.6432240179747,489771.8937017955,489771.8937017955,0.0,0.0,0.0,11,False
2023-11-08,US5Y,bond,Rates,DGS5_CHANGE,1445206.2155436582,0.0,-2859.409886122421,1442346.8056575358,1442346.8056575358,0.0,4.5,22.0,11,False
2023-11-08,US10Y,bond,Rates,DGS10_CHANGE,1453202.4857401333,0.0,-4385.529010574014,1448816.9567295592,1448816.9567295592,0.0,8.0,70.0,11,False
2023-11-08,USD_CASH,cash,Cash,CASH_RETURN,2405186.0163531317,0.0,0.0,2398567.2174738105,2398567.2174738105,0.0,0.0,0.0,11,False
2023-11-08,EURUSD_OVERLAY,fx_forward,FX,EURUSD_RETURN,0.0,722140.9627374279,-6618.798879321183,0.0,0.0,722140.9627374279,0.0,0.0,11,False
2023-11-09,SPY,etf,US Equity,SPY_RETURN,1972159.684971259,0.0,11572.963630928742,1983732.6486021876,1983732.6486021876,0.0,0.0,0.0,11,False
2023-11-09,QQQ,etf,US Equity,QQQ_RETURN,1009995.8648853569,0.0,-3562.0715321827374,1006433.7933531741,1006433.7933531741,0.0,0.0,0.0,11,False
2023-11-09,EFA,etf,International Equity,EFA_RETURN,976455.6499602249,0.0,8707.316891051432,985162.9668512763,985162.9668512763,0.0,0.0,0.0,11,False
2023-11-09,GLD,etf,Commodity,GLD_RETURN,489771.8937017955,0.0,3987.3452656220365,493759.2389674175,493759.2389674175,0.0,0.0,0.0,11,False
2023-11-09,US5Y,bond,Rates,DGS5_CHANGE,1442346.8056575358,0.0,2958.427367830037,1445305.2330253657,1445305.2330253657,0.0,4.5,22.0,11,False
2023-11-09,US10Y,bond,Rates,DGS10_CHANGE,1448816.9567295592,0.0,4035.7115213645448,1452852.6682509237,1452852.6682509237,0.0,8.0,70.0,11,False
2023-11-09,USD_CASH,cash,Cash,CASH_RETURN,2398567.2174738105,0.0,0.0,2401286.8085563993,2401286.8085563993,0.0,0.0,0.0,11,False
2023-11-09,EURUSD_OVERLAY,fx_forward,FX,EURUSD_RETURN,0.0,722140.9627374279,2719.591082588588,0.0,0.0,722140.9627374279,0.0,0.0,11,False
2023-11-10,SPY,etf,US Equity,SPY_RETURN,1983732.6486021876,0.0,17459.452338870055,2001192.1009410578,2001192.1009410578,0.0,0.0,0.0,11,False
2023-11-10,QQQ,etf,US Equity,QQQ_RETURN,1006433.7933531741,0.0,4946.606852253668,1011380.4002054278,1011380.4002054278,0.0,0.0,0.0,11,False
2023-11-10,EFA,etf,International Equity,EFA_RETURN,985162.9668512763,0.0,9329.92261896813,994492.8894702445,994492.8894702445,0.0,0.0,0.0,11,False
2023-11-10,GLD,etf,Commodity,GLD_RETURN,493759.2389674175,0.0,207.35575713420914,493966.5947245517,493966.5947245517,0.0,0.0,0.0,11,False
2023-11-10,US5Y,bond,Rates,DGS5_CHANGE,1445305.2330253657,0.0,3731.598504209662,1449036.8315295754,1449036.8315295754,0.0,4.5,22.0,11,False
2023-11-10,US10Y,bond,Rates,DGS10_CHANGE,1452852.6682509237,0.0,456.8403765914719,1453309.5086275153,1453309.5086275153,0.0,8.0,70.0,11,False
2023-11-10,USD_CASH,cash,Cash,CASH_RETURN,2401286.8085563993,0.0,0.0,2404555.9697403037,2404555.9697403037,0.0,0.0,0.0,11,False
2023-11-10,EURUSD_OVERLAY,fx_forward,FX,EURUSD_RETURN,0.0,722140.9627374279,3269.161183904491,0.0,0.0,722140.9627374279,0.0,0.0,11,False
2023-11-13,SPY,etf,US Equity,SPY_RETURN,2001192.1009410578,0.0,15404.42927808904,2016596.5302191467,2016596.5302191467,0.0,0.0,0.0,11,False
2023-11-13,QQQ,etf,US Equity,QQQ_RETURN,1011380.4002054278,0.0,11363.954165714884,1022744.3543711427,1022744.3543711427,0.0,0.0,0.0,11,False
2023-11-13,EFA,etf,International Equity,EFA_RETURN,994492.8894702445,0.0,5400.440284392643,999893.3297546372,999893.3297546372,0.0,0.0,0.0,11,False
2023-11-13,GLD,etf,Commodity,GLD_RETURN,493966.5947245517,0.0,-396.43509312531444,493570.1596314264,493570.1596314264,0.0,0.0,0.0,11,False
2023-11-13,US5Y,bond,Rates,DGS5_CHANGE,1449036.8315295754,0.0,3851.087068034764,1452887.9185976102,1452887.9185976102,0.0,4.5,22.0,11,False
2023-11-13,US10Y,bond,Rates,DGS10_CHANGE,1453309.5086275153,0.0,2841.266262149478,1456150.7748896647,1456150.7748896647,0.0,8.0,70.0,11,False
2023-11-13,USD_CASH,cash,Cash,CASH_RETURN,2404555.9697403037,0.0,0.0,2402050.954328533,2402050.954328533,0.0,0.0,0.0,11,False
2023-11-13,EURUSD_OVERLAY,fx_forward,FX,EURUSD_RETURN,0.0,722140.9627374279,-2505.0154117709517,0.0,0.0,722140.9627374279,0.0,0.0,11,False
2023-11-14,SPY,etf,US Equity,SPY_RETURN,2016596.5302191467,0.0,9404.138941559117,2026000.6691607058,2026000.6691607058,0.0,0.0,0.0,11,False
2023-11-14,QQQ,etf,US Equity,QQQ_RETURN,1022744.3543711427,0.0,5738.6787999269445,1028483.0331710697,1028483.0331710697,0.0,0.0,0.0,11,False
2023-11-14,EFA,etf,International Equity,EFA_RETURN,999893.3297546372,0.0,8691.269912540893,1008584.5996671781,1008584.5996671781,0.0,0.0,0.0,11,False
2023-11-14,GLD,etf,Commodity,GLD_RETURN,493570.1596314264,0.0,210.32123638288363,493780.48086780927,493780.48086780927,0.0,0.0,0.0,11,False
2023-11-14,US5Y,bond,Rates,DGS5_CHANGE,1452887.9185976102,0.0,864.2088829591103,1453752.1274805693,1453752.1274805693,0.0,4.5,22.0,11,False
2023-11-14,US10Y,bond,Rates,DGS10_CHANGE,1456150.7748896647,0.0,6081.278189007716,1462232.0530786724,1462232.0530786724,0.0,8.0,70.0,11,False
2023-11-14,USD_CASH,cash,Cash,CASH_RETURN,2402050.954328533,0.0,0.0,2399907.2431983976,2399907.2431983976,0.0,0.0,0.0,11,False
2023-11-14,EURUSD_OVERLAY,fx_forward,FX,EURUSD_RETURN,0.0,722140.9627374279,-2143.711130135204,0.0,0.0,722140.9627374279,0.0,0.0,11,False
2023-11-15,SPY,etf,US Equity,SPY_RETURN,2026000.6691607058,0.0,13871.383846861554,2039872.0530075673,2039872.0530075673,0.0,0.0,0.0,11,False
2023-11-15,QQQ,etf,US Equity,QQQ_RETURN,1028483.0331710697,0.0,8937.606623506117,1037420.6397945759,1037420.6397945759,0.0,0.0,0.0,11,False
2023-11-15,EFA,etf,International Equity,EFA_RETURN,1008584.5996671781,0.0,-11955.712952680751,996628.8867144973,996628.8867144973,0.0,0.0,0.0,11,False
2023-11-15,GLD,etf,Commodity,GLD_RETURN,493780.48086780927,0.0,-1691.9153281705298,492088.56553963874,492088.56553963874,0.0,0.0,0.0,11,False
2023-11-15,US5Y,bond,Rates,DGS5_CHANGE,1453752.1274805693,0.0,937.0839522229719,1454689.2114327922,1454689.2114327922,0.0,4.5,22.0,11,False
2023-11-15,US10Y,bond,Rates,DGS10_CHANGE,1462232.0530786724,0.0,2017.445675831744,1464249.4987545041,1464249.4987545041,0.0,8.0,70.0,11,False
2023-11-15,USD_CASH,cash,Cash,CASH_RETURN,2399907.2431983976,0.0,0.0,2389954.309840402,2389954.309840402,0.0,0.0,0.0,11,False
2023-11-15,EURUSD_OVERLAY,fx_forward,FX,EURUSD_RETURN,0.0,722140.9627374279,-9952.933357995535,0.0,0.0,722140.9627374279,0.0,0.0,11,False
2023-11-16,SPY,etf,US Equity,SPY_RETURN,2039872.0530075673,0.0,-28132.48425130332,2011739.568756264,2011739.568756264,0.0,0.0,0.0,11,False
2023-11-16,QQQ,etf,US Equity,QQQ_RETURN,1037420.6397945759,0.0,-10612.27922985164,1026808.3605647242,1026808.3605647242,0.0,0.0,0.0,11,False
2023-11-16,EFA,etf,International Equity,EFA_RETURN,996628.8867144973,0.0,-9122.865718573114,987506.0209959242,987506.0209959242,0.0,0.0,0.0,11,False
2023-11-16,GLD,etf,Commodity,GLD_RETURN,492088.56553963874,0.0,8200.421067825408,500288.98660746415,500288.98660746415,0.0,0.0,0.0,11,False
2023-11-16,US5Y,bond,Rates,DGS5_CHANGE,1454689.2114327922,0.0,1050.85458988072,1455740.066022673,1455740.066022673,0.0,4.5,22.0,11,False
2023-11-16,US10Y,bond,Rates,DGS10_CHANGE,1464249.4987545041,0.0,2335.770127241363,1466585.2688817454,1466585.2688817454,0.0,8.0,70.0,11,False
2023-11-16,USD_CASH,cash,Cash,CASH_RETURN,2389954.309840402,0.0,0.0,2387625.028918758,2387625.028918758,0.0,0.0,0.0,11,False
2023-11-16,EURUSD_OVERLAY,fx_forward,FX,EURUSD_RETURN,0.0,722140.9627374279,-2329.2809216442456,0.0,0.0,722140.9627374279,0.0,0.0,11,False
2023-11-17,SPY,etf,US Equity,SPY_RETURN,2011739.568756264,0.0,60064.68798308498,2071804.2567393489,2071804.2567393489,0.0,0.0,0.0,11,False
2023-11-17,QQQ,etf,US Equity,QQQ_RETURN,1026808.3605647242,0.0,35415.31445649451,1062223.6750212186,1062223.6750212186,0.0,0.0,0.0,11,False
2023-11-17,EFA,etf,International Equity,EFA_RETURN,987506.0209959242,0.0,27602.207911044225,1015108.2289069685,1015108.2289069685,0.0,0.0,0.0,11,False
2023-11-17,GLD,etf,Commodity,GLD_RETURN,500288.98660746415,0.0,-2901.123737130716,497387.8628703334,497387.8628703334,0.0,0.0,0.0,11,False
2023-11-17,US5Y,bond,Rates,DGS5_CHANGE,1455740.066022673,0.0,-810.599552941417,1454929.4664697314,1454929.4664697314,0.0,4.5,22.0,11,False
2023-11-17,US10Y,bond,Rates,DGS10_CHANGE,1466585.2688817454,0.0,1140.1132015854382,1467725.3820833308,1467725.3820833308,0.0,8.0,70.0,11,False
2023-11-17,USD_CASH,cash,Cash,CASH_RETURN,2387625.028918758,0.0,0.0,2391572.9727777145,2391572.9727777145,0.0,0.0,0.0,11,False
2023-11-17,EURUSD_OVERLAY,fx_forward,FX,EURUSD_RETURN,0.0,722140.9627374279,3947.94385895652,0.0,0.0,722140.9627374279,0.0,0.0,11,False
2023-11-20,SPY,etf,US Equity,SPY_RETURN,2071804.2567393489,0.0,20244.42049994965,2092048.6772392986,2092048.6772392986,0.0,0.0,0.0,11,False
2023-11-20,QQQ,etf,US Equity,QQQ_RETURN,1062223.6750212186,0.0,-6165.718413615594,1056057.956607603,1056057.956607603,0.0,0.0,0.0,11,False
2023-11-20,EFA,etf,International Equity,EFA_RETURN,1015108.2289069685,0.0,15067.128233420932,1030175.3571403894,1030175.3571403894,0.0,0.0,0.0,11,False
2023-11-20,GLD,etf,Commodity,GLD_RETURN,497387.8628703334,0.0,-248.96870071203293,497138.8941696214,497138.8941696214,0.0,0.0,0.0,11,False
2023-11-20,US5Y,bond,Rates,DGS5_CHANGE,1454929.4664697314,0.0,4252.856620644624,1459182.323090376,1459182.323090376,0.0,4.5,22.0,11,False
2023-11-20,US10Y,bond,Rates,DGS10_CHANGE,1467725.3820833308,0.0,9721.521957490319,1477446.9040408211,1477446.9040408211,0.0,8.0,70.0,11,False
2023-11-20,USD_CASH,cash,Cash,CASH_RETURN,2391572.9727777145,0.0,0.0,2393358.6956377705,2393358.6956377705,0.0,0.0,0.0,11,False
2023-11-20,EURUSD_OVERLAY,fx_forward,FX,EURUSD_RETURN,0.0,722140.9627374279,1785.72286005618,0.0,0.0,722140.9627374279,0.0,0.0,11,False
2023-11-21,SPY,etf,US Equity,SPY_RETURN,2092048.6772392986,0.0,7246.453219961745,2099295.13045926,2099295.13045926,0.0,0.0,0.0,11,False
2023-11-21,QQQ,etf,US Equity,QQQ_RETURN,1056057.956607603,0.0,12341.028425113203,1068398.9850327163,1068398.9850327163,0.0,0.0,0.0,11,False
2023-11-21,EFA,etf,International Equity,EFA_RETURN,1030175.3571403894,0.0,9972.752792109155,1040148.1099324985,1040148.1099324985,0.0,0.0,0.0,11,False
2023-11-21,GLD,etf,Commodity,GLD_RETURN,497138.8941696214,0.0,1686.5836739802328,498825.47784360166,498825.47784360166,0.0,0.0,0.0,11,False
2023-11-21,US5Y,bond,Rates,DGS5_CHANGE,1459182.323090376,0.0,-292.21642601092304,1458890.1066643652,1458890.1066643652,0.0,4.5,22.0,11,False
2023-11-21,US10Y,bond,Rates,DGS10_CHANGE,1477446.9040408211,0.0,4327.680907069378,1481774.5849478906,1481774.5849478906,0.0,8.0,70.0,11,False
2023-11-21,USD_CASH,cash,Cash,CASH_RETURN,2393358.6956377705,0.0,0.0,2396036.0194465606,2396036.0194465606,0.0,0.0,0.0,11,False
2023-11-21,EURUSD_OVERLAY,fx_forward,FX,EURUSD_RETURN,0.0,722140.9627374279,2677.323808790169,0.0,0.0,722140.9627374279,0.0,0.0,11,False
2023-11-22,SPY,etf,US Equity,SPY_RETURN,2099295.13045926,0.0,19885.332113436525,2119180.4625726966,2119180.4625726966,0.0,0.0,0.0,11,False
2023-11-22,QQQ,etf,US Equity,QQQ_RETURN,1068398.9850327163,0.0,12000.285745361705,1080399.2707780781,1080399.2707780781,0.0,0.0,0.0,11,False
2023-11-22,EFA,etf,International Equity,EFA_RETURN,1040148.1099324985,0.0,1284.5367544735452,1041432.6466869721,1041432.6466869721,0.0,0.0,0.0,11,False
2023-11-22,GLD,etf,Commodity,GLD_RETURN,498825.47784360166,0.0,-1604.8690022823423,497220.60884131934,497220.60884131934,0.0,0.0,0.0,11,False
2023-11-22,US5Y,bond,Rates,DGS5_CHANGE,1458890.1066643652,0.0,-772.9165381075707,1458117.1901262575,1458117.1901262575,0.0,4.5,22.0,11,False
2023-11-22,US10Y,bond,Rates,DGS10_CHANGE,1481774.5849478906,0.0,5249.378420349017,1487023.9633682396,1487023.9633682396,0.0,8.0,70.0,11,False
2023-11-22,USD_CASH,cash,Cash,CASH_RETURN,2396036.0194465606,0.0,0.0,2396413.1148816007,2396413.1148816007,0.0,0.0,0.0,11,False
2023-11-22,EURUSD_OVERLAY,fx_forward,FX,EURUSD_RETURN,0.0,722140.9627374279,377.0954350401209,0.0,0.0,722140.9627374279,0.0,0.0,11,False
2023-11-23,SPY,etf,US Equity,SPY_RETURN,2119180.4625726966,0.0,629.288035914958,2119809.7506086114,2119809.7506086114,0.0,0.0,0.0,11,False
2023-11-23,QQQ,etf,US Equity,QQQ_RETURN,1080399.2707780781,0.0,-1286.081243137877,1079113.1895349403,1079113.1895349403,0.0,0.0,0.0,11,False
2023-11-23,EFA,etf,International Equity,EFA_RETURN,1041432.6466869721,0.0,-2772.3559295256673,1038660.2907574464,1038660.2907574464,0.0,0.0,0.0,11,False
2023-11-23,GLD,etf,Commodity,GLD_RETURN,497220.60884131934,0.0,-5937.575748427179,491283.03309289215,491283.03309289215,0.0,0.0,0.0,11,False
2023-11-23,US5Y,bond,Rates,DGS5_CHANGE,1458117.1901262575,0.0,-2977.8463299705168,1455139.343796287,1455139.343796287,0.0,4.5,22.0,11,False
2023-11-23,US10Y,bond,Rates,DGS10_CHANGE,1487023.9633682396,0.0,-4781.978645588171,1482241.9847226513,1482241.9847226513,0.0,8.0,70.0,11,False
2023-11-23,USD_CASH,cash,Cash,CASH_RETURN,2396413.1148816007,0.0,0.0,2392259.289919006,2392259.289919006,0.0,0.0,0.0,11,False
2023-11-23,EURUSD_OVERLAY,fx_forward,FX,EURUSD_RETURN,0.0,722140.9627374279,-4153.824962594777,0.0,0.0,722140.9627374279,0.0,0.0,11,False
2023-11-24,SPY,etf,US Equity,SPY_RETURN,2119809.7506086114,0.0,-25151.755687073735,2094657.9949215376,2094657.9949215376,0.0,0.0,0.0,11,False
2023-11-24,QQQ,etf,US Equity,QQQ_RETURN,1079113.1895349403,0.0,-14528.79172822548,1064584.3978067148,1064584.3978067148,0.0,0.0,0.0,11,False
2023-11-24,EFA,etf,International Equity,EFA_RETURN,1038660.2907574464,0.0,-12822.673492128133,1025837.6172653183,1025837.6172653183,0.0,0.0,0.0,11,False
2023-11-24,GLD,etf,Commodity,GLD_RETURN,491283.03309289215,0.0,1235.9623021657467,492518.9953950579,492518.9953950579,0.0,0.0,0.0,11,False
2023-11-24,US5Y,bond,Rates,DGS5_CHANGE,1455139.343796287,0.0,2994.7050230687614,1458134.0488193557,1458134.0488193557,0.0,4.5,22.0,11,False
2023-11-24,US10Y,bond,Rates,DGS10_CHANGE,1482241.9847226513,0.0,1626.9283969018757,1483868.9131195531,1483868.9131195531,0.0,8.0,70.0,11,False
2023-11-24,USD_CASH,cash,Cash,CASH_RETURN,2392259.289919006,0.0,0.0,2388361.9296772243,2388361.9296772243,0.0,0.0,0.0,11,False
2023-11-24,EURUSD_OVERLAY,fx_forward,FX,EURUSD_RETURN,0.0,722140.9627374279,-3897.3602417817215,0.0,0.0,722140.9627374279,0.0,0.0,11,False
2023-11-27,SPY,etf,US Equity,SPY_RETURN,2094657.9949215376,0.0,-15282.856573542073,2079375.1383479955,2079375.1383479955,0.0,0.0,0.0,11,False
2023-11-27,QQQ,etf,US Equity,QQQ_RETURN,1064584.3978067148,0.0,10992.35439461276,1075576.7522013276,1075576.7522013276,0.0,0.0,0.0,11,False
2023-11-27,EFA,etf,International Equity,EFA_RETURN,1025837.6172653183,0.0,-5176.420216803808,1020661.1970485145,1020661.1970485145,0.0,0.0,0.0,11,False
2023-11-27,GLD,etf,Commodity,GLD_RETURN,492518.9953950579,0.0,-1644.8189271881167,490874.1764678698,490874.1764678698,0.0,0.0,0.0,11,False
2023-11-27,US5Y,bond,Rates,DGS5_CHANGE,1458134.0488193557,0.0,-3981.652249769603,1454152.3965695861,1454152.3965695861,0.0,4.5,22.0,11,False
2023-11-27,US10Y,bond,Rates,DGS10_CHANGE,1483868.9131195531,0.0,-9095.383228076267,1474773.529891477,1474773.529891477,0.0,8.0,70.0,11,False
2023-11-27,USD_CASH,cash,Cash,CASH_RETURN,2388361.9296772243,0.0,0.0,2385222.0654257215,2385222.0654257215,0.0,0.0,0.0,11,False
2023-11-27,EURUSD_OVERLAY,fx_forward,FX,EURUSD_RETURN,0.0,722140.9627374279,-3139.8642515029187,0.0,0.0,722140.9627374279,0.0,0.0,11,False
2023-11-28,SPY,etf,US Equity,SPY_RETURN,2079375.1383479955,0.0,-26842.35766712086,2052532.7806808746,2052532.7806808746,0.0,0.0,0.0,11,False
2023-11-28,QQQ,etf,US Equity,QQQ_RETURN,1075576.7522013276,0.0,-24298.206341113884,1051278.5458602137,1051278.5458602137,0.0,0.0,0.0,11,False
2023-11-28,EFA,etf,International Equity,EFA_RETURN,1020661.1970485145,0.0,-6313.316589256406,1014347.8804592581,1014347.8804592581,0.0,0.0,0.0,11,False
2023-11-28,GLD,etf,Commodity,GLD_RETURN,490874.1764678698,0.0,-954.9751746282386,489919.2012932415,489919.2012932415,0.0,0.0,0.0,11,False
2023-11-28,US5Y,bond,Rates,DGS5_CHANGE,1454152.3965695861,0.0,1491.9977154868666,1455644.394285073,1455644.394285073,0.0,4.5,22.0,11,False
2023-11-28,US10Y,bond,Rates,DGS10_CHANGE,1474773.529891477,0.0,2518.361763644228,1477291.8916551212,1477291.8916551212,0.0,8.0,70.0,11,False
2023-11-28,USD_CASH,cash,Cash,CASH_RETURN,2385222.0654257215,0.0,0.0,2381665.6040719533,2381665.6040719533,0.0,0.0,0.0,11,False
2023-11-28,EURUSD_OVERLAY,fx_forward,FX,EURUSD_RETURN,0.0,722140.9627374279,-3556.461353767916,0.0,0.0,722140.9627374279,0.0,0.0,11,False
2023-11-29,SPY,etf,US Equity,SPY_RETURN,2052532.7806808746,0.0,-23242.285833315684,2029290.494847559,2029290.494847559,0.0,0.0,0.0,11,False
2023-11-29,QQQ,etf,US Equity,QQQ_RETURN,1051278.5458602137,0.0,-18824.924711804222,1032453.6211484094,1032453.6211484094,0.0,0.0,0.0,11,False
2023-11-29,EFA,etf,International Equity,EFA_RETURN,1014347.8804592581,0.0,-7429.144164540188,1006918.7362947179,1006918.7362947179,0.0,0.0,0.0,11,False
2023-11-29,GLD,etf,Commodity,GLD_RETURN,489919.2012932415,0.0,-1615.064260681366,488304.13703256013,488304.13703256013,0.0,0.0,0.0,11,False
2023-11-29,US5Y,bond,Rates,DGS5_CHANGE,1455644.394285073,0.0,-2756.948068777855,1452887.4462162952,1452887.4462162952,0.0,4.5,22.0,11,False
2023-11-29,US10Y,bond,Rates,DGS10_CHANGE,1477291.8916551212,0.0,-55.08924632957591,1477236.8024087916,1477236.8024087916,0.0,8.0,70.0,11,False
2023-11-29,USD_CASH,cash,Cash,CASH_RETURN,2381665.6040719533,0.0,0.0,2382423.9923898834,2382423.9923898834,0.0,0.0,0.0,11,False
2023-11-29,EURUSD_OVERLAY,fx_forward,FX,EURUSD_RETURN,0.0,722140.9627374279,758.3883179298365,0.0,0.0,722140.9627374279,0.0,0.0,11,False
2023-11-30,SPY,etf,US Equity,SPY_RETURN,2029290.494847559,0.0,-12753.128102120992,2016537.366745438,2016537.366745438,0.0,0.0,0.0,11,False
2023-11-30,QQQ,etf,US Equity,QQQ_RETURN,1032453.6211484094,0.0,-11230.628555668078,1021222.9925927414,1021222.9925927414,0.0,0.0,0.0,11,False
2023-11-30,EFA,etf,International Equity,EFA_RETURN,1006918.7362947179,0.0,-12084.131497637345,994834.6047970805,994834.6047970805,0.0,0.0,0.0,11,False
2023-11-30,GLD,etf,Commodity,GLD_RETURN,488304.13703256013,0.0,3521.561925020345,491825.6989575805,491825.6989575805,0.0,0.0,0.0,11,False
2023-11-30,US5Y,bond,Rates,DGS5_CHANGE,1452887.4462162952,0.0,-1789.4642738926254,1451097.9819424027,1451097.9819424027,0.0,4.5,22.0,11,False
2023-11-30,US10Y,bond,Rates,DGS10_CHANGE,1477236.8024087916,0.0,2638.4874016684466,1479875.28981046,1479875.28981046,0.0,8.0,70.0,11,False
2023-11-30,USD_CASH,cash,Cash,CASH_RETURN,2382423.9923898834,0.0,0.0,2384142.860705339,2384142.860705339,0.0,0.0,0.0,11,False
2023-11-30,EURUSD_OVERLAY,fx_forward,FX,EURUSD_RETURN,0.0,722140.9627374279,1718.868315455416,0.0,0.0,722140.9627374279,0.0,0.0,11,False
2023-12-01,SPY,etf,US Equity,SPY_RETURN,2016537.366745438,0.0,-15044.390819505774,2001492.9759259322,1959156.2639807388,0.0,0.0,0.0,12,True
2023-12-01,QQQ,etf,US Equity,QQQ_RETURN,1021222.9925927414,0.0,-13045.892986863859,1008177.0996058775,979578.1319903694,0.0,0.0,0.0,12,True
2023-12-01,EFA,etf,International Equity,EFA_RETURN,994834.6047970805,0.0,-14349.525233524255,980485.0795635562,979578.1319903694,0.0,0.0,0.0,12,True
2023-12-01,GLD,etf,Commodity,GLD_RETURN,491825.6989575805,0.0,5302.20197354156,497127.9009311221,489789.0659951847,0.0,0.0,0.0,12,True
2023-12-01,US5Y,bond,Rates,DGS5_CHANGE,1451097.9819424027,0.0,656.361006753296,1451754.342949156,1469367.197985554,0.0,4.5,22.0,12,True
2023-12-01,US10Y,bond,Rates,DGS10_CHANGE,1479875.28981046,0.0,-6244.605579173197,1473630.6842312869,1469367.197985554,0.0,8.0,70.0,12,True
2023-12-01,USD_CASH,cash,Cash,CASH_RETURN,2384142.860705339,0.0,0.0,2383113.236696764,2448945.3299759235,0.0,0.0,0.0,12,True
2023-12-01,EURUSD_OVERLAY,fx_forward,FX,EURUSD_RETURN,0.0,722140.9627374279,-1029.6240085751701,0.0,0.0,734683.598992777,0.0,0.0,12,True
2023-12-04,SPY,etf,US Equity,SPY_RETURN,1959156.2639807388,0.0,7851.2967311153725,1967007.5607118541,1967007.5607118541,0.0,0.0,0.0,12,False
2023-12-04,QQQ,etf,US Equity,QQQ_RETURN,979578.1319903694,0.0,18025.666696216824,997603.7986865862,997603.7986865862,0.0,0.0,0.0,12,False
2023-12-04,EFA,etf,International Equity,EFA_RETURN,979578.1319903694,0.0,18625.86838382356,998204.000374193,998204.000374193,0.0,0.0,0.0,12,False
2023-12-04,GLD,etf,Commodity,GLD_RETURN,489789.0659951847,0.0,855.5221866317152,490644.5881818164,490644.5881818164,0.0,0.0,0.0,12,False
2023-12-04,US5Y,bond,Rates,DGS5_CHANGE,1469367.197985554,0.0,46.82319050358501,1469414.0211760576,1469414.0211760576,0.0,4.5,22.0,12,False
2023-12-04,US10Y,bond,Rates,DGS10_CHANGE,1469367.197985554,0.0,3991.667733482985,1473358.8657190371,1473358.8657190371,0.0,8.0,70.0,12,False
2023-12-04,USD_CASH,cash,Cash,CASH_RETURN,2448945.3299759235,0.0,0.0,2453732.872932171,2453732.872932171,0.0,0.0,0.0,12,False
2023-12-04,EURUSD_OVERLAY,fx_forward,FX,EURUSD_RETURN,0.0,734683.598992777,4787.542956247267,0.0,0.0,734683.598992777,0.0,0.0,12,False
2023-12-05,SPY,etf,US Equity,SPY_RETURN,1967007.5607118541,0.0,29139.835398775827,1996147.39611063,1996147.39611063,0.0,0.0,0.0,12,False
2023-12-05,QQQ,etf,US Equity,QQQ_RETURN,997603.7986865862,0.0,10763.168203402043,1008366.9668899883,1008366.9668899883,0.0,0.0,0.0,12,False
2023-12-05,EFA,etf,International Equity,EFA_RETURN,998204.000374193,0.0,9762.560933129802,1007966.5613073227,1007966.5613073227,0.0,0.0,0.0,12,False
2023-12-05,GLD,etf,Commodity,GLD_RETURN,490644.5881818164,0.0,7726.728057649347,498371.3162394657,498371.3162394657,0.0,0.0,0.0,12,False
2023-12-05,US5Y,bond,Rates,DGS5_CHANGE,1469414.0211760576,0.0,3549.7882540281335,1472963.8094300858,1472963.8094300858,0.0,4.5,22.0,12,False
2023-12-05,US10Y,bond,Rates,DGS10_CHANGE,1473358.8657190371,0.0,4781.315091420797,1478140.180810458,1478140.180810458,0.0,8.0,70.0,12,False
2023-12-05,USD_CASH,cash,Cash,CASH_RETURN,2453732.872932171,0.0,0.0,2452386.5295038912,2452386.5295038912,0.0,0.0,0.0,12,False
2023-12-05,EURUSD_OVERLAY,fx_forward,FX,EURUSD_RETURN,0.0,734683.598992777,-1346.3434282796882,0.0,0.0,734683.598992777,0.0,0.0,12,False
2023-12-06,SPY,etf,US Equity,SPY_RETURN,1996147.39611063,0.0,-36577.05087041789,1959570.345240212,1959570.345240212,0.0,0.0,0.0,12,False
2023-12-06,QQQ,etf,US Equity,QQQ_RETURN,1008366.9668899883,0.0,-21098.829913752794,987268.1369762355,987268.1369762355,0.0,0.0,0.0,12,False
2023-12-06,EFA,etf,International Equity,EFA_RETURN,1007966.5613073227,0.0,-11084.43439813136,996882.1269091914,996882.1269091914,0.0,0.0,0.0,12,False
2023-12-06,GLD,etf,Commodity,GLD_RETURN,498371.3162394657,0.0,5254.272617684787,503625.5888571505,503625.5888571505,0.0,0.0,0.0,12,False
2023-12-06,US5Y,bond,Rates,DGS5_CHANGE,1472963.8094300858,0.0,-1927.6338923013768,1471036.1755377844,1471036.1755377844,0.0,4.5,22.0,12,False
2023-12-06,US10Y,bond,Rates,DGS10_CHANGE,1478140.180810458,0.0,1369.2154170425997,1479509.3962275006,1479509.3962275006,0.0,8.0,70.0,12,False
2023-12-06,USD_CASH,cash,Cash,CASH_RETURN,2452386.5295038912,0.0,0.0,2443667.858602057,2443667.858602057,0.0,0.0,0.0,12,False
2023-12-06,EURUSD_OVERLAY,fx_forward,FX,EURUSD_RETURN,0.0,734683.598992777,-8718.67090183399,0.0,0.0,734683.598992777,0.0,0.0,12,False
2023-12-07,SPY,etf,US Equity,SPY_RETURN,1959570.345240212,0.0,-7060.810599850444,1952509.5346403616,1952509.5346403616,0.0,0.0,0.0,12,False
2023-12-07,QQQ,etf,US Equity,QQQ_RETURN,987268.1369762355,0.0,-10290.385992183159,976977.7509840524,976977.7509840524,0.0,0.0,0.0,12,False
2023-12-07,EFA,etf,International Equity,EFA_RETURN,996882.1269091914,0.0,1835.0738799597061,998717.2007891511,998717.2007891511,0.0,0.0,0.0,12,False
2023-12-07,GLD,etf,Commodity,GLD_RETURN,503625.5888571505,0.0,6400.554544530593,510026.1434016811,510026.1434016811,0.0,0.0,0.0,12,False
2023-12-07,US5Y,bond,Rates,DGS5_CHANGE,1471036.1755377844,0.0,1487.3522868108782,1472523.5278245953,1472523.5278245953,0.0,4.5,22.0,12,False
2023-12-07,US10Y,bond,Rates,DGS10_CHANGE,1479509.3962275006,0.0,2051.453184042787,1481560.8494115435,1481560.8494115435,0.0,8.0,70.0,12,False
2023-12-07,USD_CASH,cash,Cash,CASH_RETURN,2443667.858602057,0.0,0.0,2443725.1629831423,2443725.1629831423,0.0,0.0,0.0,12,False
2023-12-07,EURUSD_OVERLAY,fx_forward,FX,EURUSD_RETURN,0.0,734683.598992777,57.30438108493647,0.0,0.0,734683.598992777,0.0,0.0,12,False
2023-12-08,SPY,etf,US Equity,SPY_RETURN,1952509.5346403616,0.0,10065.734295813727,1962575.2689361754,1962575.2689361754,0.0,0.0,0.0,12,False
2023-12-08,QQQ,etf,US Equity,QQQ_RETURN,976977.7509840524,0.0,5113.923692672952,982091.6746767254,982091.6746767254,0.0,0.0,0.0,12,False
2023-12-08,EFA,etf,International Equity,EFA_RETURN,998717.2007891511,0.0,974.7100418037473,999691.9108309549,999691.9108309549,0.0,0.0,0.0,12,False
2023-12-08,GLD,etf,Commodity,GLD_RETURN,510026.1434016811,0.0,-2293.7319578628085,507732.4114438183,507732.4114438183,0.0,0.0,0.0,12,False
2023-12-08,US5Y,bond,Rates,DGS5_CHANGE,1472523.5278245953,0.0,-554.060328238769,1471969.4674963565,1471969.4674963565,0.0,4.5,22.0,12,False
2023-12-08,US10Y,bond,Rates,DGS10_CHANGE,1481560.8494115435,0.0,2443.3283826782163,1484004.1777942218,1484004.1777942218,0.0,8.0,70.0,12,False
2023-12-08,USD_CASH,cash,Cash,CASH_RETURN,2443725.1629831423,0.0,0.0,2433377.0075485893,2433377.0075485893,0.0,0.0,0.0,12,False
2023-12-08,EURUSD_OVERLAY,fx_forward,FX,EURUSD_RETURN,0.0,734683.598992777,-10348.155434553235,0.0,0.0,734683.598992777,0.0,0.0,12,False
2023-12-11,SPY,etf,US Equity,SPY_RETURN,1962575.2689361754,0.0,-11473.549184669902,1951101.7197515054,1951101.7197515054,0.0,0.0,0.0,12,False
2023-12-11,QQQ,etf,US Equity,QQQ_RETURN,982091.6746767254,0.0,-24637.472483245645,957454.2021934798,957454.2021934798,0.0,0.0,0.0,12,False
2023-12-11,EFA,etf,International Equity,EFA_RETURN,999691.9108309549,0.0,-6871.803400274783,992820.1074306801,992820.1074306801,0.0,0.0,0.0,12,False
2023-12-11,GLD,etf,Commodity,GLD_RETURN,507732.4114438183,0.0,-3252.609654358424,504479.8017894599,504479.8017894599,0.0,0.0,0.0,12,False
2023-12-11,US5Y,bond,Rates,DGS5_CHANGE,1471969.4674963565,0.0,4870.581631804046,1476840.0491281606,1476840.0491281606,0.0,4.5,22.0,12,False
2023-12-11,US10Y,bond,Rates,DGS10_CHANGE,1484004.1777942218,0.0,11530.328055322725,1495534.5058495444,1495534.5058495444,0.0,8.0,70.0,12,False
2023-12-11,USD_CASH,cash,Cash,CASH_RETURN,2433377.0075485893,0.0,0.0,2437708.6819425886,2437708.6819425886,0.0,0.0,0.0,12,False
2023-12-11,EURUSD_OVERLAY,fx_forward,FX,EURUSD_RETURN,0.0,734683.598992777,4331.674393999566,0.0,0.0,734683.598992777,0.0,0.0,12,False
2023-12-12,SPY,etf,US Equity,SPY_RETURN,1951101.7197515054,0.0,2489.2048804834926,1953590.9246319889,1953590.9246319889,0.0,0.0,0.0,12,False
2023-12-12,QQQ,etf,US Equity,QQQ_RETURN,957454.2021934798,0.0,7626.841773767368,965081.0439672471,965081.0439672471,0.0,0.0,0.0,12,False
2023-12-12,EFA,etf,International Equity,EFA_RETURN,992820.1074306801,0.0,-14246.885265694325,978573.2221649857,978573.2221649857,0.0,0.0,0.0,12,False
2023-12-12,GLD,etf,Commodity,GLD_RETURN,504479.8017894599,0.0,7612.343013380691,512092.1448028406,512092.1448028406,0.0,0.0,0.0,12,False
2023-12-12,US5Y,bond,Rates,DGS5_CHANGE,1476840.0491281606,0.0,-788.393355654619,1476051.655772506,1476051.655772506,0.0,4.5,22.0,12,False
2023-12-12,US10Y,bond,Rates,DGS10_CHANGE,1495534.5058495444,0.0,-3471.379758676017,1492063.1260908684,1492063.1260908684,0.0,8.0,70.0,12,False
2023-12-12,USD_CASH,cash,Cash,CASH_RETURN,2437708.6819425886,0.0,0.0,2431631.963728232,2431631.963728232,0.0,0.0,0.0,12,False
2023-12-12,EURUSD_OVERLAY,fx_forward,FX,EURUSD_RETURN,0.0,734683.598992777,-6076.718214356622,0.0,0.0,734683.598992777,0.0,0.0,12,False
2023-12-13,SPY,etf,US Equity,SPY_RETURN,1953590.9246319889,0.0,7493.286350085835,1961084.2109820747,1961084.2109820747,0.0,0.0,0.0,12,False
2023-12-13,QQQ,etf,US Equity,QQQ_RETURN,965081.0439672471,0.0,6073.333674051421,971154.3776412986,971154.3776412986,0.0,0.0,0.0,12,False
2023-12-13,EFA,etf,International Equity,EFA_RETURN,978573.2221649857,0.0,11479.592793681073,990052.8149586668,990052.8149586668,0.0,0.0,0.0,12,False
2023-12-13,GLD,etf,Commodity,GLD_RETURN,512092.1448028406,0.0,299.2271318952842,512391.37193473586,512391.37193473586,0.0,0.0,0.0,12,False
2023-12-13,US5Y,bond,Rates,DGS5_CHANGE,1476051.655772506,0.0,538.729934594417,1476590.3857071004,1476590.3857071004,0.0,4.5,22.0,12,False
2023-12-13,US10Y,bond,Rates,DGS10_CHANGE,1492063.1260908684,0.0,4701.9147838772515,1496765.0408747457,1496765.0408747457,0.0,8.0,70.0,12,False
2023-12-13,USD_CASH,cash,Cash,CASH_RETURN,2431631.963728232,0.0,0.0,2432874.475956388,2432874.475956388,0.0,0.0,0.0,12,False
2023-12-13,EURUSD_OVERLAY,fx_forward,FX,EURUSD_RETURN,0.0,734683.598992777,1242.512228156206,0.0,0.0,734683.598992777,0.0,0.0,12,False
2023-12-14,SPY,etf,US Equity,SPY_RETURN,1961084.2109820747,0.0,-13692.901994368418,1947391.3089877062,1947391.3089877062,0.0,0.0,0.0,12,False
2023-12-14,QQQ,etf,US Equity,QQQ_RETURN,971154.3776412986,0.0,-5274.951038870531,965879.4266024281,965879.4266024281,0.0,0.0,0.0,12,False
2023-12-14,EFA,etf,International Equity,EFA_RETURN,990052.8149586668,0.0,-10466.804524354427,979586.0104343124,979586.0104343124,0.0,0.0,0.0,12,False
2023-12-14,GLD,etf,Commodity,GLD_RETURN,512391.37193473586,0.0,-2437.876915114019,509953.49501962186,509953.49501962186,0.0,0.0,0.0,12,False
2023-12-14,US5Y,bond,Rates,DGS5_CHANGE,1476590.3857071004,0.0,4982.447181357713,1481572.8328884582,1481572.8328884582,0.0,4.5,22.0,12,False
2023-12-14,US10Y,bond,Rates,DGS10_CHANGE,1496765.0408747457,0.0,8321.443801206597,1505086.4846759522,1505086.4846759522,0.0,8.0,70.0,12,False
2023-12-14,USD_CASH,cash,Cash,CASH_RETURN,2432874.475956388,0.0,0.0,2432647.606794604,2432647.606794604,0.0,0.0,0.0,12,False
2023-12-14,EURUSD_OVERLAY,fx_forward,FX,EURUSD_RETURN,0.0,734683.598992777,-226.86916178391465,0.0,0.0,734683.598992777,0.0,0.0,12,False
2023-12-15,SPY,etf,US Equity,SPY_RETURN,1947391.3089877062,0.0,-25950.308888925927,1921441.0000987803,1921441.0000987803,0.0,0.0,0.0,12,False
2023-12-15,QQQ,etf,US Equity,QQQ_RETURN,965879.4266024281,0.0,-10146.66006136194,955732.7665410661,955732.7665410661,0.0,0.0,0.0,12,False
2023-12-15,EFA,etf,International Equity,EFA_RETURN,979586.0104343124,0.0,-9879.767224809602,969706.2432095028,969706.2432095028,0.0,0.0,0.0,12,False
2023-12-15,GLD,etf,Commodity,GLD_RETURN,509953.49501962186,0.0,-584.1001065041908,509369.3949131177,509369.3949131177,0.0,0.0,0.0,12,False
2023-12-15,US5Y,bond,Rates,DGS5_CHANGE,1481572.8328884582,0.0,-2927.2948614056368,1478645.5380270525,1478645.5380270525,0.0,4.5,22.0,12,False
2023-12-15,US10Y,bond,Rates,DGS10_CHANGE,1505086.4846759522,0.0,-4232.327111342249,1500854.15756461,1500854.15756461,0.0,8.0,70.0,12,False
2023-12-15,USD_CASH,cash,Cash,CASH_RETURN,2432647.606794604,0.0,0.0,2437446.7098010243,2437446.7098010243,0.0,0.0,0.0,12,False
2023-12-15,EURUSD_OVERLAY,fx_forward,FX,EURUSD_RETURN,0.0,734683.598992777,4799.10300642014,0.0,0.0,734683.598992777,0.0,0.0,12,False
2023-12-18,SPY,etf,US Equity,SPY_RETURN,1921441.0000987803,0.0,9292.491865067774,1930733.491963848,1930733.491963848,0.0,0.0,0.0,12,False
2023-12-18,QQQ,etf,US Equity,QQQ_RETURN,955732.7665410661,0.0,-2007.744050940268,953725.0224901258,953725.0224901258,0.0,0.0,0.0,12,False
2023-12-18,EFA,etf,International Equity,EFA_RETURN,969706.2432095028,0.0,6895.7851190535575,976602.0283285563,976602.0283285563,0.0,0.0,0.0,12,False
2023-12-18,GLD,etf,Commodity,GLD_RETURN,509369.3949131177,0.0,-3520.1562548904026,505849.2386582273,505849.2386582273,0.0,0.0,0.0,12,False
2023-12-18,US5Y,bond,Rates,DGS5_CHANGE,1478645.5380270525,0.0,-4697.623361800533,1473947.914665252,1473947.914665252,0.0,4.5,22.0,12,False
2023-12-18,US10Y,bond,Rates,DGS10_CHANGE,1500854.15756461,0.0,-10006.96462105043,1490847.1929435595,1490847.1929435595,0.0,8.0,70.0,12,False
2023-12-18,USD_CASH,cash,Cash,CASH_RETURN,2437446.7098010243,0.0,0.0,2443118.002768913,2443118.002768913,0.0,0.0,0.0,12,False
2023-12-18,EURUSD_OVERLAY,fx_forward,FX,EURUSD_RETURN,0.0,734683.598992777,5671.292967888745,0.0,0.0,734683.598992777,0.0,0.0,12,False
2023-12-19,SPY,etf,US Equity,SPY_RETURN,1930733.491963848,0.0,-4726.930135266971,1926006.5618285812,1926006.5618285812,0.0,0.0,0.0,12,False
2023-12-19,QQQ,etf,US Equity,QQQ_RETURN,953725.0224901258,0.0,-979.9177894175003,952745.1047007083,952745.1047007083,0.0,0.0,0.0,12,False
2023-12-19,EFA,etf,International Equity,EFA_RETURN,976602.0283285563,0.0,-4961.793259660147,971640.2350688962,971640.2350688962,0.0,0.0,0.0,12,False
2023-12-19,GLD,etf,Commodity,GLD_RETURN,505849.2386582273,0.0,-116.24799724381023,505732.9906609835,505732.9906609835,0.0,0.0,0.0,12,False
2023-12-19,US5Y,bond,Rates,DGS5_CHANGE,1473947.914665252,0.0,1779.0809473891775,1475726.995612641,1475726.995612641,0.0,4.5,22.0,12,False
2023-12-19,US10Y,bond,Rates,DGS10_CHANGE,1490847.1929435595,0.0,13355.426407900088,1504202.6193514597,1504202.6193514597,0.0,8.0,70.0,12,False
2023-12-19,USD_CASH,cash,Cash,CASH_RETURN,2443118.002768913,0.0,0.0,2437998.495356173,2437998.495356173,0.0,0.0,0.0,12,False
2023-12-19,EURUSD_OVERLAY,fx_forward,FX,EURUSD_RETURN,0.0,734683.598992777,-5119.507412740001,0.0,0.0,734683.598992777,0.0,0.0,12,False
2023-12-20,SPY,etf,US Equity,SPY_RETURN,1926006.5618285812,0.0,30013.540782064618,1956020.1026106458,1956020.1026106458,0.0,0.0,0.0,12,False
2023-12-20,QQQ,etf,US Equity,QQQ_RETURN,952745.1047007083,0.0,10983.914140135357,963729.0188408437,963729.0188408437,0.0,0.0,0.0,12,False
2023-12-20,EFA,etf,International Equity,EFA_RETURN,971640.2350688962,0.0,1067.8739523700729,972708.1090212662,972708.1090212662,0.0,0.0,0.0,12,False
2023-12-20,GLD,etf,Commodity,GLD_RETURN,505732.9906609835,0.0,-292.3961397625652,505440.59452122095,505440.59452122095,0.0,0.0,0.0,12,False
2023-12-20,US5Y,bond,Rates,DGS5_CHANGE,1475726.995612641,0.0,2313.81894770222,1478040.8145603433,1478040.8145603433,0.0,4.5,22.0,12,False
2023-12-20,US10Y,bond,Rates,DGS10_CHANGE,1504202.6193514597,0.0,8359.571119762157,1512562.190471222,1512562.190471222,0.0,8.0,70.0,12,False
2023-12-20,USD_CASH,cash,Cash,CASH_RETURN,2437998.495356173,0.0,0.0,2436964.236002461,2436964.236002461,0.0,0.0,0.0,12,False
2023-12-20,EURUSD_OVERLAY,fx_forward,FX,EURUSD_RETURN,0.0,734683.598992777,-1034.259353711877,0.0,0.0,734683.598992777,0.0,0.0,12,False
2023-12-21,SPY,etf,US Equity,SPY_RETURN,1956020.1026106458,0.0,-2941.203939323737,1953078.898671322,1953078.898671322,0.0,0.0,0.0,12,False
2023-12-21,QQQ,etf,US Equity,QQQ_RETURN,963729.0188408437,0.0,1246.7857911716105,964975.8046320153,964975.8046320153,0.0,0.0,0.0,12,False
2023-12-21,EFA,etf,International Equity,EFA_RETURN,972708.1090212662,0.0,-9865.508913542355,962842.6001077238,962842.6001077238,0.0,0.0,0.0,12,False
2023-12-21,GLD,etf,Commodity,GLD_RETURN,505440.59452122095,0.0,6826.818304038064,512267.41282525903,512267.41282525903,0.0,0.0,0.0,12,False
2023-12-21,US5Y,bond,Rates,DGS5_CHANGE,1478040.8145603433,0.0,1041.52872478772,1479082.343285131,1479082.343285131,0.0,4.5,22.0,12,False
2023-12-21,US10Y,bond,Rates,DGS10_CHANGE,1512562.190471222,0.0,696.7528307563337,1513258.9433019783,1513258.9433019783,0.0,8.0,70.0,12,False
2023-12-21,USD_CASH,cash,Cash,CASH_RETURN,2436964.236002461,0.0,0.0,2438584.6535856784,2438584.6535856784,0.0,0.0,0.0,12,False
2023-12-21,EURUSD_OVERLAY,fx_forward,FX,EURUSD_RETURN,0.0,734683.598992777,1620.4175832172643,0.0,0.0,734683.598992777,0.0,0.0,12,False
2023-12-22,SPY,etf,US Equity,SPY_RETURN,1953078.898671322,0.0,17156.87442188789,1970235.7730932098,1970235.7730932098,0.0,0.0,0.0,12,False
2023-12-22,QQQ,etf,US Equity,QQQ_RETURN,964975.8046320153,0.0,3779.1604836158713,968754.9651156311,968754.9651156311,0.0,0.0,0.0,12,False
2023-12-22,EFA,etf,International Equity,EFA_RETURN,962842.6001077238,0.0,7173.489850995223,970016.0899587191,970016.0899587191,0.0,0.0,0.0,12,False
2023-12-22,GLD,etf,Commodity,GLD_RETURN,512267.41282525903,0.0,-5850.444630674613,506416.9681945844,506416.9681945844,0.0,0.0,0.0,12,False
2023-12-22,US5Y,bond,Rates,DGS5_CHANGE,1479082.343285131,0.0,-217.76494684814534,1478864.5783382829,1478864.5783382829,0.0,4.5,22.0,12,False
2023-12-22,US10Y,bond,Rates,DGS10_CHANGE,1513258.9433019783,0.0,-1041.0774151959859,1512217.8658867823,1512217.8658867823,0.0,8.0,70.0,12,False
2023-12-22,USD_CASH,cash,Cash,CASH_RETURN,2438584.6535856784,0.0,0.0,2438186.224108556,2438186.224108556,0.0,0.0,0.0,12,False
2023-12-22,EURUSD_OVERLAY,fx_forward,FX,EURUSD_RETURN,0.0,734683.598992777,-398.4294771223917,0.0,0.0,734683.598992777,0.0,0.0,12,False
2023-12-25,SPY,etf,US Equity,SPY_RETURN,1970235.7730932098,0.0,2587.7576604385445,1972823.5307536484,1972823.5307536484,0.0,0.0,0.0,12,False
2023-12-25,QQQ,etf,US Equity,QQQ_RETURN,968754.9651156311,0.0,-3601.7082437704007,965153.2568718607,965153.2568718607,0.0,0.0,0.0,12,False
2023-12-25,EFA,etf,International Equity,EFA_RETURN,970016.0899587191,0.0,3502.983367601416,973519.0733263205,973519.0733263205,0.0,0.0,0.0,12,False
2023-12-25,GLD,etf,Commodity,GLD_RETURN,506416.9681945844,0.0,-803.9953427185634,505612.97285186587,505612.97285186587,0.0,0.0,0.0,12,False
2023-12-25,US5Y,bond,Rates,DGS5_CHANGE,1478864.5783382829,0.0,-916.448521002505,1477948.1298172805,1477948.1298172805,0.0,4.5,22.0,12,False
2023-12-25,US10Y,bond,Rates,DGS10_CHANGE,1512217.8658867823,0.0,-4072.067342043706,1508145.7985447387,1508145.7985447387,0.0,8.0,70.0,12,False
2023-12-25,USD_CASH,cash,Cash,CASH_RETURN,2438186.224108556,0.0,0.0,2439119.4996894263,2439119.4996894263,0.0,0.0,0.0,12,False
2023-12-25,EURUSD_OVERLAY,fx_forward,FX,EURUSD_RETURN,0.0,734683.598992777,933.2755808702267,0.0,0.0,734683.598992777,0.0,0.0,12,False
2023-12-26,SPY,etf,US Equity,SPY_RETURN,1972823.5307536484,0.0,28087.567817824245,2000911.0985714726,2000911.0985714726,0.0,0.0,0.0,12,False
2023-12-26,QQQ,etf,US Equity,QQQ_RETURN,965153.2568718607,0.0,23805.361934040116,988958.6188059008,988958.6188059008,0.0,0.0,0.0,12,False
2023-12-26,EFA,etf,International Equity,EFA_RETURN,973519.0733263205,0.0,6492.201057723339,980011.2743840439,980011.2743840439,0.0,0.0,0.0,12,False
2023-12-26,GLD,etf,Commodity,GLD_RETURN,505612.97285186587,0.0,1405.0783019456123,507018.05115381145,507018.05115381145,0.0,0.0,0.0,12,False
2023-12-26,US5Y,bond,Rates,DGS5_CHANGE,1477948.1298172805,0.0,-727.0769730876181,1477221.0528441928,1477221.0528441928,0.0,4.5,22.0,12,False
2023-12-26,US10Y,bond,Rates,DGS10_CHANGE,1508145.7985447387,0.0,3059.8217494891337,1511205.6202942277,1511205.6202942277,0.0,8.0,70.0,12,False
2023-12-26,USD_CASH,cash,Cash,CASH_RETURN,2439119.4996894263,0.0,0.0,2439875.8003349784,2439875.8003349784,0.0,0.0,0.0,12,False
2023-12-26,EURUSD_OVERLAY,fx_forward,FX,EURUSD_RETURN,0.0,734683.598992777,756.3006455520969,0.0,0.0,734683.598992777,0.0,0.0,12,False
2023-12-27,SPY,etf,US Equity,SPY_RETURN,2000911.0985714726,0.0,2101.667356680951,2003012.7659281534,2003012.7659281534,0.0,0.0,0.0,12,False
2023-12-27,QQQ,etf,US Equity,QQQ_RETURN,988958.6188059008,0.0,-10521.447617597018,978437.1711883037,978437.1711883037,0.0,0.0,0.0,12,False
2023-12-27,EFA,etf,International Equity,EFA_RETURN,980011.2743840439,0.0,-5364.930737649221,974646.3436463947,974646.3436463947,0.0,0.0,0.0,12,False
2023-12-27,GLD,etf,Commodity,GLD_RETURN,507018.05115381145,0.0,-1353.9827473103092,505664.06840650114,505664.06840650114,0.0,0.0,0.0,12,False
2023-12-27,US5Y,bond,Rates,DGS5_CHANGE,1477221.0528441928,0.0,-2739.0192376042824,1474482.0336065886,1474482.0336065886,0.0,4.5,22.0,12,False
2023-12-27,US10Y,bond,Rates,DGS10_CHANGE,1511205.6202942277,0.0,-7973.40263971538,1503232.2176545123,1503232.2176545123,0.0,8.0,70.0,12,False
2023-12-27,USD_CASH,cash,Cash,CASH_RETURN,2439875.8003349784,0.0,0.0,2440283.325670512,2440283.325670512,0.0,0.0,0.0,12,False
2023-12-27,EURUSD_OVERLAY,fx_forward,FX,EURUSD_RETURN,0.0,734683.598992777,407.5253355334827,0.0,0.0,734683.598992777,0.0,0.0,12,False
2023-12-28,SPY,etf,US Equity,SPY_RETURN,2003012.7659281534,0.0,25067.102242053832,2028079.8681702071,2028079.8681702071,0.0,0.0,0.0,12,False
2023-12-28,QQQ,etf,US Equity,QQQ_RETURN,978437.1711883037,0.0,-86.78383010885099,978350.3873581949,978350.3873581949,0.0,0.0,0.0,12,False
2023-12-28,EFA,etf,International Equity,EFA_RETURN,974646.3436463947,0.0,7815.986851387577,982462.3304977822,982462.3304977822,0.0,0.0,0.0,12,False
2023-12-28,GLD,etf,Commodity,GLD_RETURN,505664.06840650114,0.0,-2353.52067323105,503310.5477332701,503310.5477332701,0.0,0.0,0.0,12,False
2023-12-28,US5Y,bond,Rates,DGS5_CHANGE,1474482.0336065886,0.0,4839.254422537416,1479321.2880291261,1479321.2880291261,0.0,4.5,22.0,12,False
2023-12-28,US10Y,bond,Rates,DGS10_CHANGE,1503232.2176545123,0.0,10726.676276885279,1513958.8939313975,1513958.8939313975,0.0,8.0,70.0,12,False
2023-12-28,USD_CASH,cash,Cash,CASH_RETURN,2440283.325670512,0.0,0.0,2442789.4612424048,2442789.4612424048,0.0,0.0,0.0,12,False
2023-12-28,EURUSD_OVERLAY,fx_forward,FX,EURUSD_RETURN,0.0,734683.598992777,2506.135571892949,0.0,0.0,734683.598992777,0.0,0.0,12,False
2023-12-29,SPY,etf,US Equity,SPY_RETURN,2028079.8681702071,0.0,17382.937622776317,2045462.8057929834,2045462.8057929834,0.0,0.0,0.0,12,False
2023-12-29,QQQ,etf,US Equity,QQQ_RETURN,978350.3873581949,0.0,-109.9489491210347,978240.4384090739,978240.4384090739,0.0,0.0,0.0,12,False
2023-12-29,EFA,etf,International Equity,EFA_RETURN,982462.3304977822,0.0,8278.563488037269,990740.8939858195,990740.8939858195,0.0,0.0,0.0,12,False
2023-12-29,GLD,etf,Commodity,GLD_RETURN,503310.5477332701,0.0,4312.31328928631,507622.86102255643,507622.86102255643,0.0,0.0,0.0,12,False
2023-12-29,US5Y,bond,Rates,DGS5_CHANGE,1479321.2880291261,0.0,719.0349976868317,1480040.3230268129,1480040.3230268129,0.0,4.5,22.0,12,False
2023-12-29,US10Y,bond,Rates,DGS10_CHANGE,1513958.8939313975,0.0,469.3454194289473,1514428.2393508265,1514428.2393508265,0.0,8.0,70.0,12,False
2023-12-29,USD_CASH,cash,Cash,CASH_RETURN,2442789.4612424048,0.0,0.0,2444764.784150273,2444764.784150273,0.0,0.0,0.0,12,False
2023-12-29,EURUSD_OVERLAY,fx_forward,FX,EURUSD_RETURN,0.0,734683.598992777,1975.3229078681811,0.0,0.0,734683.598992777,0.0,0.0,12,False
2024-01-01,SPY,etf,US Equity,SPY_RETURN,2045462.8057929834,0.0,5940.34047032801,2051403.1462633114,1993791.3718618148,0.0,0.0,0.0,13,True
2024-01-01,QQQ,etf,US Equity,QQQ_RETURN,978240.4384090739,0.0,642.6593679735331,978883.0977770474,996895.6859309074,0.0,0.0,0.0,13,True
2024-01-01,EFA,etf,International Equity,EFA_RETURN,990740.8939858195,0.0,-2613.650234897756,988127.2437509218,996895.6859309074,0.0,0.0,0.0,13,True
2024-01-01,GLD,etf,Commodity,GLD_RETURN,507622.86102255643,0.0,-4539.4821252451575,503083.3788973113,498447.8429654537,0.0,0.0,0.0,13,True
2024-01-01,US5Y,bond,Rates,DGS5_CHANGE,1480040.3230268129,0.0,831.2831686533005,1480871.6061954661,1495343.528896361,0.0,4.5,22.0,13,True
2024-01-01,US10Y,bond,Rates,DGS10_CHANGE,1514428.2393508265,0.0,6293.945241849346,1520722.1845926759,1495343.528896361,0.0,8.0,70.0,13,True
2024-01-01,USD_CASH,cash,Cash,CASH_RETURN,2444764.784150273,0.0,0.0,2445866.201832339,2492239.2148272684,0.0,0.0,0.0,13,True
2024-01-01,EURUSD_OVERLAY,fx_forward,FX,EURUSD_RETURN,0.0,734683.598992777,1101.4176820662603,0.0,0.0,747671.7644481804,0.0,0.0,13,True
2024-01-02,SPY,etf,US Equity,SPY_RETURN,1993791.3718618148,0.0,29775.74429471963,2023567.1161565343,2023567.1161565343,0.0,0.0,0.0,13,False
2024-01-02,QQQ,etf,US Equity,QQQ_RETURN,996895.6859309074,0.0,33.00945380226223,996928.6953847096,996928.6953847096,0.0,0.0,0.0,13,False
2024-01-02,EFA,etf,International Equity,EFA_RETURN,996895.6859309074,0.0,9294.072967481803,1006189.7588983892,1006189.7588983892,0.0,0.0,0.0,13,False
2024-01-02,GLD,etf,Commodity,GLD_RETURN,498447.8429654537,0.0,-8905.26715418924,489542.57581126445,489542.57581126445,0.0,0.0,0.0,13,False
2024-01-02,US5Y,bond,Rates,DGS5_CHANGE,1495343.528896361,0.0,4533.941393359758,1499877.4702897207,1499877.4702897207,0.0,4.5,22.0,13,False
2024-01-02,US10Y,bond,Rates,DGS10_CHANGE,1495343.528896361,0.0,13463.332520370037,1508806.861416731,1508806.861416731,0.0,8.0,70.0,13,False
2024-01-02,USD_CASH,cash,Cash,CASH_RETURN,2492239.2148272684,0.0,0.0,2484292.3585189465,2484292.3585189465,0.0,0.0,0.0,13,False
2024-01-02,EURUSD_OVERLAY,fx_forward,FX,EURUSD_RETURN,0.0,747671.7644481804,-7946.856308322153,0.0,0.0,747671.7644481804,0.0,0.0,13,False
2024-01-03,SPY,etf,US Equity,SPY_RETURN,2023567.1161565343,0.0,3306.4053537584864,2026873.5215102928,2026873.5215102928,0.0,0.0,0.0,13,False
2024-01-03,QQQ,etf,US Equity,QQQ_RETURN,996928.6953847096,0.0,-6867.699880829805,990060.9955038799,990060.9955038799,0.0,0.0,0.0,13,False
2024-01-03,EFA,etf,International Equity,EFA_RETURN,1006189.7588983892,0.0,2005.8414479602943,1008195.6003463494,1008195.6003463494,0.0,0.0,0.0,13,False
2024-01-03,GLD,etf,Commodity,GLD_RETURN,489542.57581126445,0.0,6069.152771460096,495611.7285827246,495611.7285827246,0.0,0.0,0.0,13,False
2024-01-03,US5Y,bond,Rates,DGS5_CHANGE,1499877.4702897207,0.0,-2721.2550727124185,1497156.2152170083,1497156.2152170083,0.0,4.5,22.0,13,False
2024-01-03,US10Y,bond,Rates,DGS10_CHANGE,1508806.861416731,0.0,-4730.481206176379,1504076.3802105547,1504076.3802105547,0.0,8.0,70.0,13,False
2024-01-03,USD_CASH,cash,Cash,CASH_RETURN,2484292.3585189465,0.0,0.0,2482471.4699176527,2482471.4699176527,0.0,0.0,0.0,13,False
2024-01-03,EURUSD_OVERLAY,fx_forward,FX,EURUSD_RETURN,0.0,747671.7644481804,-1820.8886012938,0.0,0.0,747671.7644481804,0.0,0.0,13,False
2024-01-04,SPY,etf,US Equity,SPY_RETURN,2026873.5215102928,0.0,-32480.254664654734,1994393.266845638,1994393.266845638,0.0,0.0,0.0,13,False
2024-01-04,QQQ,etf,US Equity,QQQ_RETURN,990060.9955038799,0.0,-26122.45509545761,963938.5404084222,963938.5404084222,0.0,0.0,0.0,13,False
2024-01-04,EFA,etf,International Equity,EFA_RETURN,1008195.6003463494,0.0,-20055.203685363493,988140.3966609859,988140.3966609859,0.0,0.0,0.0,13,False
2024-01-04,GLD,etf,Commodity,GLD_RETURN,495611.7285827246,0.0,-10405.799983550482,485205.9285991741,485205.9285991741,0.0,0.0,0.0,13,False
2024-01-04,US5Y,bond,Rates,DGS5_CHANGE,1497156.2152170083,0.0,-3714.9796459524346,1493441.235571056,1493441.235571056,0.0,4.5,22.0,13,False
2024-01-04,US10Y,bond,Rates,DGS10_CHANGE,1504076.3802105547,0.0,-3399.0363897870407,1500677.3438207677,1500677.3438207677,0.0,8.0,70.0,13,False
2024-01-04,USD_CASH,cash,Cash,CASH_RETURN,2482471.4699176527,0.0,0.0,2480943.414440417,2480943.414440417,0.0,0.0,0.0,13,False
2024-01-04,EURUSD_OVERLAY,fx_forward,FX,EURUSD_RETURN,0.0,747671.7644481804,-1528.0554772352505,0.0,0.0,747671.7644481804,0.0,0.0,13,False
2024-01-05,SPY,etf,US Equity,SPY_RETURN,1994393.266845638,0.0,-54887.6571110536,1939505.6097345843,1939505.6097345843,0.0,0.0,0.0,13,False
2024-01-05,QQQ,etf,US Equity,QQQ_RETURN,963938.5404084222,0.0,-13031.723658082232,950906.81675034,950906.81675034,0.0,0.0,0.0,13,False
2024-01-05,EFA,etf,International Equity,EFA_RETURN,988140.3966609859,0.0,-20881.609676490167,967258.7869844957,967258.7869844957,0.0,0.0,0.0,13,False
2024-01-05,GLD,etf,Commodity,GLD_RETURN,485205.9285991741,0.0,4959.343051367127,490165.2716505412,490165.2716505412,0.0,0.0,0.0,13,False
2024-01-05,US5Y,bond,Rates,DGS5_CHANGE,1493441.235571056,0.0,4636.128844967778,1498077.3644160237,1498077.3644160237,0.0,4.5,22.0,13,False
2024-01-05,US10Y,bond,Rates,DGS10_CHANGE,1500677.3438207677,0.0,8214.57020905864,1508891.9140298264,1508891.9140298264,0.0,8.0,70.0,13,False
2024-01-05,USD_CASH,cash,Cash,CASH_RETURN,2480943.414440417,0.0,0.0,2486731.1773977973,2486731.1773977973,0.0,0.0,0.0,13,False
2024-01-05,EURUSD_OVERLAY,fx_forward,FX,EURUSD_RETURN,0.0,747671.7644481804,5787.762957379985,0.0,0.0,747671.7644481804,0.0,0.0,13,False
2024-01-08,SPY,etf,US Equity,SPY_RETURN,1939505.6097345843,0.0,40207.758752895614,1979713.3684874799,1979713.3684874799,0.0,0.0,0.0,13,False
2024-01-08,QQQ,etf,US Equity,QQQ_RETURN,950906.81675034,0.0,15930.654531317474,966837.4712816576,966837.4712816576,0.0,0.0,0.0,13,False
2024-01-08,EFA,etf,International Equity,EFA_RETURN,967258.7869844957,0.0,15802.357778437135,983061.1447629328,983061.1447629328,0.0,0.0,0.0,13,False
2024-01-08,GLD,etf,Commodity,GLD_RETURN,490165.2716505412,0.0,-4347.298381349205,485817.97326919204,485817.97326919204,0.0,0.0,0.0,13,False
2024-01-08,US5Y,bond,Rates,DGS5_CHANGE,1498077.3644160237,0.0,-1885.770025836982,1496191.5943901867,1496191.5943901867,0.0,4.5,22.0,13,False
2024-01-08,US10Y,bond,Rates,DGS10_CHANGE,1508891.9140298264,0.0,983.8351433914202,1509875.749173218,1509875.749173218,0.0,8.0,70.0,13,False
2024-01-08,USD_CASH,cash,Cash,CASH_RETURN,2486731.1773977973,0.0,0.0,2491984.133645209,2491984.133645209,0.0,0.0,0.0,13,False
2024-01-08,EURUSD_OVERLAY,fx_forward,FX,EURUSD_RETURN,0.0,747671.7644481804,5252.956247411475,0.0,0.0,747671.7644481804,0.0,0.0,13,False
2024-01-09,SPY,etf,US Equity,SPY_RETURN,1979713.3684874799,0.0,-28877.31678489038,1950836.0517025895,1950836.0517025895,0.0,0.0,0.0,13,False
2024-01-09,QQQ,etf,US Equity,QQQ_RETURN,966837.4712816576,0.0,-4975.583472187033,961861.8878094705,961861.8878094705,0.0,0.0,0.0,13,False
2024-01-09,EFA,etf,International Equity,EFA_RETURN,983061.1447629328,0.0,4856.502890165094,987917.6476530979,987917.6476530979,0.0,0.0,0.0,13,False
2024-01-09,GLD,etf,Commodity,GLD_RETURN,485817.97326919204,0.0,-4798.948807461546,481019.0244617305,481019.0244617305,0.0,0.0,0.0,13,False
2024-01-09,US5Y,bond,Rates,DGS5_CHANGE,1496191.5943901867,0.0,2476.369429546757,1498667.9638197334,1498667.9638197334,0.0,4.5,22.0,13,False
2024-01-09,US10Y,bond,Rates,DGS10_CHANGE,1509875.749173218,0.0,-1724.4605122741118,1508151.2886609437,1508151.2886609437,0.0,8.0,70.0,13,False
2024-01-09,USD_CASH,cash,Cash,CASH_RETURN,2491984.133645209,0.0,0.0,2490708.2766452786,2490708.2766452786,0.0,0.0,0.0,13,False
2024-01-09,EURUSD_OVERLAY,fx_forward,FX,EURUSD_RETURN,0.0,747671.7644481804,-1275.8569999305716,0.0,0.0,747671.7644481804,0.0,0.0,13,False
2024-01-10,SPY,etf,US Equity,SPY_RETURN,1950836.0517025895,0.0,12653.38708219963,1963489.438784789,1963489.438784789,0.0,0.0,0.0,13,False
2024-01-10,QQQ,etf,US Equity,QQQ_RETURN,961861.8878094705,0.0,13389.071479225051,975250.9592886956,975250.9592886956,0.0,0.0,0.0,13,False
2024-01-10,EFA,etf,International Equity,EFA_RETURN,987917.6476530979,0.0,10190.52542651427,998108.1730796121,998108.1730796121,0.0,0.0,0.0,13,False
2024-01-10,GLD,etf,Commodity,GLD_RETURN,481019.0244617305,0.0,-1699.6621394823292,479319.36232224817,479319.36232224817,0.0,0.0,0.0,13,False
2024-01-10,US5Y,bond,Rates,DGS5_CHANGE,1498667.9638197334,0.0,4742.870553970289,1503410.8343737037,1503410.8343737037,0.0,4.5,22.0,13,False
2024-01-10,US10Y,bond,Rates,DGS10_CHANGE,1508151.2886609437,0.0,8239.290944151066,1516390.5796050949,1516390.5796050949,0.0,8.0,70.0,13,False
2024-01-10,USD_CASH,cash,Cash,CASH_RETURN,2490708.2766452786,0.0,0.0,2493290.9181412384,2493290.9181412384,0.0,0.0,0.0,13,False
2024-01-10,EURUSD_OVERLAY,fx_forward,FX,EURUSD_RETURN,0.0,747671.7644481804,2582.641495959701,0.0,0.0,747671.7644481804,0.0,0.0,13,False
2024-01-11,SPY,etf,US Equity,SPY_RETURN,1963489.438784789,0.0,-43736.658815577495,1919752.7799692117,1919752.7799692117,0.0,0.0,0.0,13,False
2024-01-11,QQQ,etf,US Equity,QQQ_RETURN,975250.9592886956,0.0,-24574.029150013877,950676.9301386817,950676.9301386817,0.0,0.0,0.0,13,False
2024-01-11,EFA,etf,International Equity,EFA_RETURN,998108.1730796121,0.0,-10000.80986248471,988107.3632171274,988107.3632171274,0.0,0.0,0.0,13,False
2024-01-11,GLD,etf,Commodity,GLD_RETURN,479319.36232224817,0.0,986.7139730642978,480306.0762953125,480306.0762953125,0.0,0.0,0.0,13,False
2024-01-11,US5Y,bond,Rates,DGS5_CHANGE,1503410.8343737037,0.0,-735.1870312335906,1502675.64734247,1502675.64734247,0.0,4.5,22.0,13,False
2024-01-11,US10Y,bond,Rates,DGS10_CHANGE,1516390.5796050949,0.0,-7755.218489167747,1508635.361115927,1508635.361115927,0.0,8.0,70.0,13,False
2024-01-11,USD_CASH,cash,Cash,CASH_RETURN,2493290.9181412384,0.0,0.0,2488424.2695771437,2488424.2695771437,0.0,0.0,0.0,13,False
2024-01-11,EURUSD_OVERLAY,fx_forward,FX,EURUSD_RETURN,0.0,747671.7644481804,-4866.648564094598,0.0,0.0,747671.7644481804,0.0,0.0,13,False
2024-01-12,SPY,etf,US Equity,SPY_RETURN,1919752.7799692117,0.0,27885.768331901018,1947638.5483011126,1947638.5483011126,0.0,0.0,0.0,13,False
2024-01-12,QQQ,etf,US Equity,QQQ_RETURN,950676.9301386817,0.0,15679.25002586288,966356.1801645445,966356.1801645445,0.0,0.0,0.0,13,False
2024-01-12,EFA,etf,International Equity,EFA_RETURN,988107.3632171274,0.0,12525.249863156252,1000632.6130802836,1000632.6130802836,0.0,0.0,0.0,13,False
2024-01-12,GLD,etf,Commodity,GLD_RETURN,480306.0762953125,0.0,9399.78856464757,489705.86485996004,489705.86485996004,0.0,0.0,0.0,13,False
2024-01-12,US5Y,bond,Rates,DGS5_CHANGE,1502675.64734247,0.0,-2548.9217666362824,1500126.7255758338,1500126.7255758338,0.0,4.5,22.0,13,False
2024-01-12,US10Y,bond,Rates,DGS10_CHANGE,1508635.361115927,0.0,-717.3468655523035,1507918.0142503749,1507918.0142503749,0.0,8.0,70.0,13,False
2024-01-12,USD_CASH,cash,Cash,CASH_RETURN,2488424.2695771437,0.0,0.0,2489918.0999292014,2489918.0999292014,0.0,0.0,0.0,13,False
2024-01-12,EURUSD_OVERLAY,fx_forward,FX,EURUSD_RETURN,0.0,747671.7644481804,1493.83035205755,0.0,0.0,747671.7644481804,0.0,0.0,13,False
2024-01-15,SPY,etf,US Equity,SPY_RETURN,1947638.5483011126,0.0,-10690.067291778054,1936948.4810093346,1936948.4810093346,0.0,0.0,0.0,13,False
2024-01-15,QQQ,etf,US Equity,QQQ_RETURN,966356.1801645445,0.0,-12071.421912565394,954284.7582519791,954284.7582519791,0.0,0.0,0.0,13,False
2024-01-15,EFA,etf,International Equity,EFA_RETURN,1000632.6130802836,0.0,-431.908717905943,1000200.7043623776,1000200.7043623776,0.0,0.0,0.0,13,False
2024-01-15,GLD,etf,Commodity,GLD_RETURN,489705.86485996004,0.0,-4835.4026366715,484870.46222328854,484870.46222328854,0.0,0.0,0.0,13,False
2024-01-15,US5Y,bond,Rates,DGS5_CHANGE,1500126.7255758338,0.0,-1707.4640692804444,1498419.2615065533,1498419.2615065533,0.0,4.5,22.0,13,False
2024-01-15,US10Y,bond,Rates,DGS10_CHANGE,1507918.0142503749,0.0,-3545.4728631929,1504372.541387182,1504372.541387182,0.0,8.0,70.0,13,False
2024-01-15,USD_CASH,cash,Cash,CASH_RETURN,2489918.0999292014,0.0,0.0,2486137.6667750287,2486137.6667750287,0.0,0.0,0.0,13,False
2024-01-15,EURUSD_OVERLAY,fx_forward,FX,EURUSD_RETURN,0.0,747671.7644481804,-3780.433154172683,0.0,0.0,747671.7644481804,0.0,0.0,13,False
2024-01-16,SPY,etf,US Equity,SPY_RETURN,1936948.4810093346,0.0,35572.68038006399,1972521.1613893986,1972521.1613893986,0.0,0.0,0.0,13,False
2024-01-16,QQQ,etf,US Equity,QQQ_RETURN,954284.7582519791,0.0,25541.633580354268,979826.3918323334,979826.3918323334,0.0,0.0,0.0,13,False
2024-01-16,EFA,etf,International Equity,EFA_RETURN,1000200.7043623776,0.0,8804.62398013209,1009005.3283425097,1009005.3283425097,0.0,0.0,0.0,13,False
2024-01-16,GLD,etf,Commodity,GLD_RETURN,484870.46222328854,0.0,2104.190450647382,486974.6526739359,486974.6526739359,0.0,0.0,0.0,13,False
2024-01-16,US5Y,bond,Rates,DGS5_CHANGE,1498419.2615065533,0.0,2882.843955474783,1501302.105462028,1501302.105462028,0.0,4.5,22.0,13,False
2024-01-16,US10Y,bond,Rates,DGS10_CHANGE,1504372.541387182,0.0,6458.781543402915,1510831.322930585,1510831.322930585,0.0,8.0,70.0,13,False
2024-01-16,USD_CASH,cash,Cash,CASH_RETURN,2486137.6667750287,0.0,0.0,2488286.1734038824,2488286.1734038824,0.0,0.0,0.0,13,False
2024-01-16,EURUSD_OVERLAY,fx_forward,FX,EURUSD_RETURN,0.0,747671.7644481804,2148.506628853549,0.0,0.0,747671.7644481804,0.0,0.0,13,False
2024-01-17,SPY,etf,US Equity,SPY_RETURN,1972521.1613893986,0.0,6689.600111383559,1979210.761500782,1979210.761500782,0.0,0.0,0.0,13,False
2024-01-17,QQQ,etf,US Equity,QQQ_RETURN,979826.3918323334,0.0,68.39795085482015,979894.7897831883,979894.7897831883,0.0,0.0,0.0,13,False
2024-01-17,EFA,etf,International Equity,EFA_RETURN,1009005.3283425097,0.0,7526.16995842006,1016531.4983009298,1016531.4983009298,0.0,0.0,0.0,13,False
2024-01-17,GLD,etf,Commodity,GLD_RETURN,486974.6526739359,0.0,1420.9021336075502,488395.55480754346,488395.55480754346,0.0,0.0,0.0,13,False
2024-01-17,US5Y,bond,Rates,DGS5_CHANGE,1501302.105462028,0.0,4095.1294645140933,1505397.234926542,1505397.234926542,0.0,4.5,22.0,13,False
2024-01-17,US10Y,bond,Rates,DGS10_CHANGE,1510831.322930585,0.0,7077.436988217057,1517908.759918802,1517908.759918802,0.0,8.0,70.0,13,False
2024-01-17,USD_CASH,cash,Cash,CASH_RETURN,2488286.1734038824,0.0,0.0,2493956.471563425,2493956.471563425,0.0,0.0,0.0,13,False
2024-01-17,EURUSD_OVERLAY,fx_forward,FX,EURUSD_RETURN,0.0,747671.7644481804,5670.298159542303,0.0,0.0,747671.7644481804,0.0,0.0,13,False
2024-01-18,SPY,etf,US Equity,SPY_RETURN,1979210.761500782,0.0,1511.4914073343048,1980722.2529081164,1980722.2529081164,0.0,0.0,0.0,13,False
2024-01-18,QQQ,etf,US Equity,QQQ_RETURN,979894.7897831883,0.0,3987.526659318566,983882.3164425069,983882.3164425069,0.0,0.0,0.0,13,False
2024-01-18,EFA,etf,International Equity,EFA_RETURN,1016531.4983009298,0.0,3910.383765392209,1020441.882066322,1020441.882066322,0.0,0.0,0.0,13,False
2024-01-18,GLD,etf,Commodity,GLD_RETURN,488395.55480754346,0.0,-5279.483143143449,483116.0716644,483116.0716644,0.0,0.0,0.0,13,False
2024-01-18,US5Y,bond,Rates,DGS5_CHANGE,1505397.234926542,0.0,3314.867347467639,1508712.1022740097,1508712.1022740097,0.0,4.5,22.0,13,False
2024-01-18,US10Y,bond,Rates,DGS10_CHANGE,1517908.759918802,0.0,1782.493376062305,1519691.2532948642,1519691.2532948642,0.0,8.0,70.0,13,False
2024-01-18,USD_CASH,cash,Cash,CASH_RETURN,2493956.471563425,0.0,0.0,2492143.110819275,2492143.110819275,0.0,0.0,0.0,13,False
2024-01-18,EURUSD_OVERLAY,fx_forward,FX,EURUSD_RETURN,0.0,747671.7644481804,-1813.3607441500642,0.0,0.0,747671.7644481804,0.0,0.0,13,False
2024-01-19,SPY,etf,US Equity,SPY_RETURN,1980722.2529081164,0.0,-215.42536358912446,1980506.8275445274,1980506.8275445274,0.0,0.0,0.0,13,False
2024-01-19,QQQ,etf,US Equity,QQQ_RETURN,983882.3164425069,0.0,6203.462219984388,990085.7786624912,990085.7786624912,0.0,0.0,0.0,13,False
2024-01-19,EFA,etf,International Equity,EFA_RETURN,1020441.882066322,0.0,-9811.045590622998,1010630.836475699,1010630.836475699,0.0,0.0,0.0,13,False
2024-01-19,GLD,etf,Commodity,GLD_RETURN,483116.0716644,0.0,365.82044023478073,483481.8921046348,483481.8921046348,0.0,0.0,0.0,13,False
2024-01-19,US5Y,bond,Rates,DGS5_CHANGE,1508712.1022740097,0.0,1996.7214553949093,1510708.8237294047,1510708.8237294047,0.0,4.5,22.0,13,False
2024-01-19,US10Y,bond,Rates,DGS10_CHANGE,1519691.2532948642,0.0,7833.431573980929,1527524.6848688452,1527524.6848688452,0.0,8.0,70.0,13,False
2024-01-19,USD_CASH,cash,Cash,CASH_RETURN,2492143.110819275,0.0,0.0,2489716.1597203966,2489716.1597203966,0.0,0.0,0.0,13,False
2024-01-19,EURUSD_OVERLAY,fx_forward,FX,EURUSD_RETURN,0.0,747671.7644481804,-2426.95109887845,0.0,0.0,747671.7644481804,0.0,0.0,13,False
2024-01-22,SPY,etf,US Equity,SPY_RETURN,1980506.8275445274,0.0,-5190.466380589573,1975316.3611639377,1975316.3611639377,0.0,0.0,0.0,13,False
2024-01-22,QQQ,etf,US Equity,QQQ_RETURN,990085.7786624912,0.0,-6136.386942281312,983949.39172021,983949.39172021,0.0,0.0,0.0,13,False
2024-01-22,EFA,etf,International Equity,EFA_RETURN,1010630.836475699,0.0,462.46295910464033,1011093.2994348037,1011093.2994348037,0.0,0.0,0.0,13,False
2024-01-22,GLD,etf,Commodity,GLD_RETURN,483481.8921046348,0.0,5487.384485450095,488969.2765900849,488969.2765900849,0.0,0.0,0.0,13,False
2024-01-22,US5Y,bond,Rates,DGS5_CHANGE,1510708.8237294047,0.0,-2132.2955567632366,1508576.5281726415,1508576.5281726415,0.0,4.5,22.0,13,False
2024-01-22,US10Y,bond,Rates,DGS10_CHANGE,1527524.6848688452,0.0,-9276.54795320857,1518248.1369156365,1518248.1369156365,0.0,8.0,70.0,13,False
2024-01-22,USD_CASH,cash,Cash,CASH_RETURN,2489716.1597203966,0.0,0.0,2492700.342477863,2492700.342477863,0.0,0.0,0.0,13,False
2024-01-22,EURUSD_OVERLAY,fx_forward,FX,EURUSD_RETURN,0.0,747671.7644481804,2984.1827574664885,0.0,0.0,747671.7644481804,0.0,0.0,13,False
2024-01-23,SPY,etf,US Equity,SPY_RETURN,1975316.3611639377,0.0,-31460.05627054656,1943856.3048933912,1943856.3048933912,0.0,0.0,0.0,13,False
2024-01-23,QQQ,etf,US Equity,QQQ_RETURN,983949.39172021,0.0,-10566.00843485441,973383.3832853555,973383.3832853555,0.0,0.0,0.0,13,False
2024-01-23,EFA,etf,International Equity,EFA_RETURN,1011093.2994348037,0.0,-23235.38673136297,987857.9127034406,987857.9127034406,0.0,0.0,0.0,13,False
2024-01-23,GLD,etf,Commodity,GLD_RETURN,488969.2765900849,0.0,-5181.72316645808,483787.5534236268,483787.5534236268,0.0,0.0,0.0,13,False
2024-01-23,US5Y,bond,Rates,DGS5_CHANGE,1508576.5281726415,0.0,-1062.1474402941851,1507514.3807323473,1507514.3807323473,0.0,4.5,22.0,13,False
2024-01-23,US10Y,bond,Rates,DGS10_CHANGE,1518248.1369156365,0.0,-4796.367759814685,1513451.7691558218,1513451.7691558218,0.0,8.0,70.0,13,False
2024-01-23,USD_CASH,cash,Cash,CASH_RETURN,2492700.342477863,0.0,0.0,2487589.7167117624,2487589.7167117624,0.0,0.0,0.0,13,False
2024-01-23,EURUSD_OVERLAY,fx_forward,FX,EURUSD_RETURN,0.0,747671.7644481804,-5110.625766100967,0.0,0.0,747671.7644481804,0.0,0.0,13,False
2024-01-24,SPY,etf,US Equity,SPY_RETURN,1943856.3048933912,0.0,16575.152108126204,1960431.4570015175,1960431.4570015175,0.0,0.0,0.0,13,False
2024-01-24,QQQ,etf,US Equity,QQQ_RETURN,973383.3832853555,0.0,9966.525340460534,983349.9086258161,983349.9086258161,0.0,0.0,0.0,13,False
2024-01-24,EFA,etf,International Equity,EFA_RETURN,987857.9127034406,0.0,12144.015626452347,1000001.928329893,1000001.928329893,0.0,0.0,0.0,13,False
2024-01-24,GLD,etf,Commodity,GLD_RETURN,483787.5534236268,0.0,265.88475111746914,484053.4381747443,484053.4381747443,0.0,0.0,0.0,13,False
2024-01-24,US5Y,bond,Rates,DGS5_CHANGE,1507514.3807323473,0.0,-1583.840796619296,1505930.539935728,1505930.539935728,0.0,4.5,22.0,13,False
2024-01-24,US10Y,bond,Rates,DGS10_CHANGE,1513451.7691558218,0.0,2840.6975067062417,1516292.466662528,1516292.466662528,0.0,8.0,70.0,13,False
2024-01-24,USD_CASH,cash,Cash,CASH_RETURN,2487589.7167117624,0.0,0.0,2493918.694463944,2493918.694463944,0.0,0.0,0.0,13,False
2024-01-24,EURUSD_OVERLAY,fx_forward,FX,EURUSD_RETURN,0.0,747671.7644481804,6328.97775218148,0.0,0.0,747671.7644481804,0.0,0.0,13,False
2024-01-25,SPY,etf,US Equity,SPY_RETURN,1960431.4570015175,0.0,6138.672205778694,1966570.1292072963,1966570.1292072963,0.0,0.0,0.0,13,False
2024-01-25,QQQ,etf,US Equity,QQQ_RETURN,983349.9086258161,0.0,-13248.041376440891,970101.8672493752,970101.8672493752,0.0,0.0,0.0,13,False
2024-01-25,EFA,etf,International Equity,EFA_RETURN,1000001.928329893,0.0,-235.67594714689758,999766.2523827462,999766.2523827462,0.0,0.0,0.0,13,False
2024-01-25,GLD,etf,Commodity,GLD_RETURN,484053.4381747443,0.0,-606.3636421404016,483447.0745326039,483447.0745326039,0.0,0.0,0.0,13,False
2024-01-25,US5Y,bond,Rates,DGS5_CHANGE,1505930.539935728,0.0,2009.104279486988,1507939.644215215,1507939.644215215,0.0,4.5,22.0,13,False
2024-01-25,US10Y,bond,Rates,DGS10_CHANGE,1516292.466662528,0.0,1300.3854448520078,1517592.85210738,1517592.85210738,0.0,8.0,70.0,13,False
2024-01-25,USD_CASH,cash,Cash,CASH_RETURN,2493918.694463944,0.0,0.0,2486679.7451382135,2486679.7451382135,0.0,0.0,0.0,13,False
2024-01-25,EURUSD_OVERLAY,fx_forward,FX,EURUSD_RETURN,0.0,747671.7644481804,-7238.94932573047,0.0,0.0,747671.7644481804,0.0,0.0,13,False
2024-01-26,SPY,etf,US Equity,SPY_RETURN,1966570.1292072963,0.0,-10833.298288700393,1955736.830918596,1955736.830918596,0.0,0.0,0.0,13,False
2024-01-26,QQQ,etf,US Equity,QQQ_RETURN,970101.8672493752,0.0,14503.57078626332,984605.4380356385,984605.4380356385,0.0,0.0,0.0,13,False
2024-01-26,EFA,etf,International Equity,EFA_RETURN,999766.2523827462,0.0,1571.4788284419326,1001337.7312111881,1001337.7312111881,0.0,0.0,0.0,13,False
2024-01-26,GLD,etf,Commodity,GLD_RETURN,483447.0745326039,0.0,-854.4208768659186,482592.653655738,482592.653655738,0.0,0.0,0.0,13,False
2024-01-26,US5Y,bond,Rates,DGS5_CHANGE,1507939.644215215,0.0,2605.8825372725364,1510545.5267524875,1510545.5267524875,0.0,4.5,22.0,13,False
2024-01-26,US10Y,bond,Rates,DGS10_CHANGE,1517592.85210738,0.0,3114.2417805811765,1520707.0938879612,1520707.0938879612,0.0,8.0,70.0,13,False
2024-01-26,USD_CASH,cash,Cash,CASH_RETURN,2486679.7451382135,0.0,0.0,2484148.063957541,2484148.063957541,0.0,0.0,0.0,13,False
2024-01-26,EURUSD_OVERLAY,fx_forward,FX,EURUSD_RETURN,0.0,747671.7644481804,-2531.6811806728397,0.0,0.0,747671.7644481804,0.0,0.0,13,False
2024-01-29,SPY,etf,US Equity,SPY_RETURN,1955736.830918596,0.0,-5357.744997432281,1950379.0859211637,1950379.0859211637,0.0,0.0,0.0,13,False
2024-01-29,QQQ,etf,US Equity,QQQ_RETURN,984605.4380356385,0.0,7839.792886184635,992445.2309218232,992445.2309218232,0.0,0.0,0.0,13,False
2024-01-29,EFA,etf,International Equity,EFA_RETURN,1001337.7312111881,0.0,-14254.473084297948,987083.2581268902,987083.2581268902,0.0,0.0,0.0,13,False
2024-01-29,GLD,etf,Commodity,GLD_RETURN,482592.653655738,0.0,2595.716870109518,485188.3705258475,485188.3705258475,0.0,0.0,0.0,13,False
2024-01-29,US5Y,bond,Rates,DGS5_CHANGE,1510545.5267524875,0.0,1176.1211270320252,1511721.6478795195,1511721.6478795195,0.0,4.5,22.0,13,False
2024-01-29,US10Y,bond,Rates,DGS10_CHANGE,1520707.0938879612,0.0,3112.412065136734,1523819.505953098,1523819.505953098,0.0,8.0,70.0,13,False
2024-01-29,USD_CASH,cash,Cash,CASH_RETURN,2484148.063957541,0.0,0.0,2476150.1498756045,2476150.1498756045,0.0,0.0,0.0,13,False
2024-01-29,EURUSD_OVERLAY,fx_forward,FX,EURUSD_RETURN,0.0,747671.7644481804,-7997.91408193625,0.0,0.0,747671.7644481804,0.0,0.0,13,False
2024-01-30,SPY,etf,US Equity,SPY_RETURN,1950379.0859211637,0.0,33312.281398524516,1983691.3673196882,1983691.3673196882,0.0,0.0,0.0,13,False
2024-01-30,QQQ,etf,US Equity,QQQ_RETURN,992445.2309218232,0.0,20448.943356093703,1012894.1742779169,1012894.1742779169,0.0,0.0,0.0,13,False
2024-01-30,EFA,etf,International Equity,EFA_RETURN,987083.2581268902,0.0,3774.6201951750854,990857.8783220652,990857.8783220652,0.0,0.0,0.0,13,False
2024-01-30,GLD,etf,Commodity,GLD_RETURN,485188.3705258475,0.0,3400.2715021475187,488588.642027995,488588.642027995,0.0,0.0,0.0,13,False
2024-01-30,US5Y,bond,Rates,DGS5_CHANGE,1511721.6478795195,0.0,2011.6217287900731,1513733.2696083095,1513733.2696083095,0.0,4.5,22.0,13,False
2024-01-30,US10Y,bond,Rates,DGS10_CHANGE,1523819.505953098,0.0,2376.613820873353,1526196.1197739714,1526196.1197739714,0.0,8.0,70.0,13,False
2024-01-30,USD_CASH,cash,Cash,CASH_RETURN,2476150.1498756045,0.0,0.0,2472049.2470295387,2472049.2470295387,0.0,0.0,0.0,13,False
2024-01-30,EURUSD_OVERLAY,fx_forward,FX,EURUSD_RETURN,0.0,747671.7644481804,-4100.902846065862,0.0,0.0,747671.7644481804,0.0,0.0,13,False
2024-01-31,SPY,etf,US Equity,SPY_RETURN,1983691.3673196882,0.0,55356.87282844981,2039048.240148138,2039048.240148138,0.0,0.0,0.0,13,False
2024-01-31,QQQ,etf,US Equity,QQQ_RETURN,1012894.1742779169,0.0,14798.78478795454,1027692.9590658714,1027692.9590658714,0.0,0.0,0.0,13,False
2024-01-31,EFA,etf,International Equity,EFA_RETURN,990857.8783220652,0.0,22334.089340766655,1013191.9676628319,1013191.9676628319,0.0,0.0,0.0,13,False
2024-01-31,GLD,etf,Commodity,GLD_RETURN,488588.642027995,0.0,-7284.882240377692,481303.7597876173,481303.7597876173,0.0,0.0,0.0,13,False
2024-01-31,US5Y,bond,Rates,DGS5_CHANGE,1513733.2696083095,0.0,506.7694649324208,1514240.0390732419,1514240.0390732419,0.0,4.5,22.0,13,False
2024-01-31,US10Y,bond,Rates,DGS10_CHANGE,1526196.1197739714,0.0,5645.009925314429,1531841.1296992858,1531841.1296992858,0.0,8.0,70.0,13,False
2024-01-31,USD_CASH,cash,Cash,CASH_RETURN,2472049.2470295387,0.0,0.0,2469433.8962563155,2469433.8962563155,0.0,0.0,0.0,13,False
2024-01-31,EURUSD_OVERLAY,fx_forward,FX,EURUSD_RETURN,0.0,747671.7644481804,-2615.3507732234175,0.0,0.0,747671.7644481804,0.0,0.0,13,False
2024-02-01,SPY,etf,US Equity,SPY_RETURN,2039048.240148138,0.0,28033.20262543225,2067081.4427735703,2024206.6856224039,0.0,0.0,0.0,14,True
2024-02-01,QQQ,etf,US Equity,QQQ_RETURN,1027692.9590658714,0.0,6452.63272567836,1034145.5917915498,1012103.3428112019,0.0,0.0,0.0,14,True
2024-02-01,EFA,etf,International Equity,EFA_RETURN,1013191.9676628319,0.0,11873.409372732498,1025065.3770355644,1012103.3428112019,0.0,0.0,0.0,14,True
2024-02-01,GLD,etf,Commodity,GLD_RETURN,481303.7597876173,0.0,-613.0999455036184,480690.6598421137,506051.67140560097,0.0,0.0,0.0,14,True
2024-02-01,US5Y,bond,Rates,DGS5_CHANGE,1514240.0390732419,0.0,-1920.5666477185475,1512319.4724255232,1518155.0142168028,0.0,4.5,22.0,14,True
2024-02-01,US10Y,bond,Rates,DGS10_CHANGE,1531841.1296992858,0.0,-3181.8607549084913,1528659.2689443773,1518155.0142168028,0.0,8.0,70.0,14,True
2024-02-01,USD_CASH,cash,Cash,CASH_RETURN,2469433.8962563155,0.0,0.0,2473071.6152993212,2530258.3570280047,0.0,0.0,0.0,14,True
2024-02-01,EURUSD_OVERLAY,fx_forward,FX,EURUSD_RETURN,0.0,747671.7644481804,3637.719043005524,0.0,0.0,759077.5071084014,0.0,0.0,14,True
2024-02-02,SPY,etf,US Equity,SPY_RETURN,2024206.6856224039,0.0,-5034.938611121837,2019171.747011282,2019171.747011282,0.0,0.0,0.0,14,False
2024-02-02,QQQ,etf,US Equity,QQQ_RETURN,1012103.3428112019,0.0,5877.998824793055,1017981.341635995,1017981.341635995,0.0,0.0,0.0,14,False
2024-02-02,EFA,etf,International Equity,EFA_RETURN,1012103.3428112019,0.0,-2533.387324538145,1009569.9554866637,1009569.9554866637,0.0,0.0,0.0,14,False
2024-02-02,GLD,etf,Commodity,GLD_RETURN,506051.67140560097,0.0,5140.249940427962,511191.9213460289,511191.9213460289,0.0,0.0,0.0,14,False
2024-02-02,US5Y,bond,Rates,DGS5_CHANGE,1518155.0142168028,0.0,3940.3076376531294,1522095.3218544559,1522095.3218544559,0.0,4.5,22.0,14,False
2024-02-02,US10Y,bond,Rates,DGS10_CHANGE,1518155.0142168028,0.0,6082.51093736047,1524237.5251541634,1524237.5251541634,0.0,8.0,70.0,14,False
2024-02-02,USD_CASH,cash,Cash,CASH_RETURN,2530258.3570280047,0.0,0.0,2536480.7310809083,2536480.7310809083,0.0,0.0,0.0,14,False
2024-02-02,EURUSD_OVERLAY,fx_forward,FX,EURUSD_RETURN,0.0,759077.5071084014,6222.374052903701,0.0,0.0,759077.5071084014,0.0,0.0,14,False
2024-02-05,SPY,etf,US Equity,SPY_RETURN,2019171.747011282,0.0,-16358.198492984175,2002813.5485182977,2002813.5485182977,0.0,0.0,0.0,14,False
2024-02-05,QQQ,etf,US Equity,QQQ_RETURN,1017981.341635995,0.0,2041.303760796796,1020022.6453967917,1020022.6453967917,0.0,0.0,0.0,14,False
2024-02-05,EFA,etf,International Equity,EFA_RETURN,1009569.9554866637,0.0,-13788.562411599436,995781.3930750643,995781.3930750643,0.0,0.0,0.0,14,False
2024-02-05,GLD,etf,Commodity,GLD_RETURN,511191.9213460289,0.0,8736.853980725647,519928.77532675455,519928.77532675455,0.0,0.0,0.0,14,False
2024-02-05,US5Y,bond,Rates,DGS5_CHANGE,1522095.3218544559,0.0,-2934.140277271688,1519161.1815771842,1519161.1815771842,0.0,4.5,22.0,14,False
2024-02-05,US10Y,bond,Rates,DGS10_CHANGE,1524237.5251541634,0.0,-6668.0901031421345,1517569.4350510212,1517569.4350510212,0.0,8.0,70.0,14,False
2024-02-05,USD_CASH,cash,Cash,CASH_RETURN,2536480.7310809083,0.0,0.0,2532389.0643685013,2532389.0643685013,0.0,0.0,0.0,14,False
2024-02-05,EURUSD_OVERLAY,fx_forward,FX,EURUSD_RETURN,0.0,759077.5071084014,-4091.6667124071464,0.0,0.0,759077.5071084014,0.0,0.0,14,False
2024-02-06,SPY,etf,US Equity,SPY_RETURN,2002813.5485182977,0.0,-4571.171012695618,1998242.377505602,1998242.377505602,0.0,0.0,0.0,14,False
2024-02-06,QQQ,etf,US Equity,QQQ_RETURN,1020022.6453967917,0.0,-1097.6307571369891,1018925.0146396548,1018925.0146396548,0.0,0.0,0.0,14,False
2024-02-06,EFA,etf,International Equity,EFA_RETURN,995781.3930750643,0.0,-2078.645628615262,993702.747446449,993702.747446449,0.0,0.0,0.0,14,False
2024-02-06,GLD,etf,Commodity,GLD_RETURN,519928.77532675455,0.0,7819.744213041772,527748.5195397963,527748.5195397963,0.0,0.0,0.0,14,False
2024-02-06,US5Y,bond,Rates,DGS5_CHANGE,1519161.1815771842,0.0,-3818.4922305141026,1515342.6893466702,1515342.6893466702,0.0,4.5,22.0,14,False
2024-02-06,US10Y,bond,Rates,DGS10_CHANGE,1517569.4350510212,0.0,202.7702085425024,1517772.2052595636,1517772.2052595636,0.0,8.0,70.0,14,False
2024-02-06,USD_CASH,cash,Cash,CASH_RETURN,2532389.0643685013,0.0,0.0,2530924.0963981696,2530924.0963981696,0.0,0.0,0.0,14,False
2024-02-06,EURUSD_OVERLAY,fx_forward,FX,EURUSD_RETURN,0.0,759077.5071084014,-1464.967970331445,0.0,0.0,759077.5071084014,0.0,0.0,14,False
2024-02-07,SPY,etf,US Equity,SPY_RETURN,1998242.377505602,0.0,-20577.899382343498,1977664.4781232586,1977664.4781232586,0.0,0.0,0.0,14,False
2024-02-07,QQQ,etf,US Equity,QQQ_RETURN,1018925.0146396548,0.0,3671.1926229749097,1022596.2072626296,1022596.2072626296,0.0,0.0,0.0,14,False
2024-02-07,EFA,etf,International Equity,EFA_RETURN,993702.747446449,0.0,-49.14197569830127,993653.6054707507,993653.6054707507,0.0,0.0,0.0,14,False
2024-02-07,GLD,etf,Commodity,GLD_RETURN,527748.5195397963,0.0,2004.8460433594569,529753.3655831558,529753.3655831558,0.0,0.0,0.0,14,False
2024-02-07,US5Y,bond,Rates,DGS5_CHANGE,1515342.6893466702,0.0,-2427.691102648443,1512914.9982440218,1512914.9982440218,0.0,4.5,22.0,14,False
2024-02-07,US10Y,bond,Rates,DGS10_CHANGE,1517772.2052595636,0.0,-3153.766839809763,1514618.438419754,1514618.438419754,0.0,8.0,70.0,14,False
2024-02-07,USD_CASH,cash,Cash,CASH_RETURN,2530924.0963981696,0.0,0.0,2534015.003584969,2534015.003584969,0.0,0.0,0.0,14,False
2024-02-07,EURUSD_OVERLAY,fx_forward,FX,EURUSD_RETURN,0.0,759077.5071084014,3090.9071867990197,0.0,0.0,759077.5071084014,0.0,0.0,14,False
2024-02-08,SPY,etf,US Equity,SPY_RETURN,1977664.4781232586,0.0,-9800.360075740886,1967864.1180475177,1967864.1180475177,0.0,0.0,0.0,14,False
2024-02-08,QQQ,etf,US Equity,QQQ_RETURN,1022596.2072626296,0.0,-9035.000747499525,1013561.2065151301,1013561.2065151301,0.0,0.0,0.0,14,False
2024-02-08,EFA,etf,International Equity,EFA_RETURN,993653.6054707507,0.0,2178.124638782041,995831.7301095327,995831.7301095327,0.0,0.0,0.0,14,False
2024-02-08,GLD,etf,Commodity,GLD_RETURN,529753.3655831558,0.0,-6159.987076052392,523593.37850710336,523593.37850710336,0.0,0.0,0.0,14,False
2024-02-08,US5Y,bond,Rates,DGS5_CHANGE,1512914.9982440218,0.0,2303.2750242097604,1515218.2732682317,1515218.2732682317,0.0,4.5,22.0,14,False
2024-02-08,US10Y,bond,Rates,DGS10_CHANGE,1514618.438419754,0.0,4267.954811548967,1518886.393231303,1518886.393231303,0.0,8.0,70.0,14,False
2024-02-08,USD_CASH,cash,Cash,CASH_RETURN,2534015.003584969,0.0,0.0,2536612.4623849457,2536612.4623849457,0.0,0.0,0.0,14,False
2024-02-08,EURUSD_OVERLAY,fx_forward,FX,EURUSD_RETURN,0.0,759077.5071084014,2597.4587999770856,0.0,0.0,759077.5071084014,0.0,0.0,14,False
2024-02-09,SPY,etf,US Equity,SPY_RETURN,1967864.1180475177,0.0,12010.586557806557,1979874.7046053242,1979874.7046053242,0.0,0.0,0.0,14,False
2024-02-09,QQQ,etf,US Equity,QQQ_RETURN,1013561.2065151301,0.0,431.74696981680324,1013992.953484947,1013992.953484947,0.0,0.0,0.0,14,False
2024-02-09,EFA,etf,International Equity,EFA_RETURN,995831.7301095327,0.0,7174.382161052017,1003006.1122705847,1003006.1122705847,0.0,0.0,0.0,14,False
2024-02-09,GLD,etf,Commodity,GLD_RETURN,523593.37850710336,0.0,-4261.280923419772,519332.0975836836,519332.0975836836,0.0,0.0,0.0,14,False
2024-02-09,US5Y,bond,Rates,DGS5_CHANGE,1515218.2732682317,0.0,7927.524691452491,1523145.7979596842,1523145.7979596842,0.0,4.5,22.0,14,False
2024-02-09,US10Y,bond,Rates,DGS10_CHANGE,1518886.393231303,0.0,13519.160925241647,1532405.5541565446,1532405.5541565446,0.0,8.0,70.0,14,False
2024-02-09,USD_CASH,cash,Cash,CASH_RETURN,2536612.4623849457,0.0,0.0,2541318.404248919,2541318.404248919,0.0,0.0,0.0,14,False
2024-02-09,EURUSD_OVERLAY,fx_forward,FX,EURUSD_RETURN,0.0,759077.5071084014,4705.941863973169,0.0,0.0,759077.5071084014,0.0,0.0,14,False
2024-02-12,SPY,etf,US Equity,SPY_RETURN,1979874.7046053242,0.0,-20554.549266596543,1959320.1553387276,1959320.1553387276,0.0,0.0,0.0,14,False
2024-02-12,QQQ,etf,US Equity,QQQ_RETURN,1013992.953484947,0.0,-4804.423403749408,1009188.5300811976,1009188.5300811976,0.0,0.0,0.0,14,False
2024-02-12,EFA,etf,International Equity,EFA_RETURN,1003006.1122705847,0.0,-5375.772079817853,997630.3401907668,997630.3401907668,0.0,0.0,0.0,14,False
2024-02-12,GLD,etf,Commodity,GLD_RETURN,519332.0975836836,0.0,4792.795792775604,524124.8933764592,524124.8933764592,0.0,0.0,0.0,14,False
2024-02-12,US5Y,bond,Rates,DGS5_CHANGE,1523145.7979596842,0.0,1372.1100529733817,1524517.9080126577,1524517.9080126577,0.0,4.5,22.0,14,False
2024-02-12,US10Y,bond,Rates,DGS10_CHANGE,1532405.5541565446,0.0,5669.495652350588,1538075.0498088952,1538075.0498088952,0.0,8.0,70.0,14,False
2024-02-12,USD_CASH,cash,Cash,CASH_RETURN,2541318.404248919,0.0,0.0,2543002.0594681897,2543002.0594681897,0.0,0.0,0.0,14,False
2024-02-12,EURUSD_OVERLAY,fx_forward,FX,EURUSD_RETURN,0.0,759077.5071084014,1683.6552192706422,0.0,0.0,759077.5071084014,0.0,0.0,14,False
2024-02-13,SPY,etf,US Equity,SPY_RETURN,1959320.1553387276,0.0,12838.997991844291,1972159.153330572,1972159.153330572,0.0,0.0,0.0,14,False
2024-02-13,QQQ,etf,US Equity,QQQ_RETURN,1009188.5300811976,0.0,16474.71164640166,1025663.2417275993,1025663.2417275993,0.0,0.0,0.0,14,False
2024-02-13,EFA,etf,International Equity,EFA_RETURN,997630.3401907668,0.0,-5417.378039127969,992212.9621516389,992212.9621516389,0.0,0.0,0.0,14,False
2024-02-13,GLD,etf,Commodity,GLD_RETURN,524124.8933764592,0.0,-1646.4073514494323,522478.48602500977,522478.48602500977,0.0,0.0,0.0,14,False
2024-02-13,US5Y,bond,Rates,DGS5_CHANGE,1524517.9080126577,0.0,-3592.9630821500023,1520924.9449305076,1520924.9449305076,0.0,4.5,22.0,14,False
2024-02-13,US10Y,bond,Rates,DGS10_CHANGE,1538075.0498088952,0.0,-4323.0827723208795,1533751.9670365744,1533751.9670365744,0.0,8.0,70.0,14,False
2024-02-13,USD_CASH,cash,Cash,CASH_RETURN,2543002.0594681897,0.0,0.0,2539059.0715689496,2539059.0715689496,0.0,0.0,0.0,14,False
2024-02-13,EURUSD_OVERLAY,fx_forward,FX,EURUSD_RETURN,0.0,759077.5071084014,-3942.9878992402573,0.0,0.0,759077.5071084014,0.0,0.0,14,False
2024-02-14,SPY,etf,US Equity,SPY_RETURN,1972159.153330572,0.0,-6436.828455711039,1965722.324874861,1965722.324874861,0.0,0.0,0.0,14,False
2024-02-14,QQQ,etf,US Equity,QQQ_RETURN,1025663.2417275993,0.0,2084.3856499182184,1027747.6273775175,1027747.6273775175,0.0,0.0,0.0,14,False
2024-02-14,EFA,etf,International Equity,EFA_RETURN,992212.9621516389,0.0,3934.025052622657,996146.9872042616,996146.9872042616,0.0,0.0,0.0,14,False
2024-02-14,GLD,etf,Commodity,GLD_RETURN,522478.48602500977,0.0,-3138.888851315296,519339.59717369446,519339.59717369446,0.0,0.0,0.0,14,False
2024-02-14,US5Y,bond,Rates,DGS5_CHANGE,1520924.9449305076,0.0,-392.3511579315383,1520532.593772576,1520532.593772576,0.0,4.5,22.0,14,False
2024-02-14,US10Y,bond,Rates,DGS10_CHANGE,1533751.9670365744,0.0,829.5525425449356,1534581.5195791193,1534581.5195791193,0.0,8.0,70.0,14,False
2024-02-14,USD_CASH,cash,Cash,CASH_RETURN,2539059.0715689496,0.0,0.0,2538200.415433342,2538200.415433342,0.0,0.0,0.0,14,False
2024-02-14,EURUSD_OVERLAY,fx_forward,FX,EURUSD_RETURN,0.0,759077.5071084014,-858.656135607393,0.0,0.0,759077.5071084014,0.0,0.0,14,False
2024-02-15,SPY,etf,US Equity,SPY_RETURN,1965722.324874861,0.0,1007.5676629320694,1966729.892537793,1966729.892537793,0.0,0.0,0.0,14,False
2024-02-15,QQQ,etf,US Equity,QQQ_RETURN,1027747.6273775175,0.0,18076.844783286408,1045824.472160804,1045824.472160804,0.0,0.0,0.0,14,False
2024-02-15,EFA,etf,International Equity,EFA_RETURN,996146.9872042616,0.0,-8430.969656606165,987716.0175476554,987716.0175476554,0.0,0.0,0.0,14,False
2024-02-15,GLD,etf,Commodity,GLD_RETURN,519339.59717369446,0.0,6716.471075037106,526056.0682487315,526056.0682487315,0.0,0.0,0.0,14,False
2024-02-15,US5Y,bond,Rates,DGS5_CHANGE,1520532.593772576,0.0,-2191.496946818457,1518341.0968257575,1518341.0968257575,0.0,4.5,22.0,14,False
2024-02-15,US10Y,bond,Rates,DGS10_CHANGE,1534581.5195791193,0.0,1344.2285934588886,1535925.7481725782,1535925.7481725782,0.0,8.0,70.0,14,False
2024-02-15,USD_CASH,cash,Cash,CASH_RETURN,2538200.415433342,0.0,0.0,2538451.7893789103,2538451.7893789103,0.0,0.0,0.0,14,False
2024-02-15,EURUSD_OVERLAY,fx_forward,FX,EURUSD_RETURN,0.0,759077.5071084014,251.37394556835093,0.0,0.0,759077.5071084014,0.0,0.0,14,False
2024-02-16,SPY,etf,US Equity,SPY_RETURN,1966729.892537793,0.0,4205.48022855394,1970935.372766347,1970935.372766347,0.0,0.0,0.0,14,False
2024-02-16,QQQ,etf,US Equity,QQQ_RETURN,1045824.472160804,0.0,12532.138365708575,1058356.6105265126,1058356.6105265126,0.0,0.0,0.0,14,False
2024-02-16,EFA,etf,International Equity,EFA_RETURN,987716.0175476554,0.0,9743.269628386208,997459.2871760416,997459.2871760416,0.0,0.0,0.0,14,False
2024-02-16,GLD,etf,Commodity,GLD_RETURN,526056.0682487315,0.0,1363.2586035660381,527419.3268522976,527419.3268522976,0.0,0.0,0.0,14,False
2024-02-16,US5Y,bond,Rates,DGS5_CHANGE,1518341.0968257575,0.0,573.5754616105633,1518914.672287368,1518914.672287368,0.0,4.5,22.0,14,False
2024-02-16,US10Y,bond,Rates,DGS10_CHANGE,1535925.7481725782,0.0,3257.494443068318,1539183.2426156464,1539183.2426156464,0.0,8.0,70.0,14,False
2024-02-16,USD_CASH,cash,Cash,CASH_RETURN,2538451.7893789103,0.0,0.0,2541302.456150736,2541302.456150736,0.0,0.0,0.0,14,False
2024-02-16,EURUSD_OVERLAY,fx_forward,FX,EURUSD_RETURN,0.0,759077.5071084014,2850.6667718259064,0.0,0.0,759077.5071084014,0.0,0.0,14,False
2024-02-19,SPY,etf,US Equity,SPY_RETURN,1970935.372766347,0.0,-7427.359426321703,1963508.0133400252,1963508.0133400252,0.0,0.0,0.0,14,False
2024-02-19,QQQ,etf,US Equity,QQQ_RETURN,1058356.6105265126,0.0,-4852.308170319783,1053504.3023561928,1053504.3023561928,0.0,0.0,0.0,14,False
2024-02-19,EFA,etf,International Equity,EFA_RETURN,997459.2871760416,0.0,-6896.799810303012,990562.4873657386,990562.4873657386,0.0,0.0,0.0,14,False
2024-02-19,GLD,etf,Commodity,GLD_RETURN,527419.3268522976,0.0,-9905.164894671176,517514.16195762646,517514.16195762646,0.0,0.0,0.0,14,False
2024-02-19,US5Y,bond,Rates,DGS5_CHANGE,1518914.672287368,0.0,3331.852023104628,1522246.5243104727,1522246.5243104727,0.0,4.5,22.0,14,False
2024-02-19,US10Y,bond,Rates,DGS10_CHANGE,1539183.2426156464,0.0,10740.60341493178,1549923.8460305783,1549923.8460305783,0.0,8.0,70.0,14,False
2024-02-19,USD_CASH,cash,Cash,CASH_RETURN,2541302.456150736,0.0,0.0,2539057.0363540403,2539057.0363540403,0.0,0.0,0.0,14,False
2024-02-19,EURUSD_OVERLAY,fx_forward,FX,EURUSD_RETURN,0.0,759077.5071084014,-2245.419796696045,0.0,0.0,759077.5071084014,0.0,0.0,14,False
2024-02-20,SPY,etf,US Equity,SPY_RETURN,1963508.0133400252,0.0,6537.238243870017,1970045.2515838952,1970045.2515838952,0.0,0.0,0.0,14,False
2024-02-20,QQQ,etf,US Equity,QQQ_RETURN,1053504.3023561928,0.0,3863.9486068631486,1057368.250963056,1057368.250963056,0.0,0.0,0.0,14,False
2024-02-20,EFA,etf,International Equity,EFA_RETURN,990562.4873657386,0.0,-3476.44693694061,987086.040428798,987086.040428798,0.0,0.0,0.0,14,False
2024-02-20,GLD,etf,Commodity,GLD_RETURN,517514.16195762646,0.0,-13079.966190558478,504434.195767068,504434.195767068,0.0,0.0,0.0,14,False
2024-02-20,US5Y,bond,Rates,DGS5_CHANGE,1522246.5243104727,0.0,1411.032385396584,1523657.5566958692,1523657.5566958692,0.0,4.5,22.0,14,False
2024-02-20,US10Y,bond,Rates,DGS10_CHANGE,1549923.8460305783,0.0,-2394.163741597366,1547529.6822889808,1547529.6822889808,0.0,8.0,70.0,14,False
2024-02-20,USD_CASH,cash,Cash,CASH_RETURN,2539057.0363540403,0.0,0.0,2542298.8209576476,2542298.8209576476,0.0,0.0,0.0,14,False
2024-02-20,EURUSD_OVERLAY,fx_forward,FX,EURUSD_RETURN,0.0,759077.5071084014,3241.7846036074698,0.0,0.0,759077.5071084014,0.0,0.0,14,False
2024-02-21,SPY,etf,US Equity,SPY_RETURN,1970045.2515838952,0.0,10053.01105469608,1980098.2626385912,1980098.2626385912,0.0,0.0,0.0,14,False
2024-02-21,QQQ,etf,US Equity,QQQ_RETURN,1057368.250963056,0.0,11926.548467544693,1069294.7994306006,1069294.7994306006,0.0,0.0,0.0,14,False
2024-02-21,EFA,etf,International Equity,EFA_RETURN,987086.040428798,0.0,1261.0775163588955,988347.1179451569,988347.1179451569,0.0,0.0,0.0,14,False
2024-02-21,GLD,etf,Commodity,GLD_RETURN,504434.195767068,0.0,-3625.546675987131,500808.6490910809,500808.6490910809,0.0,0.0,0.0,14,False
2024-02-21,US5Y,bond,Rates,DGS5_CHANGE,1523657.5566958692,0.0,921.5119573533218,1524579.0686532224,1524579.0686532224,0.0,4.5,22.0,14,False
2024-02-21,US10Y,bond,Rates,DGS10_CHANGE,1547529.6822889808,0.0,7985.821038154257,1555515.503327135,1555515.503327135,0.0,8.0,70.0,14,False
2024-02-21,USD_CASH,cash,Cash,CASH_RETURN,2542298.8209576476,0.0,0.0,2551442.6996154115,2551442.6996154115,0.0,0.0,0.0,14,False
2024-02-21,EURUSD_OVERLAY,fx_forward,FX,EURUSD_RETURN,0.0,759077.5071084014,9143.87865776383,0.0,0.0,759077.5071084014,0.0,0.0,14,False
2024-02-22,SPY,etf,US Equity,SPY_RETURN,1980098.2626385912,0.0,20215.789884976606,2000314.0525235678,2000314.0525235678,0.0,0.0,0.0,14,False
2024-02-22,QQQ,etf,US Equity,QQQ_RETURN,1069294.7994306006,0.0,-480.8984440200336,1068813.9009865806,1068813.9009865806,0.0,0.0,0.0,14,False
2024-02-22,EFA,etf,International Equity,EFA_RETURN,988347.1179451569,0.0,2155.8991364232756,990503.0170815801,990503.0170815801,0.0,0.0,0.0,14,False
2024-02-22,GLD,etf,Commodity,GLD_RETURN,500808.6490910809,0.0,-978.8871274118934,499829.761963669,499829.761963669,0.0,0.0,0.0,14,False
2024-02-22,US5Y,bond,Rates,DGS5_CHANGE,1524579.0686532224,0.0,-83.9223014566802,1524495.1463517658,1524495.1463517658,0.0,4.5,22.0,14,False
2024-02-22,US10Y,bond,Rates,DGS10_CHANGE,1555515.503327135,0.0,-224.76641224925376,1555290.7369148857,1555290.7369148857,0.0,8.0,70.0,14,False
2024-02-22,USD_CASH,cash,Cash,CASH_RETURN,2551442.6996154115,0.0,0.0,2559895.2140424214,2559895.2140424214,0.0,0.0,0.0,14,False
2024-02-22,EURUSD_OVERLAY,fx_forward,FX,EURUSD_RETURN,0.0,759077.5071084014,8452.51442700991,0.0,0.0,759077.5071084014,0.0,0.0,14,False
2024-02-23,SPY,etf,US Equity,SPY_RETURN,2000314.0525235678,0.0,-18924.083981741787,1981389.9685418261,1981389.9685418261,0.0,0.0,0.0,14,False
2024-02-23,QQQ,etf,US Equity,QQQ_RETURN,1068813.9009865806,0.0,-467.56277263876086,1068346.3382139418,1068346.3382139418,0.0,0.0,0.0,14,False
2024-02-23,EFA,etf,International Equity,EFA_RETURN,990503.0170815801,0.0,-2496.389702108958,988006.6273794712,988006.6273794712,0.0,0.0,0.0,14,False
2024-02-23,GLD,etf,Commodity,GLD_RETURN,499829.761963669,0.0,1985.290694072354,501815.05265774135,501815.05265774135,0.0,0.0,0.0,14,False
2024-02-23,US5Y,bond,Rates,DGS5_CHANGE,1524495.1463517658,0.0,2997.2307115176422,1527492.3770632835,1527492.3770632835,0.0,4.5,22.0,14,False
2024-02-23,US10Y,bond,Rates,DGS10_CHANGE,1555290.7369148857,0.0,9402.987472563185,1564693.724387449,1564693.724387449,0.0,8.0,70.0,14,False
2024-02-23,USD_CASH,cash,Cash,CASH_RETURN,2559895.2140424214,0.0,0.0,2559968.5673578978,2559968.5673578978,0.0,0.0,0.0,14,False
2024-02-23,EURUSD_OVERLAY,fx_forward,FX,EURUSD_RETURN,0.0,759077.5071084014,73.35331547617663,0.0,0.0,759077.5071084014,0.0,0.0,14,False
2024-02-26,SPY,etf,US Equity,SPY_RETURN,1981389.9685418261,0.0,-23658.264003935456,1957731.7045378906,1957731.7045378906,0.0,0.0,0.0,14,False
2024-02-26,QQQ,etf,US Equity,QQQ_RETURN,1068346.3382139418,0.0,-14389.091221073873,1053957.246992868,1053957.246992868,0.0,0.0,0.0,14,False
2024-02-26,EFA,etf,International Equity,EFA_RETURN,988006.6273794712,0.0,-11699.450996853246,976307.1763826179,976307.1763826179,0.0,0.0,0.0,14,False
2024-02-26,GLD,etf,Commodity,GLD_RETURN,501815.05265774135,0.0,-5112.388875749567,496702.6637819918,496702.6637819918,0.0,0.0,0.0,14,False
2024-02-26,US5Y,bond,Rates,DGS5_CHANGE,1527492.3770632835,0.0,2612.3498369962767,1530104.7269002798,1530104.7269002798,0.0,4.5,22.0,14,False
2024-02-26,US10Y,bond,Rates,DGS10_CHANGE,1564693.724387449,0.0,7995.683281458626,1572689.4076689077,1572689.4076689077,0.0,8.0,70.0,14,False
2024-02-26,USD_CASH,cash,Cash,CASH_RETURN,2559968.5673578978,0.0,0.0,2553420.3131591827,2553420.3131591827,0.0,0.0,0.0,14,False
2024-02-26,EURUSD_OVERLAY,fx_forward,FX,EURUSD_RETURN,0.0,759077.5071084014,-6548.254198715242,0.0,0.0,759077.5071084014,0.0,0.0,14,False
2024-02-27,SPY,etf,US Equity,SPY_RETURN,1957731.7045378906,0.0,-21446.36870170992,1936285.3358361807,1936285.3358361807,0.0,0.0,0.0,14,False
2024-02-27,QQQ,etf,US Equity,QQQ_RETURN,1053957.246992868,0.0,-8987.534968617556,1044969.7120242503,1044969.7120242503,0.0,0.0,0.0,14,False
2024-02-27,EFA,etf,International Equity,EFA_RETURN,976307.1763826179,0.0,-9829.639358568933,966477.537024049,966477.537024049,0.0,0.0,0.0,14,False
2024-02-27,GLD,etf,Commodity,GLD_RETURN,496702.6637819918,0.0,2529.1917691052204,499231.855551097,499231.855551097,0.0,0.0,0.0,14,False
2024-02-27,US5Y,bond,Rates,DGS5_CHANGE,1530104.7269002798,0.0,3708.166109412703,1533812.8930096924,1533812.8930096924,0.0,4.5,22.0,14,False
2024-02-27,US10Y,bond,Rates,DGS10_CHANGE,1572689.4076689077,0.0,8536.789904772299,1581226.19757368,1581226.19757368,0.0,8.0,70.0,14,False
2024-02-27,USD_CASH,cash,Cash,CASH_RETURN,2553420.3131591827,0.0,0.0,2545465.2032987983,2545465.2032987983,0.0,0.0,0.0,14,False
2024-02-27,EURUSD_OVERLAY,fx_forward,FX,EURUSD_RETURN,0.0,759077.5071084014,-7955.109860384291,0.0,0.0,759077.5071084014,0.0,0.0,14,False
2024-02-28,SPY,etf,US Equity,SPY_RETURN,1936285.3358361807,0.0,-13723.923289982042,1922561.4125461986,1922561.4125461986,0.0,0.0,0.0,14,False
2024-02-28,QQQ,etf,US Equity,QQQ_RETURN,1044969.7120242503,0.0,-16706.79588561096,1028262.9161386393,1028262.9161386393,0.0,0.0,0.0,14,False
2024-02-28,EFA,etf,International Equity,EFA_RETURN,966477.537024049,0.0,-8750.834621484459,957726.7024025645,957726.7024025645,0.0,0.0,0.0,14,False
2024-02-28,GLD,etf,Commodity,GLD_RETURN,499231.855551097,0.0,43.4727913393922,499275.3283424364,499275.3283424364,0.0,0.0,0.0,14,False
2024-02-28,US5Y,bond,Rates,DGS5_CHANGE,1533812.8930096924,0.0,-1657.787267128767,1532155.1057425637,1532155.1057425637,0.0,4.5,22.0,14,False
2024-02-28,US10Y,bond,Rates,DGS10_CHANGE,1581226.19757368,0.0,-8263.942702610937,1572962.254871069,1572962.254871069,0.0,8.0,70.0,14,False
2024-02-28,USD_CASH,cash,Cash,CASH_RETURN,2545465.2032987983,0.0,0.0,2545752.690992947,2545752.690992947,0.0,0.0,0.0,14,False
2024-02-28,EURUSD_OVERLAY,fx_forward,FX,EURUSD_RETURN,0.0,759077.5071084014,287.4876941487796,0.0,0.0,759077.5071084014,0.0,0.0,14,False
2024-02-29,SPY,etf,US Equity,SPY_RETURN,1922561.4125461986,0.0,-2127.2012988546444,1920434.211247344,1920434.211247344,0.0,0.0,0.0,14,False
2024-02-29,QQQ,etf,US Equity,QQQ_RETURN,1028262.9161386393,0.0,-10389.618439928638,1017873.2976987107,1017873.2976987107,0.0,0.0,0.0,14,False
2024-02-29,EFA,etf,International Equity,EFA_RETURN,957726.7024025645,0.0,7057.231843551941,964783.9342461164,964783.9342461164,0.0,0.0,0.0,14,False
2024-02-29,GLD,etf,Commodity,GLD_RETURN,499275.3283424364,0.0,4931.804036492292,504207.1323789287,504207.1323789287,0.0,0.0,0.0,14,False
2024-02-29,US5Y,bond,Rates,DGS5_CHANGE,1532155.1057425637,0.0,1179.1442117279137,1533334.2499542916,1533334.2499542916,0.0,4.5,22.0,14,False
2024-02-29,US10Y,bond,Rates,DGS10_CHANGE,1572962.254871069,0.0,-2530.0486648719134,1570432.2062061972,1570432.2062061972,0.0,8.0,70.0,14,False
2024-02-29,USD_CASH,cash,Cash,CASH_RETURN,2545752.690992947,0.0,0.0,2549067.5604215553,2549067.5604215553,0.0,0.0,0.0,14,False
2024-02-29,EURUSD_OVERLAY,fx_forward,FX,EURUSD_RETURN,0.0,759077.5071084014,3314.8694286082828,0.0,0.0,759077.5071084014,0.0,0.0,14,False
2024-03-01,SPY,etf,US Equity,SPY_RETURN,1920434.211247344,0.0,6792.523845499022,1927226.735092843,2008524.7627202645,0.0,0.0,0.0,15,True
2024-03-01,QQQ,etf,US Equity,QQQ_RETURN,1017873.2976987107,0.0,7844.8996409881065,1025718.1973396988,1004262.3813601322,0.0,0.0,0.0,15,True
2024-03-01,EFA,etf,International Equity,EFA_RETURN,964783.9342461164,0.0,-13432.230145849742,951351.7041002667,1004262.3813601322,0.0,0.0,0.0,15,True
2024-03-01,GLD,etf,Commodity,GLD_RETURN,504207.1323789287,0.0,-3563.112163660532,500644.0202152682,502131.1906800661,0.0,0.0,0.0,15,True
2024-03-01,US5Y,bond,Rates,DGS5_CHANGE,1533334.2499542916,0.0,-2633.3101645255574,1530700.939789766,1506393.5720401984,0.0,4.5,22.0,15,True
2024-03-01,US10Y,bond,Rates,DGS10_CHANGE,1570432.2062061972,0.0,-7213.239833954161,1563218.966372243,1506393.5720401984,0.0,8.0,70.0,15,True
2024-03-01,USD_CASH,cash,Cash,CASH_RETURN,2549067.5604215553,0.0,0.0,2543763.250691238,2510655.9534003306,0.0,0.0,0.0,15,True
2024-03-01,EURUSD_OVERLAY,fx_forward,FX,EURUSD_RETURN,0.0,759077.5071084014,-5304.309730317266,0.0,0.0,753196.7860200992,0.0,0.0,15,True
2024-03-04,SPY,etf,US Equity,SPY_RETURN,2008524.7627202645,0.0,1038.9151607061115,2009563.6778809705,2009563.6778809705,0.0,0.0,0.0,15,False
2024-03-04,QQQ,etf,US Equity,QQQ_RETURN,1004262.3813601322,0.0,-4178.072264862735,1000084.3090952695,1000084.3090952695,0.0,0.0,0.0,15,False
2024-03-04,EFA,etf,International Equity,EFA_RETURN,1004262.3813601322,0.0,-2595.385816603754,1001666.9955435285,1001666.9955435285,0.0,0.0,0.0,15,False
2024-03-04,GLD,etf,Commodity,GLD_RETURN,502131.1906800661,0.0,-1971.5698556077032,500159.6208244584,500159.6208244584,0.0,0.0,0.0,15,False
2024-03-04,US5Y,bond,Rates,DGS5_CHANGE,1506393.5720401984,0.0,-4122.922132500715,1502270.6499076977,1502270.6499076977,0.0,4.5,22.0,15,False
2024-03-04,US10Y,bond,Rates,DGS10_CHANGE,1506393.5720401984,0.0,-2713.0203701345895,1503680.5516700638,1503680.5516700638,0.0,8.0,70.0,15,False
2024-03-04,USD_CASH,cash,Cash,CASH_RETURN,2510655.9534003306,0.0,0.0,2503309.2693542726,2503309.2693542726,0.0,0.0,0.0,15,False
2024-03-04,EURUSD_OVERLAY,fx_forward,FX,EURUSD_RETURN,0.0,753196.7860200992,-7346.684046057755,0.0,0.0,753196.7860200992,0.0,0.0,15,False
2024-03-05,SPY,etf,US Equity,SPY_RETURN,2009563.6778809705,0.0,-13369.831456314188,1996193.8464246565,1996193.8464246565,0.0,0.0,0.0,15,False
2024-03-05,QQQ,etf,US Equity,QQQ_RETURN,1000084.3090952695,0.0,-30636.47595636569,969447.8331389038,969447.8331389038,0.0,0.0,0.0,15,False
2024-03-05,EFA,etf,International Equity,EFA_RETURN,1001666.9955435285,0.0,-9818.238906024855,991848.7566375036,991848.7566375036,0.0,0.0,0.0,15,False
2024-03-05,GLD,etf,Commodity,GLD_RETURN,500159.6208244584,0.0,-2044.3826486845485,498115.2381757739,498115.2381757739,0.0,0.0,0.0,15,False
2024-03-05,US5Y,bond,Rates,DGS5_CHANGE,1502270.6499076977,0.0,-111.8682967389347,1502158.7816109587,1502158.7816109587,0.0,4.5,22.0,15,False
2024-03-05,US10Y,bond,Rates,DGS10_CHANGE,1503680.5516700638,0.0,2346.1178980216487,1506026.6695680853,1506026.6695680853,0.0,8.0,70.0,15,False
2024-03-05,USD_CASH,cash,Cash,CASH_RETURN,2503309.2693542726,0.0,0.0,2501636.825769773,2501636.825769773,0.0,0.0,0.0,15,False
2024-03-05,EURUSD_OVERLAY,fx_forward,FX,EURUSD_RETURN,0.0,753196.7860200992,-1672.4435844992233,0.0,0.0,753196.7860200992,0.0,0.0,15,False
2024-03-06,SPY,etf,US Equity,SPY_RETURN,1996193.8464246565,0.0,28774.803442401968,2024968.6498670585,2024968.6498670585,0.0,0.0,0.0,15,False
2024-03-06,QQQ,etf,US Equity,QQQ_RETURN,969447.8331389038,0.0,13402.374275383212,982850.207414287,982850.207414287,0.0,0.0,0.0,15,False
2024-03-06,EFA,etf,International Equity,EFA_RETURN,991848.7566375036,0.0,12286.591754141542,1004135.3483916451,1004135.3483916451,0.0,0.0,0.0,15,False
2024-03-06,GLD,etf,Commodity,GLD_RETURN,498115.2381757739,0.0,-6027.172976651262,492088.0651991226,492088.0651991226,0.0,0.0,0.0,15,False
2024-03-06,US5Y,bond,Rates,DGS5_CHANGE,1502158.7816109587,0.0,-661.5486141444896,1501497.2329968142,1501497.2329968142,0.0,4.5,22.0,15,False
2024-03-06,US10Y,bond,Rates,DGS10_CHANGE,1506026.6695680853,0.0,1043.8923693212676,1507070.5619374067,1507070.5619374067,0.0,8.0,70.0,15,False
2024-03-06,USD_CASH,cash,Cash,CASH_RETURN,2501636.825769773,0.0,0.0,2510219.2106124475,2510219.2106124475,0.0,0.0,0.0,15,False
2024-03-06,EURUSD_OVERLAY,fx_forward,FX,EURUSD_RETURN,0.0,753196.7860200992,8582.384842674403,0.0,0.0,753196.7860200992,0.0,0.0,15,False
2024-03-07,SPY,etf,US Equity,SPY_RETURN,2024968.6498670585,0.0,18444.103274166897,2043412.7531412253,2043412.7531412253,0.0,0.0,0.0,15,False
2024-03-07,QQQ,etf,US Equity,QQQ_RETURN,982850.207414287,0.0,7788.054807743719,990638.2622220308,990638.2622220308,0.0,0.0,0.0,15,False
2024-03-07,EFA,etf,International Equity,EFA_RETURN,1004135.3483916451,0.0,5644.381516185178,1009779.7299078302,1009779.7299078302,0.0,0.0,0.0,15,False
2024-03-07,GLD,etf,Commodity,GLD_RETURN,492088.0651991226,0.0,-5356.80476291306,486731.2604362095,486731.2604362095,0.0,0.0,0.0,15,False
2024-03-07,US5Y,bond,Rates,DGS5_CHANGE,1501497.2329968142,0.0,-3937.5794951529288,1497559.6535016613,1497559.6535016613,0.0,4.5,22.0,15,False
2024-03-07,US10Y,bond,Rates,DGS10_CHANGE,1507070.5619374067,0.0,-8796.111730850931,1498274.4502065557,1498274.4502065557,0.0,8.0,70.0,15,False
2024-03-07,USD_CASH,cash,Cash,CASH_RETURN,2510219.2106124475,0.0,0.0,2519965.2685762844,2519965.2685762844,0.0,0.0,0.0,15,False
2024-03-07,EURUSD_OVERLAY,fx_forward,FX,EURUSD_RETURN,0.0,753196.7860200992,9746.057963836845,0.0,0.0,753196.7860200992,0.0,0.0,15,False
2024-03-08,SPY,etf,US Equity,SPY_RETURN,2043412.7531412253,0.0,-6915.5789462805615,2036497.1741949448,2036497.1741949448,0.0,0.0,0.0,15,False
2024-03-08,QQQ,etf,US Equity,QQQ_RETURN,990638.2622220308,0.0,-9029.711413259278,981608.5508087715,981608.5508087715,0.0,0.0,0.0,15,False
2024-03-08,EFA,etf,International Equity,EFA_RETURN,1009779.7299078302,0.0,-11.917497438063817,1009767.8124103922,1009767.8124103922,0.0,0.0,0.0,15,False
2024-03-08,GLD,etf,Commodity,GLD_RETURN,486731.2604362095,0.0,-5517.81817001281,481213.4422661967,481213.4422661967,0.0,0.0,0.0,15,False
2024-03-08,US5Y,bond,Rates,DGS5_CHANGE,1497559.6535016613,0.0,5601.578343824664,1503161.231845486,1503161.231845486,0.0,4.5,22.0,15,False
2024-03-08,US10Y,bond,Rates,DGS10_CHANGE,1498274.4502065557,0.0,7481.452477780642,1505755.9026843363,1505755.9026843363,0.0,8.0,70.0,15,False
2024-03-08,USD_CASH,cash,Cash,CASH_RETURN,2519965.2685762844,0.0,0.0,2525339.393813311,2525339.393813311,0.0,0.0,0.0,15,False
2024-03-08,EURUSD_OVERLAY,fx_forward,FX,EURUSD_RETURN,0.0,753196.7860200992,5374.125237026935,0.0,0.0,753196.7860200992,0.0,0.0,15,False
2024-03-11,SPY,etf,US Equity,SPY_RETURN,2036497.1741949448,0.0,5263.647062678176,2041760.821257623,2041760.821257623,0.0,0.0,0.0,15,False
2024-03-11,QQQ,etf,US Equity,QQQ_RETURN,981608.5508087715,0.0,4744.868148705184,986353.4189574767,986353.4189574767,0.0,0.0,0.0,15,False
2024-03-11,EFA,etf,International Equity,EFA_RETURN,1009767.8124103922,0.0,4230.964262479605,1013998.7766728718,1013998.7766728718,0.0,0.0,0.0,15,False
2024-03-11,GLD,etf,Commodity,GLD_RETURN,481213.4422661967,0.0,-3005.1125637755767,478208.32970242115,478208.32970242115,0.0,0.0,0.0,15,False
2024-03-11,US5Y,bond,Rates,DGS5_CHANGE,1503161.231845486,0.0,-486.0295784959541,1502675.20226699,1502675.20226699,0.0,4.5,22.0,15,False
2024-03-11,US10Y,bond,Rates,DGS10_CHANGE,1505755.9026843363,0.0,2308.3416901028017,1508064.2443744391,1508064.2443744391,0.0,8.0,70.0,15,False
2024-03-11,USD_CASH,cash,Cash,CASH_RETURN,2525339.393813311,0.0,0.0,2525641.163186758,2525641.163186758,0.0,0.0,0.0,15,False
2024-03-11,EURUSD_OVERLAY,fx_forward,FX,EURUSD_RETURN,0.0,753196.7860200992,301.769373446698,0.0,0.0,753196.7860200992,0.0,0.0,15,False
2024-03-12,SPY,etf,US Equity,SPY_RETURN,2041760.821257623,0.0,-3020.099723964014,2038740.721533659,2038740.721533659,0.0,0.0,0.0,15,False
2024-03-12,QQQ,etf,US Equity,QQQ_RETURN,986353.4189574767,0.0,-15665.385140221095,970688.0338172556,970688.0338172556,0.0,0.0,0.0,15,False
2024-03-12,EFA,etf,International Equity,EFA_RETURN,1013998.7766728718,0.0,4570.270826886236,1018569.0474997581,1018569.0474997581,0.0,0.0,0.0,15,False
2024-03-12,GLD,etf,Commodity,GLD_RETURN,478208.32970242115,0.0,4782.682169820071,482991.0118722412,482991.0118722412,0.0,0.0,0.0,15,False
2024-03-12,US5Y,bond,Rates,DGS5_CHANGE,1502675.20226699,0.0,2609.2993862796206,1505284.5016532696,1505284.5016532696,0.0,4.5,22.0,15,False
2024-03-12,US10Y,bond,Rates,DGS10_CHANGE,1508064.2443744391,0.0,2533.8482903255253,1510598.0926647647,1510598.0926647647,0.0,8.0,70.0,15,False
2024-03-12,USD_CASH,cash,Cash,CASH_RETURN,2525641.163186758,0.0,0.0,2526350.115238733,2526350.115238733,0.0,0.0,0.0,15,False
2024-03-12,EURUSD_OVERLAY,fx_forward,FX,EURUSD_RETURN,0.0,753196.7860200992,708.9520519753704,0.0,0.0,753196.7860200992,0.0,0.0,15,False
2024-03-13,SPY,etf,US Equity,SPY_RETURN,2038740.721533659,0.0,-44068.416375951354,1994672.3051577075,1994672.3051577075,0.0,0.0,0.0,15,False
2024-03-13,QQQ,etf,US Equity,QQQ_RETURN,970688.0338172556,0.0,-17144.290605883656,953543.7432113719,953543.7432113719,0.0,0.0,0.0,15,False
2024-03-13,EFA,etf,International Equity,EFA_RETURN,1018569.0474997581,0.0,-17048.366094437763,1001520.6814053203,1001520.6814053203,0.0,0.0,0.0,15,False
2024-03-13,GLD,etf,Commodity,GLD_RETURN,482991.0118722412,0.0,-1012.5965598721181,481978.4153123691,481978.4153123691,0.0,0.0,0.0,15,False
2024-03-13,US5Y,bond,Rates,DGS5_CHANGE,1505284.5016532696,0.0,-1347.13055120764,1503937.371102062,1503937.371102062,0.0,4.5,22.0,15,False
2024-03-13,US10Y,bond,Rates,DGS10_CHANGE,1510598.0926647647,0.0,5895.548299371413,1516493.6409641362,1516493.6409641362,0.0,8.0,70.0,15,False
2024-03-13,USD_CASH,cash,Cash,CASH_RETURN,2526350.115238733,0.0,0.0,2521587.6700141253,2521587.6700141253,0.0,0.0,0.0,15,False
2024-03-13,EURUSD_OVERLAY,fx_forward,FX,EURUSD_RETURN,0.0,753196.7860200992,-4762.445224608049,0.0,0.0,753196.7860200992,0.0,0.0,15,False
2024-03-14,SPY,etf,US Equity,SPY_RETURN,1994672.3051577075,0.0,-21232.806118811935,1973439.4990388956,1973439.4990388956,0.0,0.0,0.0,15,False
2024-03-14,QQQ,etf,US Equity,QQQ_RETURN,953543.7432113719,0.0,-5958.160720781374,947585.5824905905,947585.5824905905,0.0,0.0,0.0,15,False
2024-03-14,EFA,etf,International Equity,EFA_RETURN,1001520.6814053203,0.0,-3288.082511518587,998232.5988938017,998232.5988938017,0.0,0.0,0.0,15,False
2024-03-14,GLD,etf,Commodity,GLD_RETURN,481978.4153123691,0.0,3721.7283853963995,485700.14369776554,485700.14369776554,0.0,0.0,0.0,15,False
2024-03-14,US5Y,bond,Rates,DGS5_CHANGE,1503937.371102062,0.0,-803.8231311340779,1503133.547970928,1503133.547970928,0.0,4.5,22.0,15,False
2024-03-14,US10Y,bond,Rates,DGS10_CHANGE,1516493.6409641362,0.0,-2376.5645867091152,1514117.0763774272,1514117.0763774272,0.0,8.0,70.0,15,False
2024-03-14,USD_CASH,cash,Cash,CASH_RETURN,2521587.6700141253,0.0,0.0,2522524.350575747,2522524.350575747,0.0,0.0,0.0,15,False
2024-03-14,EURUSD_OVERLAY,fx_forward,FX,EURUSD_RETURN,0.0,753196.7860200992,936.6805616217435,0.0,0.0,753196.7860200992,0.0,0.0,15,False
2024-03-15,SPY,etf,US Equity,SPY_RETURN,1973439.4990388956,0.0,8299.717437022258,1981739.216475918,1981739.216475918,0.0,0.0,0.0,15,False
2024-03-15,QQQ,etf,US Equity,QQQ_RETURN,947585.5824905905,0.0,-190.27240864334635,947395.3100819471,947395.3100819471,0.0,0.0,0.0,15,False
2024-03-15,EFA,etf,International Equity,EFA_RETURN,998232.5988938017,0.0,-9493.174622147577,988739.4242716541,988739.4242716541,0.0,0.0,0.0,15,False
2024-03-15,GLD,etf,Commodity,GLD_RETURN,485700.14369776554,0.0,-2379.6290781658913,483320.5146195996,483320.5146195996,0.0,0.0,0.0,15,False
2024-03-15,US5Y,bond,Rates,DGS5_CHANGE,1503133.547970928,0.0,-1101.4662255347616,1502032.0817453933,1502032.0817453933,0.0,4.5,22.0,15,False
2024-03-15,US10Y,bond,Rates,DGS10_CHANGE,1514117.0763774272,0.0,3721.1811108761513,1517838.2574883034,1517838.2574883034,0.0,8.0,70.0,15,False
2024-03-15,USD_CASH,cash,Cash,CASH_RETURN,2522524.350575747,0.0,0.0,2521865.2429649658,2521865.2429649658,0.0,0.0,0.0,15,False
2024-03-15,EURUSD_OVERLAY,fx_forward,FX,EURUSD_RETURN,0.0,753196.7860200992,-659.1076107810885,0.0,0.0,753196.7860200992,0.0,0.0,15,False
2024-03-18,SPY,etf,US Equity,SPY_RETURN,1981739.216475918,0.0,-20116.749577738934,1961622.466898179,1961622.466898179,0.0,0.0,0.0,15,False
2024-03-18,QQQ,etf,US Equity,QQQ_RETURN,947395.3100819471,0.0,-12267.22721909691,935128.0828628502,935128.0828628502,0.0,0.0,0.0,15,False
2024-03-18,EFA,etf,International Equity,EFA_RETURN,988739.4242716541,0.0,-5801.545870567036,982937.878401087,982937.878401087,0.0,0.0,0.0,15,False
2024-03-18,GLD,etf,Commodity,GLD_RETURN,483320.5146195996,0.0,4064.5186091717233,487385.03322877135,487385.03322877135,0.0,0.0,0.0,15,False
2024-03-18,US5Y,bond,Rates,DGS5_CHANGE,1502032.0817453933,0.0,420.3794032573065,1502452.4611486506,1502452.4611486506,0.0,4.5,22.0,15,False
2024-03-18,US10Y,bond,Rates,DGS10_CHANGE,1517838.2574883034,0.0,831.3679320375956,1518669.625420341,1518669.625420341,0.0,8.0,70.0,15,False
2024-03-18,USD_CASH,cash,Cash,CASH_RETURN,2521865.2429649658,0.0,0.0,2518282.4971092045,2518282.4971092045,0.0,0.0,0.0,15,False
2024-03-18,EURUSD_OVERLAY,fx_forward,FX,EURUSD_RETURN,0.0,753196.7860200992,-3582.745855761053,0.0,0.0,753196.7860200992,0.0,0.0,15,False
2024-03-19,SPY,etf,US Equity,SPY_RETURN,1961622.466898179,0.0,8920.362427347214,1970542.829325526,1970542.829325526,0.0,0.0,0.0,15,False
2024-03-19,QQQ,etf,US Equity,QQQ_RETURN,935128.0828628502,0.0,5212.95207480142,940341.0349376516,940341.0349376516,0.0,0.0,0.0,15,False
2024-03-19,EFA,etf,International Equity,EFA_RETURN,982937.878401087,0.0,3906.6438142340553,986844.5222153211,986844.5222153211,0.0,0.0,0.0,15,False
2024-03-19,GLD,etf,Commodity,GLD_RETURN,487385.03322877135,0.0,509.3859122624348,487894.4191410338,487894.4191410338,0.0,0.0,0.0,15,False
2024-03-19,US5Y,bond,Rates,DGS5_CHANGE,1502452.4611486506,0.0,-424.24613604391055,1502028.2150126067,1502028.2150126067,0.0,4.5,22.0,15,False
2024-03-19,US10Y,bond,Rates,DGS10_CHANGE,1518669.625420341,0.0,-5004.098986517677,1513665.5264338234,1513665.5264338234,0.0,8.0,70.0,15,False
2024-03-19,USD_CASH,cash,Cash,CASH_RETURN,2518282.4971092045,0.0,0.0,2514748.7021440486,2514748.7021440486,0.0,0.0,0.0,15,False
2024-03-19,EURUSD_OVERLAY,fx_forward,FX,EURUSD_RETURN,0.0,753196.7860200992,-3533.7949651560657,0.0,0.0,753196.7860200992,0.0,0.0,15,False
2024-03-20,SPY,etf,US Equity,SPY_RETURN,1970542.829325526,0.0,-29409.62063166674,1941133.2086938592,1941133.2086938592,0.0,0.0,0.0,15,False
2024-03-20,QQQ,etf,US Equity,QQQ_RETURN,940341.0349376516,0.0,-15278.506072431568,925062.52886522,925062.52886522,0.0,0.0,0.0,15,False
2024-03-20,EFA,etf,International Equity,EFA_RETURN,986844.5222153211,0.0,-5729.942406872456,981114.5798084487,981114.5798084487,0.0,0.0,0.0,15,False
2024-03-20,GLD,etf,Commodity,GLD_RETURN,487894.4191410338,0.0,-7814.266088021876,480080.1530530119,480080.1530530119,0.0,0.0,0.0,15,False
2024-03-20,US5Y,bond,Rates,DGS5_CHANGE,1502028.2150126067,0.0,-2655.0506801720903,1499373.1643324345,1499373.1643324345,0.0,4.5,22.0,15,False
2024-03-20,US10Y,bond,Rates,DGS10_CHANGE,1513665.5264338234,0.0,-8415.547618209072,1505249.9788156142,1505249.9788156142,0.0,8.0,70.0,15,False
2024-03-20,USD_CASH,cash,Cash,CASH_RETURN,2514748.7021440486,0.0,0.0,2516232.8803282557,2516232.8803282557,0.0,0.0,0.0,15,False
2024-03-20,EURUSD_OVERLAY,fx_forward,FX,EURUSD_RETURN,0.0,753196.7860200992,1484.1781842071716,0.0,0.0,753196.7860200992,0.0,0.0,15,False
2024-03-21,SPY,etf,US Equity,SPY_RETURN,1941133.2086938592,0.0,29188.19981951434,1970321.4085133735,1970321.4085133735,0.0,0.0,0.0,15,False
2024-03-21,QQQ,etf,US Equity,QQQ_RETURN,925062.52886522,0.0,810.7704181471286,925873.2992833671,925873.2992833671,0.0,0.0,0.0,15,False
2024-03-21,EFA,etf,International Equity,EFA_RETURN,981114.5798084487,0.0,8904.6140824319,990019.1938908806,990019.1938908806,0.0,0.0,0.0,15,False
2024-03-21,GLD,etf,Commodity,GLD_RETURN,480080.1530530119,0.0,-1422.535874683036,478657.61717832886,478657.61717832886,0.0,0.0,0.0,15,False
2024-03-21,US5Y,bond,Rates,DGS5_CHANGE,1499373.1643324345,0.0,795.7435718013114,1500168.9079042359,1500168.9079042359,0.0,4.5,22.0,15,False
2024-03-21,US10Y,bond,Rates,DGS10_CHANGE,1505249.9788156142,0.0,-632.3130270689044,1504617.6657885453,1504617.6657885453,0.0,8.0,70.0,15,False
2024-03-21,USD_CASH,cash,Cash,CASH_RETURN,2516232.8803282557,0.0,0.0,2515116.442071096,2515116.442071096,0.0,0.0,0.0,15,False
2024-03-21,EURUSD_OVERLAY,fx_forward,FX,EURUSD_RETURN,0.0,753196.7860200992,-1116.438257159566,0.0,0.0,753196.7860200992,0.0,0.0,15,False
2024-03-22,SPY,etf,US Equity,SPY_RETURN,1970321.4085133735,0.0,-34461.54587778082,1935859.8626355927,1935859.8626355927,0.0,0.0,0.0,15,False
2024-03-22,QQQ,etf,US Equity,QQQ_RETURN,925873.2992833671,0.0,-20097.04747692724,905776.2518064398,905776.2518064398,0.0,0.0,0.0,15,False
2024-03-22,EFA,etf,International Equity,EFA_RETURN,990019.1938908806,0.0,-2601.4807106568987,987417.7131802237,987417.7131802237,0.0,0.0,0.0,15,False
2024-03-22,GLD,etf,Commodity,GLD_RETURN,478657.61717832886,0.0,-4680.151858152197,473977.4653201767,473977.4653201767,0.0,0.0,0.0,15,False
2024-03-22,US5Y,bond,Rates,DGS5_CHANGE,1500168.9079042359,0.0,-3191.9482461530506,1496976.9596580828,1496976.9596580828,0.0,4.5,22.0,15,False
2024-03-22,US10Y,bond,Rates,DGS10_CHANGE,1504617.6657885453,0.0,-6874.580357939135,1497743.085430606,1497743.085430606,0.0,8.0,70.0,15,False
2024-03-22,USD_CASH,cash,Cash,CASH_RETURN,2515116.442071096,0.0,0.0,2513822.370230626,2513822.370230626,0.0,0.0,0.0,15,False
2024-03-22,EURUSD_OVERLAY,fx_forward,FX,EURUSD_RETURN,0.0,753196.7860200992,-1294.0718404702325,0.0,0.0,753196.7860200992,0.0,0.0,15,False
2024-03-25,SPY,etf,US Equity,SPY_RETURN,1935859.8626355927,0.0,-23717.465596854247,1912142.3970387385,1912142.3970387385,0.0,0.0,0.0,15,False
2024-03-25,QQQ,etf,US Equity,QQQ_RETURN,905776.2518064398,0.0,-17663.925066141233,888112.3267402987,888112.3267402987,0.0,0.0,0.0,15,False
2024-03-25,EFA,etf,International Equity,EFA_RETURN,987417.7131802237,0.0,-234.37825117291504,987183.3349290508,987183.3349290508,0.0,0.0,0.0,15,False
2024-03-25,GLD,etf,Commodity,GLD_RETURN,473977.4653201767,0.0,817.3434997282741,474794.8088199049,474794.8088199049,0.0,0.0,0.0,15,False
2024-03-25,US5Y,bond,Rates,DGS5_CHANGE,1496976.9596580828,0.0,1415.8928871113585,1498392.852545194,1498392.852545194,0.0,4.5,22.0,15,False
2024-03-25,US10Y,bond,Rates,DGS10_CHANGE,1497743.085430606,0.0,-1695.4734904416628,1496047.6119401644,1496047.6119401644,0.0,8.0,70.0,15,False
2024-03-25,USD_CASH,cash,Cash,CASH_RETURN,2513822.370230626,0.0,0.0,2516296.706833307,2516296.706833307,0.0,0.0,0.0,15,False
2024-03-25,EURUSD_OVERLAY,fx_forward,FX,EURUSD_RETURN,0.0,753196.7860200992,2474.3366026814306,0.0,0.0,753196.7860200992,0.0,0.0,15,False
2024-03-26,SPY,etf,US Equity,SPY_RETURN,1912142.3970387385,0.0,10547.64505136853,1922690.042090107,1922690.042090107,0.0,0.0,0.0,15,False
2024-03-26,QQQ,etf,US Equity,QQQ_RETURN,888112.3267402987,0.0,9763.82965410384,897876.1563944025,897876.1563944025,0.0,0.0,0.0,15,False
2024-03-26,EFA,etf,International Equity,EFA_RETURN,987183.3349290508,0.0,595.4450965290022,987778.7800255797,987778.7800255797,0.0,0.0,0.0,15,False
2024-03-26,GLD,etf,Commodity,GLD_RETURN,474794.8088199049,0.0,5678.998844847286,480473.8076647522,480473.8076647522,0.0,0.0,0.0,15,False
2024-03-26,US5Y,bond,Rates,DGS5_CHANGE,1498392.852545194,0.0,-618.5602241618204,1497774.2923210324,1497774.2923210324,0.0,4.5,22.0,15,False
2024-03-26,US10Y,bond,Rates,DGS10_CHANGE,1496047.6119401644,0.0,3853.703016313223,1499901.3149564776,1499901.3149564776,0.0,8.0,70.0,15,False
2024-03-26,USD_CASH,cash,Cash,CASH_RETURN,2516296.706833307,0.0,0.0,2512710.9067750396,2512710.9067750396,0.0,0.0,0.0,15,False
2024-03-26,EURUSD_OVERLAY,fx_forward,FX,EURUSD_RETURN,0.0,753196.7860200992,-3585.800058267742,0.0,0.0,753196.7860200992,0.0,0.0,15,False
2024-03-27,SPY,etf,US Equity,SPY_RETURN,1922690.042090107,0.0,-3499.826294037798,1919190.2157960692,1919190.2157960692,0.0,0.0,0.0,15,False
2024-03-27,QQQ,etf,US Equity,QQQ_RETURN,897876.1563944025,0.0,410.2336016033164,898286.3899960058,898286.3899960058,0.0,0.0,0.0,15,False
2024-03-27,EFA,etf,International Equity,EFA_RETURN,987778.7800255797,0.0,4259.5184435811725,992038.2984691609,992038.2984691609,0.0,0.0,0.0,15,False
2024-03-27,GLD,etf,Commodity,GLD_RETURN,480473.8076647522,0.0,-3894.4195394409076,476579.3881253113,476579.3881253113,0.0,0.0,0.0,15,False
2024-03-27,US5Y,bond,Rates,DGS5_CHANGE,1497774.2923210324,0.0,-2954.7860292367427,1494819.5062917955,1494819.5062917955,0.0,4.5,22.0,15,False
2024-03-27,US10Y,bond,Rates,DGS10_CHANGE,1499901.3149564776,0.0,-5034.513937496312,1494866.8010189813,1494866.8010189813,0.0,8.0,70.0,15,False
2024-03-27,USD_CASH,cash,Cash,CASH_RETURN,2512710.9067750396,0.0,0.0,2511551.4633119195,2511551.4633119195,0.0,0.0,0.0,15,False
2024-03-27,EURUSD_OVERLAY,fx_forward,FX,EURUSD_RETURN,0.0,753196.7860200992,-1159.4434631202303,0.0,0.0,753196.7860200992,0.0,0.0,15,False
2024-03-28,SPY,etf,US Equity,SPY_RETURN,1919190.2157960692,0.0,31116.43251295884,1950306.648309028,1950306.648309028,0.0,0.0,0.0,15,False
2024-03-28,QQQ,etf,US Equity,QQQ_RETURN,898286.3899960058,0.0,10305.242959323037,908591.6329553288,908591.6329553288,0.0,0.0,0.0,15,False
2024-03-28,EFA,etf,International Equity,EFA_RETURN,992038.2984691609,0.0,7976.60800295973,1000014.9064721207,1000014.9064721207,0.0,0.0,0.0,15,False
2024-03-28,GLD,etf,Commodity,GLD_RETURN,476579.3881253113,0.0,721.367187416585,477300.7553127279,477300.7553127279,0.0,0.0,0.0,15,False
2024-03-28,US5Y,bond,Rates,DGS5_CHANGE,1494819.5062917955,0.0,2160.164571665666,1496979.6708634612,1496979.6708634612,0.0,4.5,22.0,15,False
2024-03-28,US10Y,bond,Rates,DGS10_CHANGE,1494866.8010189813,0.0,-193.38234040671685,1494673.4186785745,1494673.4186785745,0.0,8.0,70.0,15,False
2024-03-28,USD_CASH,cash,Cash,CASH_RETURN,2511551.4633119195,0.0,0.0,2510244.438176143,2510244.438176143,0.0,0.0,0.0,15,False
2024-03-28,EURUSD_OVERLAY,fx_forward,FX,EURUSD_RETURN,0.0,753196.7860200992,-1307.0251357766178,0.0,0.0,753196.7860200992,0.0,0.0,15,False
2024-03-29,SPY,etf,US Equity,SPY_RETURN,1950306.648309028,0.0,3020.547181067291,1953327.1954900953,1953327.1954900953,0.0,0.0,0.0,15,False
2024-03-29,QQQ,etf,US Equity,QQQ_RETURN,908591.6329553288,0.0,-1054.4844071129176,907537.1485482159,907537.1485482159,0.0,0.0,0.0,15,False
2024-03-29,EFA,etf,International Equity,EFA_RETURN,1000014.9064721207,0.0,737.3433573100616,1000752.2498294307,1000752.2498294307,0.0,0.0,0.0,15,False
2024-03-29,GLD,etf,Commodity,GLD_RETURN,477300.7553127279,0.0,4891.830994240308,482192.5863069682,482192.5863069682,0.0,0.0,0.0,15,False
2024-03-29,US5Y,bond,Rates,DGS5_CHANGE,1496979.6708634612,0.0,551.5199575343211,1497531.1908209955,1497531.1908209955,0.0,4.5,22.0,15,False
2024-03-29,US10Y,bond,Rates,DGS10_CHANGE,1494673.4186785745,0.0,-345.8884348239862,1494327.5302437504,1494327.5302437504,0.0,8.0,70.0,15,False
2024-03-29,USD_CASH,cash,Cash,CASH_RETURN,2510244.438176143,0.0,0.0,2512020.827200532,2512020.827200532,0.0,0.0,0.0,15,False
2024-03-29,EURUSD_OVERLAY,fx_forward,FX,EURUSD_RETURN,0.0,753196.7860200992,1776.3890243889714,0.0,0.0,753196.7860200992,0.0,0.0,15,False
2024-04-01,SPY,etf,US Equity,SPY_RETURN,1953327.1954900953,0.0,14117.672947898709,1967444.868437994,1981018.5570761808,0.0,0.0,0.0,16,True
2024-04-01,QQQ,etf,US Equity,QQQ_RETURN,907537.1485482159,0.0,28271.112609798605,935808.2611580144,990509.2785380904,0.0,0.0,0.0,16,True
2024-04-01,EFA,etf,International Equity,EFA_RETURN,1000752.2498294307,0.0,366.83963241261085,1001119.0894618434,990509.2785380904,0.0,0.0,0.0,16,True
2024-04-01,GLD,etf,Commodity,GLD_RETURN,482192.5863069682,0.0,5916.225829478189,488108.81213644636,495254.6392690452,0.0,0.0,0.0,16,True
2024-04-01,US5Y,bond,Rates,DGS5_CHANGE,1497531.1908209955,0.0,3392.9717013921636,1500924.1625223877,1485763.9178071355,0.0,4.5,22.0,16,True
2024-04-01,US10Y,bond,Rates,DGS10_CHANGE,1494327.5302437504,0.0,8468.411150560933,1502795.9413943114,1485763.9178071355,0.0,8.0,70.0,16,True
2024-04-01,USD_CASH,cash,Cash,CASH_RETURN,2512020.827200532,0.0,0.0,2508891.6502699056,2476273.196345226,0.0,0.0,0.0,16,True
2024-04-01,EURUSD_OVERLAY,fx_forward,FX,EURUSD_RETURN,0.0,753196.7860200992,-3129.1769306263463,0.0,0.0,742881.9589035677,0.0,0.0,16,True
2024-04-02,SPY,etf,US Equity,SPY_RETURN,1981018.5570761808,0.0,4463.305981494599,1985481.8630576753,1985481.8630576753,0.0,0.0,0.0,16,False
2024-04-02,QQQ,etf,US Equity,QQQ_RETURN,990509.2785380904,0.0,5459.972511860929,995969.2510499513,995969.2510499513,0.0,0.0,0.0,16,False
2024-04-02,EFA,etf,International Equity,EFA_RETURN,990509.2785380904,0.0,8401.062162952834,998910.3407010433,998910.3407010433,0.0,0.0,0.0,16,False
2024-04-02,GLD,etf,Commodity,GLD_RETURN,495254.6392690452,0.0,3445.02960462593,498699.66887367115,498699.66887367115,0.0,0.0,0.0,16,False
2024-04-02,US5Y,bond,Rates,DGS5_CHANGE,1485763.9178071355,0.0,-1285.3351510038817,1484478.5826561316,1484478.5826561316,0.0,4.5,22.0,16,False
2024-04-02,US10Y,bond,Rates,DGS10_CHANGE,1485763.9178071355,0.0,-2929.451854735554,1482834.4659524,1482834.4659524,0.0,8.0,70.0,16,False
2024-04-02,USD_CASH,cash,Cash,CASH_RETURN,2476273.196345226,0.0,0.0,2479058.141539428,2479058.141539428,0.0,0.0,0.0,16,False
2024-04-02,EURUSD_OVERLAY,fx_forward,FX,EURUSD_RETURN,0.0,742881.9589035677,2784.9451942021497,0.0,0.0,742881.9589035677,0.0,0.0,16,False
2024-04-03,SPY,etf,US Equity,SPY_RETURN,1985481.8630576753,0.0,20906.14664839258,2006388.0097060679,2006388.0097060679,0.0,0.0,0.0,16,False
2024-04-03,QQQ,etf,US Equity,QQQ_RETURN,995969.2510499513,0.0,-7485.381199020886,988483.8698509304,988483.8698509304,0.0,0.0,0.0,16,False
2024-04-03,EFA,etf,International Equity,EFA_RETURN,998910.3407010433,0.0,8993.498675324767,1007903.839376368,1007903.839376368,0.0,0.0,0.0,16,False
2024-04-03,GLD,etf,Commodity,GLD_RETURN,498699.66887367115,0.0,866.7096470867804,499566.37852075795,499566.37852075795,0.0,0.0,0.0,16,False
2024-04-03,US5Y,bond,Rates,DGS5_CHANGE,1484478.5826561316,0.0,-5318.051798847776,1479160.5308572839,1479160.5308572839,0.0,4.5,22.0,16,False
2024-04-03,US10Y,bond,Rates,DGS10_CHANGE,1482834.4659524,0.0,-10068.21833713023,1472766.2476152696,1472766.2476152696,0.0,8.0,70.0,16,False
2024-04-03,USD_CASH,cash,Cash,CASH_RETURN,2479058.141539428,0.0,0.0,2481811.8380697756,2481811.8380697756,0.0,0.0,0.0,16,False
2024-04-03,EURUSD_OVERLAY,fx_forward,FX,EURUSD_RETURN,0.0,742881.9589035677,2753.696530347613,0.0,0.0,742881.9589035677,0.0,0.0,16,False
2024-04-04,SPY,etf,US Equity,SPY_RETURN,2006388.0097060679,0.0,-25511.59276248912,1980876.4169435787,1980876.4169435787,0.0,0.0,0.0,16,False
2024-04-04,QQQ,etf,US Equity,QQQ_RETURN,988483.8698509304,0.0,-19976.85601169974,968507.0138392306,968507.0138392306,0.0,0.0,0.0,16,False
2024-04-04,EFA,etf,International Equity,EFA_RETURN,1007903.839376368,0.0,-8574.775694909127,999329.0636814588,999329.0636814588,0.0,0.0,0.0,16,False
2024-04-04,GLD,etf,Commodity,GLD_RETURN,499566.37852075795,0.0,4435.634588029586,504002.01310878753,504002.01310878753,0.0,0.0,0.0,16,False
2024-04-04,US5Y,bond,Rates,DGS5_CHANGE,1479160.5308572839,0.0,1121.3255748986498,1480281.8564321825,1480281.8564321825,0.0,4.5,22.0,16,False
2024-04-04,US10Y,bond,Rates,DGS10_CHANGE,1472766.2476152696,0.0,2520.0056890604187,1475286.25330433,1475286.25330433,0.0,8.0,70.0,16,False
2024-04-04,USD_CASH,cash,Cash,CASH_RETURN,2481811.8380697756,0.0,0.0,2480600.008011026,2480600.008011026,0.0,0.0,0.0,16,False
2024-04-04,EURUSD_OVERLAY,fx_forward,FX,EURUSD_RETURN,0.0,742881.9589035677,-1211.8300587498356,0.0,0.0,742881.9589035677,0.0,0.0,16,False
2024-04-05,SPY,etf,US Equity,SPY_RETURN,1980876.4169435787,0.0,14713.246979805894,1995589.6639233846,1995589.6639233846,0.0,0.0,0.0,16,False
2024-04-05,QQQ,etf,US Equity,QQQ_RETURN,968507.0138392306,0.0,1523.6393707524028,970030.653209983,970030.653209983,0.0,0.0,0.0,16,False
2024-04-05,EFA,etf,International Equity,EFA_RETURN,999329.0636814588,0.0,9630.15928172536,1008959.2229631842,1008959.2229631842,0.0,0.0,0.0,16,False
2024-04-05,GLD,etf,Commodity,GLD_RETURN,504002.01310878753,0.0,2153.1484140742114,506155.16152286174,506155.16152286174,0.0,0.0,0.0,16,False
2024-04-05,US5Y,bond,Rates,DGS5_CHANGE,1480281.8564321825,0.0,60.31370212263414,1480342.170134305,1480342.170134305,0.0,4.5,22.0,16,False
2024-04-05,US10Y,bond,Rates,DGS10_CHANGE,1475286.25330433,0.0,-7101.418880607734,1468184.8344237222,1468184.8344237222,0.0,8.0,70.0,16,False
2024-04-05,USD_CASH,cash,Cash,CASH_RETURN,2480600.008011026,0.0,0.0,2480655.802033562,2480655.802033562,0.0,0.0,0.0,16,False
2024-04-05,EURUSD_OVERLAY,fx_forward,FX,EURUSD_RETURN,0.0,742881.9589035677,55.794022536499504,0.0,0.0,742881.9589035677,0.0,0.0,16,False
2024-04-08,SPY,etf,US Equity,SPY_RETURN,1995589.6639233846,0.0,-16163.671404928347,1979425.9925184562,1979425.9925184562,0.0,0.0,0.0,16,False
2024-04-08,QQQ,etf,US Equity,QQQ_RETURN,970030.653209983,0.0,-14755.63716965379,955275.0160403292,955275.0160403292,0.0,0.0,0.0,16,False
2024-04-08,EFA,etf,International Equity,EFA_RETURN,1008959.2229631842,0.0,-14650.614366674607,994308.6085965097,994308.6085965097,0.0,0.0,0.0,16,False
2024-04-08,GLD,etf,Commodity,GLD_RETURN,506155.16152286174,0.0,4872.834487326841,511027.9960101886,511027.9960101886,0.0,0.0,0.0,16,False
2024-04-08,US5Y,bond,Rates,DGS5_CHANGE,1480342.170134305,0.0,3954.4766696100974,1484296.646803915,1484296.646803915,0.0,4.5,22.0,16,False
2024-04-08,US10Y,bond,Rates,DGS10_CHANGE,1468184.8344237222,0.0,15024.954419058056,1483209.7888427803,1483209.7888427803,0.0,8.0,70.0,16,False
2024-04-08,USD_CASH,cash,Cash,CASH_RETURN,2480655.802033562,0.0,0.0,2474803.814117229,2474803.814117229,0.0,0.0,0.0,16,False
2024-04-08,EURUSD_OVERLAY,fx_forward,FX,EURUSD_RETURN,0.0,742881.9589035677,-5851.987916332926,0.0,0.0,742881.9589035677,0.0,0.0,16,False
2024-04-09,SPY,etf,US Equity,SPY_RETURN,1979425.9925184562,0.0,-8741.469031899573,1970684.5234865567,1970684.5234865567,0.0,0.0,0.0,16,False
2024-04-09,QQQ,etf,US Equity,QQQ_RETURN,955275.0160403292,0.0,1502.6716059194607,956777.6876462487,956777.6876462487,0.0,0.0,0.0,16,False
2024-04-09,EFA,etf,International Equity,EFA_RETURN,994308.6085965097,0.0,1605.7496473412502,995914.3582438509,995914.3582438509,0.0,0.0,0.0,16,False
2024-04-09,GLD,etf,Commodity,GLD_RETURN,511027.9960101886,0.0,2381.492510781743,513409.48852097034,513409.48852097034,0.0,0.0,0.0,16,False
2024-04-09,US5Y,bond,Rates,DGS5_CHANGE,1484296.646803915,0.0,-2078.557126363131,1482218.089677552,1482218.089677552,0.0,4.5,22.0,16,False
2024-04-09,US10Y,bond,Rates,DGS10_CHANGE,1483209.7888427803,0.0,-7979.935860216534,1475229.8529825637,1475229.8529825637,0.0,8.0,70.0,16,False
2024-04-09,USD_CASH,cash,Cash,CASH_RETURN,2474803.814117229,0.0,0.0,2474921.0149974604,2474921.0149974604,0.0,0.0,0.0,16,False
2024-04-09,EURUSD_OVERLAY,fx_forward,FX,EURUSD_RETURN,0.0,742881.9589035677,117.20088023152005,0.0,0.0,742881.9589035677,0.0,0.0,16,False
2024-04-10,SPY,etf,US Equity,SPY_RETURN,1970684.5234865567,0.0,-17993.681355601857,1952690.8421309548,1952690.8421309548,0.0,0.0,0.0,16,False
2024-04-10,QQQ,etf,US Equity,QQQ_RETURN,956777.6876462487,0.0,5376.043604238795,962153.7312504875,962153.7312504875,0.0,0.0,0.0,16,False
2024-04-10,EFA,etf,International Equity,EFA_RETURN,995914.3582438509,0.0,-683.1556881526129,995231.2025556982,995231.2025556982,0.0,0.0,0.0,16,False
2024-04-10,GLD,etf,Commodity,GLD_RETURN,513409.48852097034,0.0,-1922.0119675748651,511487.47655339545,511487.47655339545,0.0,0.0,0.0,16,False
2024-04-10,US5Y,bond,Rates,DGS5_CHANGE,1482218.089677552,0.0,100.30169024075897,1482318.3913677929,1482318.3913677929,0.0,4.5,22.0,16,False
2024-04-10,US10Y,bond,Rates,DGS10_CHANGE,1475229.8529825637,0.0,-5113.448194150518,1470116.404788413,1470116.404788413,0.0,8.0,70.0,16,False
2024-04-10,USD_CASH,cash,Cash,CASH_RETURN,2474921.0149974604,0.0,0.0,2470974.020426113,2470974.020426113,0.0,0.0,0.0,16,False
2024-04-10,EURUSD_OVERLAY,fx_forward,FX,EURUSD_RETURN,0.0,742881.9589035677,-3946.9945713472152,0.0,0.0,742881.9589035677,0.0,0.0,16,False
2024-04-11,SPY,etf,US Equity,SPY_RETURN,1952690.8421309548,0.0,-25236.09802357527,1927454.7441073796,1927454.7441073796,0.0,0.0,0.0,16,False
2024-04-11,QQQ,etf,US Equity,QQQ_RETURN,962153.7312504875,0.0,-10824.595659959163,951329.1355905284,951329.1355905284,0.0,0.0,0.0,16,False
2024-04-11,EFA,etf,International Equity,EFA_RETURN,995231.2025556982,0.0,-7172.360158764159,988058.842396934,988058.842396934,0.0,0.0,0.0,16,False
2024-04-11,GLD,etf,Commodity,GLD_RETURN,511487.47655339545,0.0,2487.9542401833633,513975.4307935788,513975.4307935788,0.0,0.0,0.0,16,False
2024-04-11,US5Y,bond,Rates,DGS5_CHANGE,1482318.3913677929,0.0,4624.719740378983,1486943.1111081718,1486943.1111081718,0.0,4.5,22.0,16,False
2024-04-11,US10Y,bond,Rates,DGS10_CHANGE,1470116.404788413,0.0,7745.030539493472,1477861.4353279066,1477861.4353279066,0.0,8.0,70.0,16,False
2024-04-11,USD_CASH,cash,Cash,CASH_RETURN,2470974.020426113,0.0,0.0,2472226.015965735,2472226.015965735,0.0,0.0,0.0,16,False
2024-04-11,EURUSD_OVERLAY,fx_forward,FX,EURUSD_RETURN,0.0,742881.9589035677,1251.9955396220025,0.0,0.0,742881.9589035677,0.0,0.0,16,False
2024-04-12,SPY,etf,US Equity,SPY_RETURN,1927454.7441073796,0.0,53620.79949009087,1981075.5435974705,1981075.5435974705,0.0,0.0,0.0,16,False
2024-04-12,QQQ,etf,US Equity,QQQ_RETURN,951329.1355905284,0.0,7743.012732683229,959072.1483232116,959072.1483232116,0.0,0.0,0.0,16,False
2024-04-12,EFA,etf,International Equity,EFA_RETURN,988058.842396934,0.0,22006.511709052586,1010065.3541059867,1010065.3541059867,0.0,0.0,0.0,16,False
2024-04-12,GLD,etf,Commodity,GLD_RETURN,513975.4307935788,0.0,2181.5973029563547,516157.0280965351,516157.0280965351,0.0,0.0,0.0,16,False
2024-04-12,US5Y,bond,Rates,DGS5_CHANGE,1486943.1111081718,0.0,-507.4082475352397,1486435.7028606364,1486435.7028606364,0.0,4.5,22.0,16,False
2024-04-12,US10Y,bond,Rates,DGS10_CHANGE,1477861.4353279066,0.0,3863.3767458051057,1481724.8120737118,1481724.8120737118,0.0,8.0,70.0,16,False
2024-04-12,USD_CASH,cash,Cash,CASH_RETURN,2472226.015965735,0.0,0.0,2477152.9464244274,2477152.9464244274,0.0,0.0,0.0,16,False
2024-04-12,EURUSD_OVERLAY,fx_forward,FX,EURUSD_RETURN,0.0,742881.9589035677,4926.9304586921435,0.0,0.0,742881.9589035677,0.0,0.0,16,False
2024-04-15,SPY,etf,US Equity,SPY_RETURN,1981075.5435974705,0.0,-15728.817702858183,1965346.7258946123,1965346.7258946123,0.0,0.0,0.0,16,False
2024-04-15,QQQ,etf,US Equity,QQQ_RETURN,959072.1483232116,0.0,-5050.281026049552,954021.8672971621,954021.8672971621,0.0,0.0,0.0,16,False
2024-04-15,EFA,etf,International Equity,EFA_RETURN,1010065.3541059867,0.0,-5684.1630508485,1004381.1910551381,1004381.1910551381,0.0,0.0,0.0,16,False
2024-04-15,GLD,etf,Commodity,GLD_RETURN,516157.0280965351,0.0,2806.010651911756,518963.0387484469,518963.0387484469,0.0,0.0,0.0,16,False
2024-04-15,US5Y,bond,Rates,DGS5_CHANGE,1486435.7028606364,0.0,-137.43771278642188,1486298.26514785,1486298.26514785,0.0,4.5,22.0,16,False
2024-04-15,US10Y,bond,Rates,DGS10_CHANGE,1481724.8120737118,0.0,2815.7078370272925,1484540.519910739,1484540.519910739,0.0,8.0,70.0,16,False
2024-04-15,USD_CASH,cash,Cash,CASH_RETURN,2477152.9464244274,0.0,0.0,2475568.2364069344,2475568.2364069344,0.0,0.0,0.0,16,False
2024-04-15,EURUSD_OVERLAY,fx_forward,FX,EURUSD_RETURN,0.0,742881.9589035677,-1584.7100174930556,0.0,0.0,742881.9589035677,0.0,0.0,16,False
2024-04-16,SPY,etf,US Equity,SPY_RETURN,1965346.7258946123,0.0,-6699.225648934449,1958647.5002456778,1958647.5002456778,0.0,0.0,0.0,16,False
2024-04-16,QQQ,etf,US Equity,QQQ_RETURN,954021.8672971621,0.0,-4978.506542565642,949043.3607545964,949043.3607545964,0.0,0.0,0.0,16,False
2024-04-16,EFA,etf,International Equity,EFA_RETURN,1004381.1910551381,0.0,-3736.6235177572707,1000644.5675373808,1000644.5675373808,0.0,0.0,0.0,16,False
2024-04-16,GLD,etf,Commodity,GLD_RETURN,518963.0387484469,0.0,-2466.519865524738,516496.5188829222,516496.5188829222,0.0,0.0,0.0,16,False
2024-04-16,US5Y,bond,Rates,DGS5_CHANGE,1486298.26514785,0.0,-293.23992909644505,1486005.0252187534,1486005.0252187534,0.0,4.5,22.0,16,False
2024-04-16,US10Y,bond,Rates,DGS10_CHANGE,1484540.519910739,0.0,-3789.361647017192,1480751.1582637217,1480751.1582637217,0.0,8.0,70.0,16,False
2024-04-16,USD_CASH,cash,Cash,CASH_RETURN,2475568.2364069344,0.0,0.0,2475614.0343956603,2475614.0343956603,0.0,0.0,0.0,16,False
2024-04-16,EURUSD_OVERLAY,fx_forward,FX,EURUSD_RETURN,0.0,742881.9589035677,45.79798872564112,0.0,0.0,742881.9589035677,0.0,0.0,16,False
2024-04-17,SPY,etf,US Equity,SPY_RETURN,1958647.5002456778,0.0,-25762.426447013717,1932885.0737986641,1932885.0737986641,0.0,0.0,0.0,16,False
2024-04-17,QQQ,etf,US Equity,QQQ_RETURN,949043.3607545964,0.0,-12021.189107737146,937022.1716468593,937022.1716468593,0.0,0.0,0.0,16,False
2024-04-17,EFA,etf,International Equity,EFA_RETURN,1000644.5675373808,0.0,-4807.476160575447,995837.0913768054,995837.0913768054,0.0,0.0,0.0,16,False
2024-04-17,GLD,etf,Commodity,GLD_RETURN,516496.5188829222,0.0,-4508.981074205047,511987.5378087171,511987.5378087171,0.0,0.0,0.0,16,False
2024-04-17,US5Y,bond,Rates,DGS5_CHANGE,1486005.0252187534,0.0,-303.98717292695324,1485701.0380458264,1485701.0380458264,0.0,4.5,22.0,16,False
2024-04-17,US10Y,bond,Rates,DGS10_CHANGE,1480751.1582637217,0.0,-3923.7300122475526,1476827.4282514742,1476827.4282514742,0.0,8.0,70.0,16,False
2024-04-17,USD_CASH,cash,Cash,CASH_RETURN,2475614.0343956603,0.0,0.0,2469607.8519101734,2469607.8519101734,0.0,0.0,0.0,16,False
2024-04-17,EURUSD_OVERLAY,fx_forward,FX,EURUSD_RETURN,0.0,742881.9589035677,-6006.182485486962,0.0,0.0,742881.9589035677,0.0,0.0,16,False
2024-04-18,SPY,etf,US Equity,SPY_RETURN,1932885.0737986641,0.0,-17461.875208731555,1915423.1985899326,1915423.1985899326,0.0,0.0,0.0,16,False
2024-04-18,QQQ,etf,US Equity,QQQ_RETURN,937022.1716468593,0.0,-15586.887667393212,921435.2839794661,921435.2839794661,0.0,0.0,0.0,16,False
2024-04-18,EFA,etf,International Equity,EFA_RETURN,995837.0913768054,0.0,-7724.099697855395,988112.99167895,988112.99167895,0.0,0.0,0.0,16,False
2024-04-18,GLD,etf,Commodity,GLD_RETURN,511987.5378087171,0.0,6956.077614066841,518943.61542278394,518943.61542278394,0.0,0.0,0.0,16,False
2024-04-18,US5Y,bond,Rates,DGS5_CHANGE,1485701.0380458264,0.0,1151.8622209566206,1486852.900266783,1486852.900266783,0.0,4.5,22.0,16,False
2024-04-18,US10Y,bond,Rates,DGS10_CHANGE,1476827.4282514742,0.0,4479.045685462187,1481306.4739369364,1481306.4739369364,0.0,8.0,70.0,16,False
2024-04-18,USD_CASH,cash,Cash,CASH_RETURN,2469607.8519101734,0.0,0.0,2466555.8284077756,2466555.8284077756,0.0,0.0,0.0,16,False
2024-04-18,EURUSD_OVERLAY,fx_forward,FX,EURUSD_RETURN,0.0,742881.9589035677,-3052.0235023976734,0.0,0.0,742881.9589035677,0.0,0.0,16,False
2024-04-19,SPY,etf,US Equity,SPY_RETURN,1915423.1985899326,0.0,1262.287418338897,1916685.4860082716,1916685.4860082716,0.0,0.0,0.0,16,False
2024-04-19,QQQ,etf,US Equity,QQQ_RETURN,921435.2839794661,0.0,4257.533735827467,925692.8177152935,925692.8177152935,0.0,0.0,0.0,16,False
2024-04-19,EFA,etf,International Equity,EFA_RETURN,988112.99167895,0.0,10820.571666263422,998933.5633452134,998933.5633452134,0.0,0.0,0.0,16,False
2024-04-19,GLD,etf,Commodity,GLD_RETURN,518943.61542278394,0.0,2669.4300723584834,521613.0454951424,521613.0454951424,0.0,0.0,0.0,16,False
2024-04-19,US5Y,bond,Rates,DGS5_CHANGE,1486852.900266783,0.0,-899.5777934634905,1485953.3224733195,1485953.3224733195,0.0,4.5,22.0,16,False
2024-04-19,US10Y,bond,Rates,DGS10_CHANGE,1481306.4739369364,0.0,-3118.3381037389254,1478188.1358331975,1478188.1358331975,0.0,8.0,70.0,16,False
2024-04-19,USD_CASH,cash,Cash,CASH_RETURN,2466555.8284077756,0.0,0.0,2469561.287455557,2469561.287455557,0.0,0.0,0.0,16,False
2024-04-19,EURUSD_OVERLAY,fx_forward,FX,EURUSD_RETURN,0.0,742881.9589035677,3005.4590477814945,0.0,0.0,742881.9589035677,0.0,0.0,16,False
2024-04-22,SPY,etf,US Equity,SPY_RETURN,1916685.4860082716,0.0,-16106.31561185794,1900579.1703964137,1900579.1703964137,0.0,0.0,0.0,16,False
2024-04-22,QQQ,etf,US Equity,QQQ_RETURN,925692.8177152935,0.0,-10704.86765179948,914987.950063494,914987.950063494,0.0,0.0,0.0,16,False
2024-04-22,EFA,etf,International Equity,EFA_RETURN,998933.5633452134,0.0,-8158.623331939332,990774.9400132741,990774.9400132741,0.0,0.0,0.0,16,False
2024-04-22,GLD,etf,Commodity,GLD_RETURN,521613.0454951424,0.0,-130.66817192126854,521482.3773232211,521482.3773232211,0.0,0.0,0.0,16,False
2024-04-22,US5Y,bond,Rates,DGS5_CHANGE,1485953.3224733195,0.0,4411.361397384667,1490364.6838707041,1490364.6838707041,0.0,4.5,22.0,16,False
2024-04-22,US10Y,bond,Rates,DGS10_CHANGE,1478188.1358331975,0.0,8723.881135517468,1486912.016968715,1486912.016968715,0.0,8.0,70.0,16,False
2024-04-22,USD_CASH,cash,Cash,CASH_RETURN,2469561.287455557,0.0,0.0,2466957.9289305694,2466957.9289305694,0.0,0.0,0.0,16,False
2024-04-22,EURUSD_OVERLAY,fx_forward,FX,EURUSD_RETURN,0.0,742881.9589035677,-2603.3585249872726,0.0,0.0,742881.9589035677,0.0,0.0,16,False
2024-04-23,SPY,etf,US Equity,SPY_RETURN,1900579.1703964137,0.0,10686.060024849983,1911265.2304212637,1911265.2304212637,0.0,0.0,0.0,16,False
2024-04-23,QQQ,etf,US Equity,QQQ_RETURN,914987.950063494,0.0,-4106.462468910095,910881.4875945839,910881.4875945839,0.0,0.0,0.0,16,False
2024-04-23,EFA,etf,International Equity,EFA_RETURN,990774.9400132741,0.0,6200.379367911514,996975.3193811856,996975.3193811856,0.0,0.0,0.0,16,False
2024-04-23,GLD,etf,Commodity,GLD_RETURN,521482.3773232211,0.0,-8866.208816017583,512616.1685072035,512616.1685072035,0.0,0.0,0.0,16,False
2024-04-23,US5Y,bond,Rates,DGS5_CHANGE,1490364.6838707041,0.0,-5500.291312746008,1484864.3925579581,1484864.3925579581,0.0,4.5,22.0,16,False
2024-04-23,US10Y,bond,Rates,DGS10_CHANGE,1486912.016968715,0.0,-14956.214524541376,1471955.8024441737,1471955.8024441737,0.0,8.0,70.0,16,False
2024-04-23,USD_CASH,cash,Cash,CASH_RETURN,2466957.9289305694,0.0,0.0,2469263.271558235,2469263.271558235,0.0,0.0,0.0,16,False
2024-04-23,EURUSD_OVERLAY,fx_forward,FX,EURUSD_RETURN,0.0,742881.9589035677,2305.3426276654322,0.0,0.0,742881.9589035677,0.0,0.0,16,False
2024-04-24,SPY,etf,US Equity,SPY_RETURN,1911265.2304212637,0.0,-13735.576302859476,1897529.6541184043,1897529.6541184043,0.0,0.0,0.0,16,False
2024-04-24,QQQ,etf,US Equity,QQQ_RETURN,910881.4875945839,0.0,-4170.92307996428,906710.5645146196,906710.5645146196,0.0,0.0,0.0,16,False
2024-04-24,EFA,etf,International Equity,EFA_RETURN,996975.3193811856,0.0,-10103.58025501281,986871.7391261727,986871.7391261727,0.0,0.0,0.0,16,False
2024-04-24,GLD,etf,Commodity,GLD_RETURN,512616.1685072035,0.0,-10404.277240482596,502211.89126672095,502211.89126672095,0.0,0.0,0.0,16,False
2024-04-24,US5Y,bond,Rates,DGS5_CHANGE,1484864.3925579581,0.0,311.72299449956927,1485176.1155524577,1485176.1155524577,0.0,4.5,22.0,16,False
2024-04-24,US10Y,bond,Rates,DGS10_CHANGE,1471955.8024441737,0.0,-631.1924676237928,1471324.6099765499,1471324.6099765499,0.0,8.0,70.0,16,False
2024-04-24,USD_CASH,cash,Cash,CASH_RETURN,2469263.271558235,0.0,0.0,2465006.4128799485,2465006.4128799485,0.0,0.0,0.0,16,False
2024-04-24,EURUSD_OVERLAY,fx_forward,FX,EURUSD_RETURN,0.0,742881.9589035677,-4256.858678286293,0.0,0.0,742881.9589035677,0.0,0.0,16,False
2024-04-25,SPY,etf,US Equity,SPY_RETURN,1897529.6541184043,0.0,27679.076598087322,1925208.7307164916,1925208.7307164916,0.0,0.0,0.0,16,False
2024-04-25,QQQ,etf,US Equity,QQQ_RETURN,906710.5645146196,0.0,10745.468548911813,917456.0330635315,917456.0330635315,0.0,0.0,0.0,16,False
2024-04-25,EFA,etf,International Equity,EFA_RETURN,986871.7391261727,0.0,16313.155905654601,1003184.8950318274,1003184.8950318274,0.0,0.0,0.0,16,False
2024-04-25,GLD,etf,Commodity,GLD_RETURN,502211.89126672095,0.0,3482.212974129257,505694.1042408502,505694.1042408502,0.0,0.0,0.0,16,False
2024-04-25,US5Y,bond,Rates,DGS5_CHANGE,1485176.1155524577,0.0,496.52421843408507,1485672.6397708918,1485672.6397708918,0.0,4.5,22.0,16,False
2024-04-25,US10Y,bond,Rates,DGS10_CHANGE,1471324.6099765499,0.0,-1776.1291886191457,1469548.4807879308,1469548.4807879308,0.0,8.0,70.0,16,False
2024-04-25,USD_CASH,cash,Cash,CASH_RETURN,2465006.4128799485,0.0,0.0,2467345.0290138815,2467345.0290138815,0.0,0.0,0.0,16,False
2024-04-25,EURUSD_OVERLAY,fx_forward,FX,EURUSD_RETURN,0.0,742881.9589035677,2338.6161339329815,0.0,0.0,742881.9589035677,0.0,0.0,16,False
2024-04-26,SPY,etf,US Equity,SPY_RETURN,1925208.7307164916,0.0,-22367.54975737094,1902841.1809591206,1902841.1809591206,0.0,0.0,0.0,16,False
2024-04-26,QQQ,etf,US Equity,QQQ_RETURN,917456.0330635315,0.0,-19595.086099003656,897860.9469645278,897860.9469645278,0.0,0.0,0.0,16,False
2024-04-26,EFA,etf,International Equity,EFA_RETURN,1003184.8950318274,0.0,-16160.543387234446,987024.3516445929,987024.3516445929,0.0,0.0,0.0,16,False
2024-04-26,GLD,etf,Commodity,GLD_RETURN,505694.1042408502,0.0,-2835.361167630941,502858.74307321926,502858.74307321926,0.0,0.0,0.0,16,False
2024-04-26,US5Y,bond,Rates,DGS5_CHANGE,1485672.6397708918,0.0,-722.7218708488887,1484949.9179000428,1484949.9179000428,0.0,4.5,22.0,16,False
2024-04-26,US10Y,bond,Rates,DGS10_CHANGE,1469548.4807879308,0.0,-3607.737197699058,1465940.7435902318,1465940.7435902318,0.0,8.0,70.0,16,False
2024-04-26,USD_CASH,cash,Cash,CASH_RETURN,2467345.0290138815,0.0,0.0,2462522.3699648976,2462522.3699648976,0.0,0.0,0.0,16,False
2024-04-26,EURUSD_OVERLAY,fx_forward,FX,EURUSD_RETURN,0.0,742881.9589035677,-4822.6590489837645,0.0,0.0,742881.9589035677,0.0,0.0,16,False
2024-04-29,SPY,etf,US Equity,SPY_RETURN,1902841.1809591206,0.0,-3224.799383398403,1899616.3815757222,1899616.3815757222,0.0,0.0,0.0,16,False
2024-04-29,QQQ,etf,US Equity,QQQ_RETURN,897860.9469645278,0.0,-6882.399880670123,890978.5470838577,890978.5470838577,0.0,0.0,0.0,16,False
2024-04-29,EFA,etf,International Equity,EFA_RETURN,987024.3516445929,0.0,-1935.981458031165,985088.3701865617,985088.3701865617,0.0,0.0,0.0,16,False
2024-04-29,GLD,etf,Commodity,GLD_RETURN,502858.74307321926,0.0,3663.378166602269,506522.12123982154,506522.12123982154,0.0,0.0,0.0,16,False
2024-04-29,US5Y,bond,Rates,DGS5_CHANGE,1484949.9179000428,0.0,777.5117838647494,1485727.4296839077,1485727.4296839077,0.0,4.5,22.0,16,False
2024-04-29,US10Y,bond,Rates,DGS10_CHANGE,1465940.7435902318,0.0,2635.7752759859823,1468576.5188662177,1468576.5188662177,0.0,8.0,70.0,16,False
2024-04-29,USD_CASH,cash,Cash,CASH_RETURN,2462522.3699648976,0.0,0.0,2455575.4718484976,2455575.4718484976,0.0,0.0,0.0,16,False
2024-04-29,EURUSD_OVERLAY,fx_forward,FX,EURUSD_RETURN,0.0,742881.9589035677,-6946.898116399834,0.0,0.0,742881.9589035677,0.0,0.0,16,False
2024-04-30,SPY,etf,US Equity,SPY_RETURN,1899616.3815757222,0.0,8595.092524637495,1908211.4741003597,1908211.4741003597,0.0,0.0,0.0,16,False
2024-04-30,QQQ,etf,US Equity,QQQ_RETURN,890978.5470838577,0.0,-470.5069408969698,890508.0401429607,890508.0401429607,0.0,0.0,0.0,16,False
2024-04-30,EFA,etf,International Equity,EFA_RETURN,985088.3701865617,0.0,9584.738182909115,994673.1083694708,994673.1083694708,0.0,0.0,0.0,16,False
2024-04-30,GLD,etf,Commodity,GLD_RETURN,506522.12123982154,0.0,6426.969347925948,512949.0905877475,512949.0905877475,0.0,0.0,0.0,16,False
2024-04-30,US5Y,bond,Rates,DGS5_CHANGE,1485727.4296839077,0.0,45.246750157521426,1485772.6764340652,1485772.6764340652,0.0,4.5,22.0,16,False
2024-04-30,US10Y,bond,Rates,DGS10_CHANGE,1468576.5188662177,0.0,1855.3045579960863,1470431.8234242138,1470431.8234242138,0.0,8.0,70.0,16,False
2024-04-30,USD_CASH,cash,Cash,CASH_RETURN,2455575.4718484976,0.0,0.0,2458905.8121361034,2458905.8121361034,0.0,0.0,0.0,16,False
2024-04-30,EURUSD_OVERLAY,fx_forward,FX,EURUSD_RETURN,0.0,742881.9589035677,3330.340287605987,0.0,0.0,742881.9589035677,0.0,0.0,16,False
2024-05-01,SPY,etf,US Equity,SPY_RETURN,1908211.4741003597,0.0,4372.15482233038,1912583.6289226902,1946715.4692443714,0.0,0.0,0.0,17,True
2024-05-01,QQQ,etf,US Equity,QQQ_RETURN,890508.0401429607,0.0,-1488.6407256054936,889019.3994173552,973357.7346221857,0.0,0.0,0.0,17,True
2024-05-01,EFA,etf,International Equity,EFA_RETURN,994673.1083694708,0.0,-2243.3722156884014,992429.7361537825,973357.7346221857,0.0,0.0,0.0,17,True
2024-05-01,GLD,etf,Commodity,GLD_RETURN,512949.0905877475,0.0,2570.5837478246767,515519.67433557217,486678.86731109285,0.0,0.0,0.0,17,True
2024-05-01,US5Y,bond,Rates,DGS5_CHANGE,1485772.6764340652,0.0,1451.9025166025729,1487224.5789506678,1460036.6019332784,0.0,4.5,22.0,17,True
2024-05-01,US10Y,bond,Rates,DGS10_CHANGE,1470431.8234242138,0.0,5991.352077287602,1476423.1755015014,1460036.6019332784,0.0,8.0,70.0,17,True
2024-05-01,USD_CASH,cash,Cash,CASH_RETURN,2458905.8121361034,0.0,0.0,2460377.1529402873,2433394.336555464,0.0,0.0,0.0,17,True
2024-05-01,EURUSD_OVERLAY,fx_forward,FX,EURUSD_RETURN,0.0,742881.9589035677,1471.3408041839195,0.0,0.0,730018.3009666392,0.0,0.0,17,True
2024-05-02,SPY,etf,US Equity,SPY_RETURN,1946715.4692443714,0.0,220.96808009985435,1946936.4373244713,1946936.4373244713,0.0,0.0,0.0,17,False
2024-05-02,QQQ,etf,US Equity,QQQ_RETURN,973357.7346221857,0.0,-1889.9032439050557,971467.8313782807,971467.8313782807,0.0,0.0,0.0,17,False
2024-05-02,EFA,etf,International Equity,EFA_RETURN,973357.7346221857,0.0,-2234.7089906527517,971123.025631533,971123.025631533,0.0,0.0,0.0,17,False
2024-05-02,GLD,etf,Commodity,GLD_RETURN,486678.86731109285,0.0,-6419.337898586205,480259.5294125067,480259.5294125067,0.0,0.0,0.0,17,False
2024-05-02,US5Y,bond,Rates,DGS5_CHANGE,1460036.6019332784,0.0,-246.47900182237683,1459790.122931456,1459790.122931456,0.0,4.5,22.0,17,False
2024-05-02,US10Y,bond,Rates,DGS10_CHANGE,1460036.6019332784,0.0,1111.1742575814174,1461147.7761908597,1461147.7761908597,0.0,8.0,70.0,17,False
2024-05-02,USD_CASH,cash,Cash,CASH_RETURN,2433394.336555464,0.0,0.0,2431977.5492449934,2431977.5492449934,0.0,0.0,0.0,17,False
2024-05-02,EURUSD_OVERLAY,fx_forward,FX,EURUSD_RETURN,0.0,730018.3009666392,-1416.787310470704,0.0,0.0,730018.3009666392,0.0,0.0,17,False
2024-05-03,SPY,etf,US Equity,SPY_RETURN,1946936.4373244713,0.0,14032.033035909239,1960968.4703603806,1960968.4703603806,0.0,0.0,0.0,17,False
2024-05-03,QQQ,etf,US Equity,QQQ_RETURN,971467.8313782807,0.0,-4952.739590332399,966515.0917879483,966515.0917879483,0.0,0.0,0.0,17,False
2024-05-03,EFA,etf,International Equity,EFA_RETURN,971123.025631533,0.0,3335.0543110892604,974458.0799426222,974458.0799426222,0.0,0.0,0.0,17,False
2024-05-03,GLD,etf,Commodity,GLD_RETURN,480259.5294125067,0.0,-8464.86726510384,471794.6621474028,471794.6621474028,0.0,0.0,0.0,17,False
2024-05-03,US5Y,bond,Rates,DGS5_CHANGE,1459790.122931456,0.0,-51.700467159602496,1459738.4224642965,1459738.4224642965,0.0,4.5,22.0,17,False
2024-05-03,US10Y,bond,Rates,DGS10_CHANGE,1461147.7761908597,0.0,4198.78939589414,1465346.565586754,1465346.565586754,0.0,8.0,70.0,17,False
2024-05-03,USD_CASH,cash,Cash,CASH_RETURN,2431977.5492449934,0.0,0.0,2433780.112997638,2433780.112997638,0.0,0.0,0.0,17,False
2024-05-03,EURUSD_OVERLAY,fx_forward,FX,EURUSD_RETURN,0.0,730018.3009666392,1802.5637526446842,0.0,0.0,730018.3009666392,0.0,0.0,17,False
2024-05-06,SPY,etf,US Equity,SPY_RETURN,1960968.4703603806,0.0,479.82233885190425,1961448.2926992325,1961448.2926992325,0.0,0.0,0.0,17,False
2024-05-06,QQQ,etf,US Equity,QQQ_RETURN,966515.0917879483,0.0,7610.9370168847645,974126.0288048331,974126.0288048331,0.0,0.0,0.0,17,False
2024-05-06,EFA,etf,International Equity,EFA_RETURN,974458.0799426222,0.0,-6786.94247770419,967671.1374649181,967671.1374649181,0.0,0.0,0.0,17,False
2024-05-06,GLD,etf,Commodity,GLD_RETURN,471794.6621474028,0.0,-4628.314733667995,467166.3474137348,467166.3474137348,0.0,0.0,0.0,17,False
2024-05-06,US5Y,bond,Rates,DGS5_CHANGE,1459738.4224642965,0.0,-3212.3356282944783,1456526.086836002,1456526.086836002,0.0,4.5,22.0,17,False
2024-05-06,US10Y,bond,Rates,DGS10_CHANGE,1465346.565586754,0.0,-6679.001502893097,1458667.5640838607,1458667.5640838607,0.0,8.0,70.0,17,False
2024-05-06,USD_CASH,cash,Cash,CASH_RETURN,2433780.112997638,0.0,0.0,2436890.1275775246,2436890.1275775246,0.0,0.0,0.0,17,False
2024-05-06,EURUSD_OVERLAY,fx_forward,FX,EURUSD_RETURN,0.0,730018.3009666392,3110.0145798866433,0.0,0.0,730018.3009666392,0.0,0.0,17,False
2024-05-07,SPY,etf,US Equity,SPY_RETURN,1961448.2926992325,0.0,-12149.619659587046,1949298.6730396454,1949298.6730396454,0.0,0.0,0.0,17,False
2024-05-07,QQQ,etf,US Equity,QQQ_RETURN,974126.0288048331,0.0,-14692.110969574022,959433.917835259,959433.917835259,0.0,0.0,0.0,17,False
2024-05-07,EFA,etf,International Equity,EFA_RETURN,967671.1374649181,0.0,692.4036811949512,968363.5411461131,968363.5411461131,0.0,0.0,0.0,17,False
2024-05-07,GLD,etf,Commodity,GLD_RETURN,467166.3474137348,0.0,-1926.4947195084433,465239.85269422637,465239.85269422637,0.0,0.0,0.0,17,False
2024-05-07,US5Y,bond,Rates,DGS5_CHANGE,1456526.086836002,0.0,-1532.6568002029148,1454993.430035799,1454993.430035799,0.0,4.5,22.0,17,False
2024-05-07,US10Y,bond,Rates,DGS10_CHANGE,1458667.5640838607,0.0,-422.6125391054997,1458244.9515447551,1458244.9515447551,0.0,8.0,70.0,17,False
2024-05-07,USD_CASH,cash,Cash,CASH_RETURN,2436890.1275775246,0.0,0.0,2439106.9018194904,2439106.9018194904,0.0,0.0,0.0,17,False
2024-05-07,EURUSD_OVERLAY,fx_forward,FX,EURUSD_RETURN,0.0,730018.3009666392,2216.7742419659253,0.0,0.0,730018.3009666392,0.0,0.0,17,False
2024-05-08,SPY,etf,US Equity,SPY_RETURN,1949298.6730396454,0.0,-12978.926941102056,1936319.7460985433,1936319.7460985433,0.0,0.0,0.0,17,False
2024-05-08,QQQ,etf,US Equity,QQQ_RETURN,959433.917835259,0.0,-8935.659106710542,950498.2587285484,950498.2587285484,0.0,0.0,0.0,17,False
2024-05-08,EFA,etf,International Equity,EFA_RETURN,968363.5411461131,0.0,521.4675494571875,968885.0086955703,968885.0086955703,0.0,0.0,0.0,17,False
2024-05-08,GLD,etf,Commodity,GLD_RETURN,465239.85269422637,0.0,-2871.0287454331497,462368.82394879323,462368.82394879323,0.0,0.0,0.0,17,False
2024-05-08,US5Y,bond,Rates,DGS5_CHANGE,1454993.430035799,0.0,2938.353799187942,1457931.783834987,1457931.783834987,0.0,4.5,22.0,17,False
2024-05-08,US10Y,bond,Rates,DGS10_CHANGE,1458244.9515447551,0.0,-936.0002071646335,1457308.9513375906,1457308.9513375906,0.0,8.0,70.0,17,False
2024-05-08,USD_CASH,cash,Cash,CASH_RETURN,2439106.9018194904,0.0,0.0,2447017.186539603,2447017.186539603,0.0,0.0,0.0,17,False
2024-05-08,EURUSD_OVERLAY,fx_forward,FX,EURUSD_RETURN,0.0,730018.3009666392,7910.2847201126215,0.0,0.0,730018.3009666392,0.0,0.0,17,False
2024-05-09,SPY,etf,US Equity,SPY_RETURN,1936319.7460985433,0.0,17463.811097755977,1953783.5571962993,1953783.5571962993,0.0,0.0,0.0,17,False
2024-05-09,QQQ,etf,US Equity,QQQ_RETURN,950498.2587285484,0.0,8605.628984775416,959103.8877133238,959103.8877133238,0.0,0.0,0.0,17,False
2024-05-09,EFA,etf,International Equity,EFA_RETURN,968885.0086955703,0.0,-169.60080779914088,968715.4078877711,968715.4078877711,0.0,0.0,0.0,17,False
2024-05-09,GLD,etf,Commodity,GLD_RETURN,462368.82394879323,0.0,-3199.9566907876765,459168.86725800554,459168.86725800554,0.0,0.0,0.0,17,False
2024-05-09,US5Y,bond,Rates,DGS5_CHANGE,1457931.783834987,0.0,-6650.496089474663,1451281.2877455123,1451281.2877455123,0.0,4.5,22.0,17,False
2024-05-09,US10Y,bond,Rates,DGS10_CHANGE,1457308.9513375906,0.0,-7958.418297744555,1449350.533039846,1449350.533039846,0.0,8.0,70.0,17,False
2024-05-09,USD_CASH,cash,Cash,CASH_RETURN,2447017.186539603,0.0,0.0,2446525.4093437204,2446525.4093437204,0.0,0.0,0.0,17,False
2024-05-09,EURUSD_OVERLAY,fx_forward,FX,EURUSD_RETURN,0.0,730018.3009666392,-491.7771958826378,0.0,0.0,730018.3009666392,0.0,0.0,17,False
2024-05-10,SPY,etf,US Equity,SPY_RETURN,1953783.5571962993,0.0,-19911.708803932113,1933871.8483923671,1933871.8483923671,0.0,0.0,0.0,17,False
2024-05-10,QQQ,etf,US Equity,QQQ_RETURN,959103.8877133238,0.0,-10654.49555183181,948449.392161492,948449.392161492,0.0,0.0,0.0,17,False
2024-05-10,EFA,etf,International Equity,EFA_RETURN,968715.4078877711,0.0,-12031.880797803004,956683.5270899681,956683.5270899681,0.0,0.0,0.0,17,False
2024-05-10,GLD,etf,Commodity,GLD_RETURN,459168.86725800554,0.0,-6004.071842988184,453164.79541501735,453164.79541501735,0.0,0.0,0.0,17,False
2024-05-10,US5Y,bond,Rates,DGS5_CHANGE,1451281.2877455123,0.0,479.6226255579758,1451760.9103710703,1451760.9103710703,0.0,4.5,22.0,17,False
2024-05-10,US10Y,bond,Rates,DGS10_CHANGE,1449350.533039846,0.0,-85.48053306983545,1449265.052506776,1449265.052506776,0.0,8.0,70.0,17,False
2024-05-10,USD_CASH,cash,Cash,CASH_RETURN,2446525.4093437204,0.0,0.0,2442436.3197033796,2442436.3197033796,0.0,0.0,0.0,17,False
2024-05-10,EURUSD_OVERLAY,fx_forward,FX,EURUSD_RETURN,0.0,730018.3009666392,-4089.0896403407996,0.0,0.0,730018.3009666392,0.0,0.0,17,False
2024-05-13,SPY,etf,US Equity,SPY_RETURN,1933871.8483923671,0.0,-3255.0400443080075,1930616.8083480592,1930616.8083480592,0.0,0.0,0.0,17,False
2024-05-13,QQQ,etf,US Equity,QQQ_RETURN,948449.392161492,0.0,-10500.217998674127,937949.1741628179,937949.1741628179,0.0,0.0,0.0,17,False
2024-05-13,EFA,etf,International Equity,EFA_RETURN,956683.5270899681,0.0,3877.1250231113663,960560.6521130794,960560.6521130794,0.0,0.0,0.0,17,False
2024-05-13,GLD,etf,Commodity,GLD_RETURN,453164.79541501735,0.0,-1423.905117208067,451740.89029780927,451740.89029780927,0.0,0.0,0.0,17,False
2024-05-13,US5Y,bond,Rates,DGS5_CHANGE,1451760.9103710703,0.0,-2407.3152555223483,1449353.595115548,1449353.595115548,0.0,4.5,22.0,17,False
2024-05-13,US10Y,bond,Rates,DGS10_CHANGE,1449265.052506776,0.0,-5294.136822136363,1443970.9156846397,1443970.9156846397,0.0,8.0,70.0,17,False
2024-05-13,USD_CASH,cash,Cash,CASH_RETURN,2442436.3197033796,0.0,0.0,2454623.2435218883,2454623.2435218883,0.0,0.0,0.0,17,False
2024-05-13,EURUSD_OVERLAY,fx_forward,FX,EURUSD_RETURN,0.0,730018.3009666392,12186.923818508472,0.0,0.0,730018.3009666392,0.0,0.0,17,False
2024-05-14,SPY,etf,US Equity,SPY_RETURN,1930616.8083480592,0.0,-14594.513887713361,1916022.2944603458,1916022.2944603458,0.0,0.0,0.0,17,False
2024-05-14,QQQ,etf,US Equity,QQQ_RETURN,937949.1741628179,0.0,-5249.078673362183,932700.0954894557,932700.0954894557,0.0,0.0,0.0,17,False
2024-05-14,EFA,etf,International Equity,EFA_RETURN,960560.6521130794,0.0,1087.9025344666597,961648.5546475461,961648.5546475461,0.0,0.0,0.0,17,False
2024-05-14,GLD,etf,Commodity,GLD_RETURN,451740.89029780927,0.0,4481.020748623676,456221.9110464329,456221.9110464329,0.0,0.0,0.0,17,False
2024-05-14,US5Y,bond,Rates,DGS5_CHANGE,1449353.595115548,0.0,1950.637730254465,1451304.2328458026,1451304.2328458026,0.0,4.5,22.0,17,False
2024-05-14,US10Y,bond,Rates,DGS10_CHANGE,1443970.9156846397,0.0,6525.094421354591,1450496.0101059943,1450496.0101059943,0.0,8.0,70.0,17,False
2024-05-14,USD_CASH,cash,Cash,CASH_RETURN,2454623.2435218883,0.0,0.0,2456322.7962154793,2456322.7962154793,0.0,0.0,0.0,17,False
2024-05-14,EURUSD_OVERLAY,fx_forward,FX,EURUSD_RETURN,0.0,730018.3009666392,1699.552693590901,0.0,0.0,730018.3009666392,0.0,0.0,17,False
2024-05-15,SPY,etf,US Equity,SPY_RETURN,1916022.2944603458,0.0,1347.859826370941,1917370.1542867166,1917370.1542867166,0.0,0.0,0.0,17,False
2024-05-15,QQQ,etf,US Equity,QQQ_RETURN,932700.0954894557,0.0,-4408.234207922991,928291.8612815328,928291.8612815328,0.0,0.0,0.0,17,False
2024-05-15,EFA,etf,International Equity,EFA_RETURN,961648.5546475461,0.0,10869.3348114144,972517.8894589605,972517.8894589605,0.0,0.0,0.0,17,False
2024-05-15,GLD,etf,Commodity,GLD_RETURN,456221.9110464329,0.0,-3220.8688080406687,453001.0422383922,453001.0422383922,0.0,0.0,0.0,17,False
2024-05-15,US5Y,bond,Rates,DGS5_CHANGE,1451304.2328458026,0.0,-965.1243807352125,1450339.1084650673,1450339.1084650673,0.0,4.5,22.0,17,False
2024-05-15,US10Y,bond,Rates,DGS10_CHANGE,1450496.0101059943,0.0,-1631.2304587475564,1448864.7796472467,1448864.7796472467,0.0,8.0,70.0,17,False
2024-05-15,USD_CASH,cash,Cash,CASH_RETURN,2456322.7962154793,0.0,0.0,2461460.8301127674,2461460.8301127674,0.0,0.0,0.0,17,False
2024-05-15,EURUSD_OVERLAY,fx_forward,FX,EURUSD_RETURN,0.0,730018.3009666392,5138.033897288283,0.0,0.0,730018.3009666392,0.0,0.0,17,False
2024-05-16,SPY,etf,US Equity,SPY_RETURN,1917370.1542867166,0.0,9370.859056172827,1926741.0133428895,1926741.0133428895,0.0,0.0,0.0,17,False
2024-05-16,QQQ,etf,US Equity,QQQ_RETURN,928291.8612815328,0.0,9403.327039508778,937695.1883210415,937695.1883210415,0.0,0.0,0.0,17,False
2024-05-16,EFA,etf,International Equity,EFA_RETURN,972517.8894589605,0.0,6484.886105300845,979002.7755642614,979002.7755642614,0.0,0.0,0.0,17,False
2024-05-16,GLD,etf,Commodity,GLD_RETURN,453001.0422383922,0.0,959.2699869824149,453960.3122253746,453960.3122253746,0.0,0.0,0.0,17,False
2024-05-16,US5Y,bond,Rates,DGS5_CHANGE,1450339.1084650673,0.0,4153.490663572202,1454492.5991286396,1454492.5991286396,0.0,4.5,22.0,17,False
2024-05-16,US10Y,bond,Rates,DGS10_CHANGE,1448864.7796472467,0.0,10812.636501037032,1459677.4161482838,1459677.4161482838,0.0,8.0,70.0,17,False
2024-05-16,USD_CASH,cash,Cash,CASH_RETURN,2461460.8301127674,0.0,0.0,2465322.512155558,2465322.512155558,0.0,0.0,0.0,17,False
2024-05-16,EURUSD_OVERLAY,fx_forward,FX,EURUSD_RETURN,0.0,730018.3009666392,3861.6820427904854,0.0,0.0,730018.3009666392,0.0,0.0,17,False
2024-05-17,SPY,etf,US Equity,SPY_RETURN,1926741.0133428895,0.0,23311.704632013734,1950052.7179749033,1950052.7179749033,0.0,0.0,0.0,17,False
2024-05-17,QQQ,etf,US Equity,QQQ_RETURN,937695.1883210415,0.0,11751.871713450442,949447.0600344919,949447.0600344919,0.0,0.0,0.0,17,False
2024-05-17,EFA,etf,International Equity,EFA_RETURN,979002.7755642614,0.0,10110.91958885857,989113.69515312,989113.69515312,0.0,0.0,0.0,17,False
2024-05-17,GLD,etf,Commodity,GLD_RETURN,453960.3122253746,0.0,913.2020515282968,454873.51427690295,454873.51427690295,0.0,0.0,0.0,17,False
2024-05-17,US5Y,bond,Rates,DGS5_CHANGE,1454492.5991286396,0.0,3619.730695102388,1458112.329823742,1458112.329823742,0.0,4.5,22.0,17,False
2024-05-17,US10Y,bond,Rates,DGS10_CHANGE,1459677.4161482838,0.0,7297.838031221935,1466975.2541795056,1466975.2541795056,0.0,8.0,70.0,17,False
2024-05-17,USD_CASH,cash,Cash,CASH_RETURN,2465322.512155558,0.0,0.0,2471053.04292468,2471053.04292468,0.0,0.0,0.0,17,False
2024-05-17,EURUSD_OVERLAY,fx_forward,FX,EURUSD_RETURN,0.0,730018.3009666392,5730.53076912164,0.0,0.0,730018.3009666392,0.0,0.0,17,False
2024-05-20,SPY,etf,US Equity,SPY_RETURN,1950052.7179749033,0.0,-33069.92628582933,1916982.791689074,1916982.791689074,0.0,0.0,0.0,17,False
2024-05-20,QQQ,etf,US Equity,QQQ_RETURN,949447.0600344919,0.0,-17237.994074628063,932209.0659598638,932209.0659598638,0.0,0.0,0.0,17,False
2024-05-20,EFA,etf,International Equity,EFA_RETURN,989113.69515312,0.0,-10570.455972709746,978543.2391804103,978543.2391804103,0.0,0.0,0.0,17,False
2024-05-20,GLD,etf,Commodity,GLD_RETURN,454873.51427690295,0.0,1884.214673641657,456757.7289505446,456757.7289505446,0.0,0.0,0.0,17,False
2024-05-20,US5Y,bond,Rates,DGS5_CHANGE,1458112.329823742,0.0,-493.7027162887515,1457618.627107453,1457618.627107453,0.0,4.5,22.0,17,False
2024-05-20,US10Y,bond,Rates,DGS10_CHANGE,1466975.2541795056,0.0,-1875.3005292828893,1465099.9536502226,1465099.9536502226,0.0,8.0,70.0,17,False
2024-05-20,USD_CASH,cash,Cash,CASH_RETURN,2471053.04292468,0.0,0.0,2463533.368959962,2463533.368959962,0.0,0.0,0.0,17,False
2024-05-20,EURUSD_OVERLAY,fx_forward,FX,EURUSD_RETURN,0.0,730018.3009666392,-7519.673964718018,0.0,0.0,730018.3009666392,0.0,0.0,17,False
2024-05-21,SPY,etf,US Equity,SPY_RETURN,1916982.791689074,0.0,-5920.9346589251845,1911061.8570301486,1911061.8570301486,0.0,0.0,0.0,17,False
2024-05-21,QQQ,etf,US Equity,QQQ_RETURN,932209.0659598638,0.0,-2525.17975254658,929683.8862073172,929683.8862073172,0.0,0.0,0.0,17,False
2024-05-21,EFA,etf,International Equity,EFA_RETURN,978543.2391804103,0.0,7820.332939167626,986363.5721195779,986363.5721195779,0.0,0.0,0.0,17,False
2024-05-21,GLD,etf,Commodity,GLD_RETURN,456757.7289505446,0.0,-1070.9426283473322,455686.7863221973,455686.7863221973,0.0,0.0,0.0,17,False
2024-05-21,US5Y,bond,Rates,DGS5_CHANGE,1457618.627107453,0.0,-506.3681530342429,1457112.2589544188,1457112.2589544188,0.0,4.5,22.0,17,False
2024-05-21,US10Y,bond,Rates,DGS10_CHANGE,1465099.9536502226,0.0,4537.253178296333,1469637.206828519,1469637.206828519,0.0,8.0,70.0,17,False
2024-05-21,USD_CASH,cash,Cash,CASH_RETURN,2463533.368959962,0.0,0.0,2461096.3958895574,2461096.3958895574,0.0,0.0,0.0,17,False
2024-05-21,EURUSD_OVERLAY,fx_forward,FX,EURUSD_RETURN,0.0,730018.3009666392,-2436.973070404404,0.0,0.0,730018.3009666392,0.0,0.0,17,False
2024-05-22,SPY,etf,US Equity,SPY_RETURN,1911061.8570301486,0.0,10191.246740854942,1921253.1037710037,1921253.1037710037,0.0,0.0,0.0,17,False
2024-05-22,QQQ,etf,US Equity,QQQ_RETURN,929683.8862073172,0.0,3932.1547585104354,933616.0409658276,933616.0409658276,0.0,0.0,0.0,17,False
2024-05-22,EFA,etf,International Equity,EFA_RETURN,986363.5721195779,0.0,-19640.707626362117,966722.8644932158,966722.8644932158,0.0,0.0,0.0,17,False
2024-05-22,GLD,etf,Commodity,GLD_RETURN,455686.7863221973,0.0,323.1737570489602,456009.96007924626,456009.96007924626,0.0,0.0,0.0,17,False
2024-05-22,US5Y,bond,Rates,DGS5_CHANGE,1457112.2589544188,0.0,-1572.1778260994674,1455540.0811283193,1455540.0811283193,0.0,4.5,22.0,17,False
2024-05-22,US10Y,bond,Rates,DGS10_CHANGE,1469637.206828519,0.0,6191.998286240697,1475829.2051147597,1475829.2051147597,0.0,8.0,70.0,17,False
2024-05-22,USD_CASH,cash,Cash,CASH_RETURN,2461096.3958895574,0.0,0.0,2464026.6996640647,2464026.6996640647,0.0,0.0,0.0,17,False
2024-05-22,EURUSD_OVERLAY,fx_forward,FX,EURUSD_RETURN,0.0,730018.3009666392,2930.303774507423,0.0,0.0,730018.3009666392,0.0,0.0,17,False
2024-05-23,SPY,etf,US Equity,SPY_RETURN,1921253.1037710037,0.0,-51297.239371634925,1869955.8643993686,1869955.8643993686,0.0,0.0,0.0,17,False
2024-05-23,QQQ,etf,US Equity,QQQ_RETURN,933616.0409658276,0.0,-9527.37625116373,924088.6647146639,924088.6647146639,0.0,0.0,0.0,17,False
2024-05-23,EFA,etf,International Equity,EFA_RETURN,966722.8644932158,0.0,-10480.75717962178,956242.1073135941,956242.1073135941,0.0,0.0,0.0,17,False
2024-05-23,GLD,etf,Commodity,GLD_RETURN,456009.96007924626,0.0,-4574.262563317067,451435.6975159292,451435.6975159292,0.0,0.0,0.0,17,False
2024-05-23,US5Y,bond,Rates,DGS5_CHANGE,1455540.0811283193,0.0,-901.852243082557,1454638.2288852367,1454638.2288852367,0.0,4.5,22.0,17,False
2024-05-23,US10Y,bond,Rates,DGS10_CHANGE,1475829.2051147597,0.0,-3617.0374175749807,1472212.1676971847,1472212.1676971847,0.0,8.0,70.0,17,False
2024-05-23,USD_CASH,cash,Cash,CASH_RETURN,2464026.6996640647,0.0,0.0,2466270.557663026,2466270.557663026,0.0,0.0,0.0,17,False
2024-05-23,EURUSD_OVERLAY,fx_forward,FX,EURUSD_RETURN,0.0,730018.3009666392,2243.8579989608884,0.0,0.0,730018.3009666392,0.0,0.0,17,False
2024-05-24,SPY,etf,US Equity,SPY_RETURN,1869955.8643993686,0.0,-32354.93643026975,1837600.9279690988,1837600.9279690988,0.0,0.0,0.0,17,False
2024-05-24,QQQ,etf,US Equity,QQQ_RETURN,924088.6647146639,0.0,-28998.278433552354,895090.3862811115,895090.3862811115,0.0,0.0,0.0,17,False
2024-05-24,EFA,etf,International Equity,EFA_RETURN,956242.1073135941,0.0,-19701.719690112463,936540.3876234816,936540.3876234816,0.0,0.0,0.0,17,False
2024-05-24,GLD,etf,Commodity,GLD_RETURN,451435.6975159292,0.0,2295.8062568105665,453731.5037727397,453731.5037727397,0.0,0.0,0.0,17,False
2024-05-24,US5Y,bond,Rates,DGS5_CHANGE,1454638.2288852367,0.0,-3068.920707766521,1451569.3081774702,1451569.3081774702,0.0,4.5,22.0,17,False
2024-05-24,US10Y,bond,Rates,DGS10_CHANGE,1472212.1676971847,0.0,-4926.1188540493495,1467286.0488431354,1467286.0488431354,0.0,8.0,70.0,17,False
2024-05-24,USD_CASH,cash,Cash,CASH_RETURN,2466270.557663026,0.0,0.0,2462456.5385821704,2462456.5385821704,0.0,0.0,0.0,17,False
2024-05-24,EURUSD_OVERLAY,fx_forward,FX,EURUSD_RETURN,0.0,730018.3009666392,-3814.0190808554175,0.0,0.0,730018.3009666392,0.0,0.0,17,False
2024-05-27,SPY,etf,US Equity,SPY_RETURN,1837600.9279690988,0.0,-17036.249190942126,1820564.6787781566,1820564.6787781566,0.0,0.0,0.0,17,False
2024-05-27,QQQ,etf,US Equity,QQQ_RETURN,895090.3862811115,0.0,-3896.2675910612147,891194.1186900503,891194.1186900503,0.0,0.0,0.0,17,False
2024-05-27,EFA,etf,International Equity,EFA_RETURN,936540.3876234816,0.0,-10961.707969681624,925578.6796538,925578.6796538,0.0,0.0,0.0,17,False
2024-05-27,GLD,etf,Commodity,GLD_RETURN,453731.5037727397,0.0,1610.0752112831685,455341.5789840229,455341.5789840229,0.0,0.0,0.0,17,False
2024-05-27,US5Y,bond,Rates,DGS5_CHANGE,1451569.3081774702,0.0,-2682.646805231181,1448886.661372239,1448886.661372239,0.0,4.5,22.0,17,False
2024-05-27,US10Y,bond,Rates,DGS10_CHANGE,1467286.0488431354,0.0,-1456.4318349495404,1465829.6170081857,1465829.6170081857,0.0,8.0,70.0,17,False
2024-05-27,USD_CASH,cash,Cash,CASH_RETURN,2462456.5385821704,0.0,0.0,2462301.965532418,2462301.965532418,0.0,0.0,0.0,17,False
2024-05-27,EURUSD_OVERLAY,fx_forward,FX,EURUSD_RETURN,0.0,730018.3009666392,-154.5730497523249,0.0,0.0,730018.3009666392,0.0,0.0,17,False
2024-05-28,SPY,etf,US Equity,SPY_RETURN,1820564.6787781566,0.0,-26805.281226891002,1793759.3975512655,1793759.3975512655,0.0,0.0,0.0,17,False
2024-05-28,QQQ,etf,US Equity,QQQ_RETURN,891194.1186900503,0.0,-15425.85257702844,875768.2661130219,875768.2661130219,0.0,0.0,0.0,17,False
2024-05-28,EFA,etf,International Equity,EFA_RETURN,925578.6796538,0.0,-17399.088895065463,908179.5907587345,908179.5907587345,0.0,0.0,0.0,17,False
2024-05-28,GLD,etf,Commodity,GLD_RETURN,455341.5789840229,0.0,-1614.0932170144674,453727.48576700845,453727.48576700845,0.0,0.0,0.0,17,False
2024-05-28,US5Y,bond,Rates,DGS5_CHANGE,1448886.661372239,0.0,-2807.3406684444885,1446079.3207037945,1446079.3207037945,0.0,4.5,22.0,17,False
2024-05-28,US10Y,bond,Rates,DGS10_CHANGE,1465829.6170081857,0.0,-7004.804836348854,1458824.8121718368,1458824.8121718368,0.0,8.0,70.0,17,False
2024-05-28,USD_CASH,cash,Cash,CASH_RETURN,2462301.965532418,0.0,0.0,2457722.432860478,2457722.432860478,0.0,0.0,0.0,17,False
2024-05-28,EURUSD_OVERLAY,fx_forward,FX,EURUSD_RETURN,0.0,730018.3009666392,-4579.532671939905,0.0,0.0,730018.3009666392,0.0,0.0,17,False
2024-05-29,SPY,etf,US Equity,SPY_RETURN,1793759.3975512655,0.0,14468.30129163432,1808227.6988428999,1808227.6988428999,0.0,0.0,0.0,17,False
2024-05-29,QQQ,etf,US Equity,QQQ_RETURN,875768.2661130219,0.0,10249.018927319643,886017.2850403416,886017.2850403416,0.0,0.0,0.0,17,False
2024-05-29,EFA,etf,International Equity,EFA_RETURN,908179.5907587345,0.0,1912.2831631110926,910091.8739218456,910091.8739218456,0.0,0.0,0.0,17,False
2024-05-29,GLD,etf,Commodity,GLD_RETURN,453727.48576700845,0.0,-2882.772658946894,450844.7131080616,450844.7131080616,0.0,0.0,0.0,17,False
2024-05-29,US5Y,bond,Rates,DGS5_CHANGE,1446079.3207037945,0.0,-4584.563894982898,1441494.7568088116,1441494.7568088116,0.0,4.5,22.0,17,False
2024-05-29,US10Y,bond,Rates,DGS10_CHANGE,1458824.8121718368,0.0,-7084.411414029885,1451740.400757807,1451740.400757807,0.0,8.0,70.0,17,False
2024-05-29,USD_CASH,cash,Cash,CASH_RETURN,2457722.432860478,0.0,0.0,2457508.324250282,2457508.324250282,0.0,0.0,0.0,17,False
2024-05-29,EURUSD_OVERLAY,fx_forward,FX,EURUSD_RETURN,0.0,730018.3009666392,-214.108610195986,0.0,0.0,730018.3009666392,0.0,0.0,17,False
2024-05-30,SPY,etf,US Equity,SPY_RETURN,1808227.6988428999,0.0,10900.79503104898,1819128.493873949,1819128.493873949,0.0,0.0,0.0,17,False
2024-05-30,QQQ,etf,US Equity,QQQ_RETURN,886017.2850403416,0.0,4081.371999984601,890098.6570403262,890098.6570403262,0.0,0.0,0.0,17,False
2024-05-30,EFA,etf,International Equity,EFA_RETURN,910091.8739218456,0.0,8659.167647570017,918751.0415694156,918751.0415694156,0.0,0.0,0.0,17,False
2024-05-30,GLD,etf,Commodity,GLD_RETURN,450844.7131080616,0.0,-57.838540155557915,450786.874567906,450786.874567906,0.0,0.0,0.0,17,False
2024-05-30,US5Y,bond,Rates,DGS5_CHANGE,1441494.7568088116,0.0,2233.156797832303,1443727.913606644,1443727.913606644,0.0,4.5,22.0,17,False
2024-05-30,US10Y,bond,Rates,DGS10_CHANGE,1451740.400757807,0.0,5744.048668473141,1457484.44942628,1457484.44942628,0.0,8.0,70.0,17,False
2024-05-30,USD_CASH,cash,Cash,CASH_RETURN,2457508.324250282,0.0,0.0,2459542.2816735376,2459542.2816735376,0.0,0.0,0.0,17,False
2024-05-30,EURUSD_OVERLAY,fx_forward,FX,EURUSD_RETURN,0.0,730018.3009666392,2033.957423255549,0.0,0.0,730018.3009666392,0.0,0.0,17,False
2024-05-31,SPY,etf,US Equity,SPY_RETURN,1819128.493873949,0.0,-287.2359295844641,1818841.2579443646,1818841.2579443646,0.0,0.0,0.0,17,False
2024-05-31,QQQ,etf,US Equity,QQQ_RETURN,890098.6570403262,0.0,-65.76625229343534,890032.8907880327,890032.8907880327,0.0,0.0,0.0,17,False
2024-05-31,EFA,etf,International Equity,EFA_RETURN,918751.0415694156,0.0,-8774.525239174594,909976.516330241,909976.516330241,0.0,0.0,0.0,17,False
2024-05-31,GLD,etf,Commodity,GLD_RETURN,450786.874567906,0.0,5772.734049877705,456559.60861778376,456559.60861778376,0.0,0.0,0.0,17,False
2024-05-31,US5Y,bond,Rates,DGS5_CHANGE,1443727.913606644,0.0,334.67495797127896,1444062.5885646152,1444062.5885646152,0.0,4.5,22.0,17,False
2024-05-31,US10Y,bond,Rates,DGS10_CHANGE,1457484.44942628,0.0,-673.2932252128508,1456811.1562010671,1456811.1562010671,0.0,8.0,70.0,17,False
2024-05-31,USD_CASH,cash,Cash,CASH_RETURN,2459542.2816735376,0.0,0.0,2455635.336536933,2455635.336536933,0.0,0.0,0.0,17,False
2024-05-31,EURUSD_OVERLAY,fx_forward,FX,EURUSD_RETURN,0.0,730018.3009666392,-3906.9451366043277,0.0,0.0,730018.3009666392,0.0,0.0,17,False
2024-06-03,SPY,etf,US Equity,SPY_RETURN,1818841.2579443646,0.0,4259.908256458149,1823101.1662008227,1880258.6078032905,0.0,0.0,0.0,18,True
2024-06-03,QQQ,etf,US Equity,QQQ_RETURN,890032.8907880327,0.0,-6479.766229513189,883553.1245585195,940129.3039016452,0.0,0.0,0.0,18,True
2024-06-03,EFA,etf,International Equity,EFA_RETURN,909976.516330241,0.0,-11066.599817552837,898909.9165126882,940129.3039016452,0.0,0.0,0.0,18,True
2024-06-03,GLD,etf,Commodity,GLD_RETURN,456559.60861778376,0.0,-6767.507961528264,449792.1006562555,470064.6519508226,0.0,0.0,0.0,18,True
2024-06-03,US5Y,bond,Rates,DGS5_CHANGE,1444062.5885646152,0.0,-85.43341217823517,1443977.155152437,1410193.9558524678,0.0,4.5,22.0,18,True
2024-06-03,US10Y,bond,Rates,DGS10_CHANGE,1456811.1562010671,0.0,-8123.649564951977,1448687.5066361153,1410193.9558524678,0.0,8.0,70.0,18,True
2024-06-03,USD_CASH,cash,Cash,CASH_RETURN,2455635.336536933,0.0,0.0,2453272.0692996145,2350323.259754113,0.0,0.0,0.0,18,True
2024-06-03,EURUSD_OVERLAY,fx_forward,FX,EURUSD_RETURN,0.0,730018.3009666392,-2363.2672373187024,0.0,0.0,705096.9779262339,0.0,0.0,18,True
2024-06-04,SPY,etf,US Equity,SPY_RETURN,1880258.6078032905,0.0,-27326.131305588486,1852932.476497702,1852932.476497702,0.0,0.0,0.0,18,False
2024-06-04,QQQ,etf,US Equity,QQQ_RETURN,940129.3039016452,0.0,-20427.56434961052,919701.7395520348,919701.7395520348,0.0,0.0,0.0,18,False
2024-06-04,EFA,etf,International Equity,EFA_RETURN,940129.3039016452,0.0,-3687.137177670775,936442.1667239745,936442.1667239745,0.0,0.0,0.0,18,False
2024-06-04,GLD,etf,Commodity,GLD_RETURN,470064.6519508226,0.0,-921.6055098313194,469143.0464409913,469143.0464409913,0.0,0.0,0.0,18,False
2024-06-04,US5Y,bond,Rates,DGS5_CHANGE,1410193.9558524678,0.0,2405.405603990348,1412599.3614564582,1412599.3614564582,0.0,4.5,22.0,18,False
2024-06-04,US10Y,bond,Rates,DGS10_CHANGE,1410193.9558524678,0.0,1136.8631202168353,1411330.8189726847,1411330.8189726847,0.0,8.0,70.0,18,False
2024-06-04,USD_CASH,cash,Cash,CASH_RETURN,2350323.259754113,0.0,0.0,2352292.6402875558,2352292.6402875558,0.0,0.0,0.0,18,False
2024-06-04,EURUSD_OVERLAY,fx_forward,FX,EURUSD_RETURN,0.0,705096.9779262339,1969.3805334427097,0.0,0.0,705096.9779262339,0.0,0.0,18,False
2024-06-05,SPY,etf,US Equity,SPY_RETURN,1852932.476497702,0.0,7018.952385256995,1859951.428882959,1859951.428882959,0.0,0.0,0.0,18,False
2024-06-05,QQQ,etf,US Equity,QQQ_RETURN,919701.7395520348,0.0,-2894.4917673907257,916807.247784644,916807.247784644,0.0,0.0,0.0,18,False
2024-06-05,EFA,etf,International Equity,EFA_RETURN,936442.1667239745,0.0,-4595.896029323814,931846.2706946507,931846.2706946507,0.0,0.0,0.0,18,False
2024-06-05,GLD,etf,Commodity,GLD_RETURN,469143.0464409913,0.0,1059.9306676555802,470202.9771086469,470202.9771086469,0.0,0.0,0.0,18,False
2024-06-05,US5Y,bond,Rates,DGS5_CHANGE,1412599.3614564582,0.0,2659.69523802805,1415259.0566944862,1415259.0566944862,0.0,4.5,22.0,18,False
2024-06-05,US10Y,bond,Rates,DGS10_CHANGE,1411330.8189726847,0.0,1760.0484899005983,1413090.8674625852,1413090.8674625852,0.0,8.0,70.0,18,False
2024-06-05,USD_CASH,cash,Cash,CASH_RETURN,2352292.6402875558,0.0,0.0,2355326.1391773773,2355326.1391773773,0.0,0.0,0.0,18,False
2024-06-05,EURUSD_OVERLAY,fx_forward,FX,EURUSD_RETURN,0.0,705096.9779262339,3033.4988898215993,0.0,0.0,705096.9779262339,0.0,0.0,18,False
2024-06-06,SPY,etf,US Equity,SPY_RETURN,1859951.428882959,0.0,-7536.895879975912,1852414.533002983,1852414.533002983,0.0,0.0,0.0,18,False
2024-06-06,QQQ,etf,US Equity,QQQ_RETURN,916807.247784644,0.0,-6936.036578499508,909871.2112061445,909871.2112061445,0.0,0.0,0.0,18,False
2024-06-06,EFA,etf,International Equity,EFA_RETURN,931846.2706946507,0.0,-12706.702196460867,919139.5684981898,919139.5684981898,0.0,0.0,0.0,18,False
2024-06-06,GLD,etf,Commodity,GLD_RETURN,470202.9771086469,0.0,2138.387937182451,472341.3650458293,472341.3650458293,0.0,0.0,0.0,18,False
2024-06-06,US5Y,bond,Rates,DGS5_CHANGE,1415259.0566944862,0.0,-3614.7590878293504,1411644.2976066568,1411644.2976066568,0.0,4.5,22.0,18,False
2024-06-06,US10Y,bond,Rates,DGS10_CHANGE,1413090.8674625852,0.0,-6227.315232239238,1406863.552230346,1406863.552230346,0.0,8.0,70.0,18,False
2024-06-06,USD_CASH,cash,Cash,CASH_RETURN,2355326.1391773773,0.0,0.0,2350611.9680741746,2350611.9680741746,0.0,0.0,0.0,18,False
2024-06-06,EURUSD_OVERLAY,fx_forward,FX,EURUSD_RETURN,0.0,705096.9779262339,-4714.1711032027815,0.0,0.0,705096.9779262339,0.0,0.0,18,False
2024-06-07,SPY,etf,US Equity,SPY_RETURN,1852414.533002983,0.0,619.1752115758787,1853033.708214559,1853033.708214559,0.0,0.0,0.0,18,False
2024-06-07,QQQ,etf,US Equity,QQQ_RETURN,909871.2112061445,0.0,2484.1410731361475,912355.3522792807,912355.3522792807,0.0,0.0,0.0,18,False
2024-06-07,EFA,etf,International Equity,EFA_RETURN,919139.5684981898,0.0,-7697.59731086638,911441.9711873234,911441.9711873234,0.0,0.0,0.0,18,False
2024-06-07,GLD,etf,Commodity,GLD_RETURN,472341.3650458293,0.0,3445.0692045121777,475786.4342503415,475786.4342503415,0.0,0.0,0.0,18,False
2024-06-07,US5Y,bond,Rates,DGS5_CHANGE,1411644.2976066568,0.0,-5940.898228921767,1405703.399377735,1405703.399377735,0.0,4.5,22.0,18,False
2024-06-07,US10Y,bond,Rates,DGS10_CHANGE,1406863.552230346,0.0,-2983.0912911275727,1403880.4609392185,1403880.4609392185,0.0,8.0,70.0,18,False
2024-06-07,USD_CASH,cash,Cash,CASH_RETURN,2350611.9680741746,0.0,0.0,2351751.7444803338,2351751.7444803338,0.0,0.0,0.0,18,False
2024-06-07,EURUSD_OVERLAY,fx_forward,FX,EURUSD_RETURN,0.0,705096.9779262339,1139.7764061592004,0.0,0.0,705096.9779262339,0.0,0.0,18,False
2024-06-10,SPY,etf,US Equity,SPY_RETURN,1853033.708214559,0.0,1459.689574485497,1854493.3977890443,1854493.3977890443,0.0,0.0,0.0,18,False
2024-06-10,QQQ,etf,US Equity,QQQ_RETURN,912355.3522792807,0.0,-2000.0017108757695,910355.3505684049,910355.3505684049,0.0,0.0,0.0,18,False
2024-06-10,EFA,etf,International Equity,EFA_RETURN,911441.9711873234,0.0,5869.535856594241,917311.5070439177,917311.5070439177,0.0,0.0,0.0,18,False
2024-06-10,GLD,etf,Commodity,GLD_RETURN,475786.4342503415,0.0,-467.7821169160765,475318.6521334254,475318.6521334254,0.0,0.0,0.0,18,False
2024-06-10,US5Y,bond,Rates,DGS5_CHANGE,1405703.399377735,0.0,-1644.7678042488715,1404058.6315734861,1404058.6315734861,0.0,4.5,22.0,18,False
2024-06-10,US10Y,bond,Rates,DGS10_CHANGE,1403880.4609392185,0.0,-4911.3958701358415,1398969.0650690827,1398969.0650690827,0.0,8.0,70.0,18,False
2024-06-10,USD_CASH,cash,Cash,CASH_RETURN,2351751.7444803338,0.0,0.0,2352617.5932548773,2352617.5932548773,0.0,0.0,0.0,18,False
2024-06-10,EURUSD_OVERLAY,fx_forward,FX,EURUSD_RETURN,0.0,705096.9779262339,865.8487745435292,0.0,0.0,705096.9779262339,0.0,0.0,18,False
2024-06-11,SPY,etf,US Equity,SPY_RETURN,1854493.3977890443,0.0,36112.63909440069,1890606.036883445,1890606.036883445,0.0,0.0,0.0,18,False
2024-06-11,QQQ,etf,US Equity,QQQ_RETURN,910355.3505684049,0.0,4919.658937794075,915275.0095061989,915275.0095061989,0.0,0.0,0.0,18,False
2024-06-11,EFA,etf,International Equity,EFA_RETURN,917311.5070439177,0.0,3846.317961732495,921157.8250056502,921157.8250056502,0.0,0.0,0.0,18,False
2024-06-11,GLD,etf,Commodity,GLD_RETURN,475318.6521334254,0.0,-7995.4594329141055,467323.1927005113,467323.1927005113,0.0,0.0,0.0,18,False
2024-06-11,US5Y,bond,Rates,DGS5_CHANGE,1404058.6315734861,0.0,2147.758199861214,1406206.3897733474,1406206.3897733474,0.0,4.5,22.0,18,False
2024-06-11,US10Y,bond,Rates,DGS10_CHANGE,1398969.0650690827,0.0,718.7435558771779,1399687.8086249598,1399687.8086249598,0.0,8.0,70.0,18,False
2024-06-11,USD_CASH,cash,Cash,CASH_RETURN,2352617.5932548773,0.0,0.0,2347785.7799203754,2347785.7799203754,0.0,0.0,0.0,18,False
2024-06-11,EURUSD_OVERLAY,fx_forward,FX,EURUSD_RETURN,0.0,705096.9779262339,-4831.813334501913,0.0,0.0,705096.9779262339,0.0,0.0,18,False
2024-06-12,SPY,etf,US Equity,SPY_RETURN,1890606.036883445,0.0,-44655.20714483592,1845950.829738609,1845950.829738609,0.0,0.0,0.0,18,False
2024-06-12,QQQ,etf,US Equity,QQQ_RETURN,915275.0095061989,0.0,-11582.55927920928,903692.4502269897,903692.4502269897,0.0,0.0,0.0,18,False
2024-06-12,EFA,etf,International Equity,EFA_RETURN,921157.8250056502,0.0,-11270.704666672505,909887.1203389777,909887.1203389777,0.0,0.0,0.0,18,False
2024-06-12,GLD,etf,Commodity,GLD_RETURN,467323.1927005113,0.0,5404.315191585504,472727.5078920968,472727.5078920968,0.0,0.0,0.0,18,False
2024-06-12,US5Y,bond,Rates,DGS5_CHANGE,1406206.3897733474,0.0,-3964.4922852170903,1402241.8974881303,1402241.8974881303,0.0,4.5,22.0,18,False
2024-06-12,US10Y,bond,Rates,DGS10_CHANGE,1399687.8086249598,0.0,-5153.670863710178,1394534.1377612497,1394534.1377612497,0.0,8.0,70.0,18,False
2024-06-12,USD_CASH,cash,Cash,CASH_RETURN,2347785.7799203754,0.0,0.0,2341621.9367130697,2341621.9367130697,0.0,0.0,0.0,18,False
2024-06-12,EURUSD_OVERLAY,fx_forward,FX,EURUSD_RETURN,0.0,705096.9779262339,-6163.843207305716,0.0,0.0,705096.9779262339,0.0,0.0,18,False
2024-06-13,SPY,etf,US Equity,SPY_RETURN,1845950.829738609,0.0,20446.799267924816,1866397.6290065339,1866397.6290065339,0.0,0.0,0.0,18,False
2024-06-13,QQQ,etf,US Equity,QQQ_RETURN,903692.4502269897,0.0,6525.7962362335065,910218.2464632232,910218.2464632232,0.0,0.0,0.0,18,False
2024-06-13,EFA,etf,International Equity,EFA_RETURN,909887.1203389777,0.0,3217.3684903822477,913104.4888293599,913104.4888293599,0.0,0.0,0.0,18,False
2024-06-13,GLD,etf,Commodity,GLD_RETURN,472727.5078920968,0.0,2428.622673492309,475156.1305655891,475156.1305655891,0.0,0.0,0.0,18,False
2024-06-13,US5Y,bond,Rates,DGS5_CHANGE,1402241.8974881303,0.0,-139.99898673829838,1402101.898501392,1402101.898501392,0.0,4.5,22.0,18,False
2024-06-13,US10Y,bond,Rates,DGS10_CHANGE,1394534.1377612497,0.0,1162.4481403651293,1395696.5859016147,1395696.5859016147,0.0,8.0,70.0,18,False
2024-06-13,USD_CASH,cash,Cash,CASH_RETURN,2341621.9367130697,0.0,0.0,2336477.4444807074,2336477.4444807074,0.0,0.0,0.0,18,False
2024-06-13,EURUSD_OVERLAY,fx_forward,FX,EURUSD_RETURN,0.0,705096.9779262339,-5144.492232362121,0.0,0.0,705096.9779262339,0.0,0.0,18,False
2024-06-14,SPY,etf,US Equity,SPY_RETURN,1866397.6290065339,0.0,5029.775357225547,1871427.4043637593,1871427.4043637593,0.0,0.0,0.0,18,False
2024-06-14,QQQ,etf,US Equity,QQQ_RETURN,910218.2464632232,0.0,-138.7731711240409,910079.4732920992,910079.4732920992,0.0,0.0,0.0,18,False
2024-06-14,EFA,etf,International Equity,EFA_RETURN,913104.4888293599,0.0,-3832.143627621795,909272.3452017381,909272.3452017381,0.0,0.0,0.0,18,False
2024-06-14,GLD,etf,Commodity,GLD_RETURN,475156.1305655891,0.0,-9081.006931884838,466075.12363370426,466075.12363370426,0.0,0.0,0.0,18,False
2024-06-14,US5Y,bond,Rates,DGS5_CHANGE,1402101.898501392,0.0,445.595658528148,1402547.4941599201,1402547.4941599201,0.0,4.5,22.0,18,False
2024-06-14,US10Y,bond,Rates,DGS10_CHANGE,1395696.5859016147,0.0,-527.0538223356558,1395169.5320792792,1395169.5320792792,0.0,8.0,70.0,18,False
2024-06-14,USD_CASH,cash,Cash,CASH_RETURN,2336477.4444807074,0.0,0.0,2339418.9633625844,2339418.9633625844,0.0,0.0,0.0,18,False
2024-06-14,EURUSD_OVERLAY,fx_forward,FX,EURUSD_RETURN,0.0,705096.9779262339,2941.518881877086,0.0,0.0,705096.9779262339,0.0,0.0,18,False
2024-06-17,SPY,etf,US Equity,SPY_RETURN,1871427.4043637593,0.0,42956.84682176582,1914384.2511855252,1914384.2511855252,0.0,0.0,0.0,18,False
2024-06-17,QQQ,etf,US Equity,QQQ_RETURN,910079.4732920992,0.0,17029.235999848603,927108.7092919478,927108.7092919478,0.0,0.0,0.0,18,False
2024-06-17,EFA,etf,International Equity,EFA_RETURN,909272.3452017381,0.0,22181.122308959588,931453.4675106977,931453.4675106977,0.0,0.0,0.0,18,False
2024-06-17,GLD,etf,Commodity,GLD_RETURN,466075.12363370426,0.0,-21499.059419755948,444576.0642139483,444576.0642139483,0.0,0.0,0.0,18,False
2024-06-17,US5Y,bond,Rates,DGS5_CHANGE,1402547.4941599201,0.0,7188.885842778406,1409736.3800026986,1409736.3800026986,0.0,4.5,22.0,18,False
2024-06-17,US10Y,bond,Rates,DGS10_CHANGE,1395169.5320792792,0.0,17931.210970742595,1413100.7430500218,1413100.7430500218,0.0,8.0,70.0,18,False
2024-06-17,USD_CASH,cash,Cash,CASH_RETURN,2339418.9633625844,0.0,0.0,2339949.26997755,2339949.26997755,0.0,0.0,0.0,18,False
2024-06-17,EURUSD_OVERLAY,fx_forward,FX,EURUSD_RETURN,0.0,705096.9779262339,530.3066149656054,0.0,0.0,705096.9779262339,0.0,0.0,18,False
2024-06-18,SPY,etf,US Equity,SPY_RETURN,1914384.2511855252,0.0,-11713.768261077,1902670.482924448,1902670.482924448,0.0,0.0,0.0,18,False
2024-06-18,QQQ,etf,US Equity,QQQ_RETURN,927108.7092919478,0.0,-27869.697843331916,899239.0114486158,899239.0114486158,0.0,0.0,0.0,18,False
2024-06-18,EFA,etf,International Equity,EFA_RETURN,931453.4675106977,0.0,3946.697550630412,935400.1650613281,935400.1650613281,0.0,0.0,0.0,18,False
2024-06-18,GLD,etf,Commodity,GLD_RETURN,444576.0642139483,0.0,215.44133759446652,444791.5055515428,444791.5055515428,0.0,0.0,0.0,18,False
2024-06-18,US5Y,bond,Rates,DGS5_CHANGE,1409736.3800026986,0.0,-436.240152662205,1409300.1398500365,1409300.1398500365,0.0,4.5,22.0,18,False
2024-06-18,US10Y,bond,Rates,DGS10_CHANGE,1413100.7430500218,0.0,-6753.895810541773,1406346.8472394801,1406346.8472394801,0.0,8.0,70.0,18,False
2024-06-18,USD_CASH,cash,Cash,CASH_RETURN,2339949.26997755,0.0,0.0,2335996.441519519,2335996.441519519,0.0,0.0,0.0,18,False
2024-06-18,EURUSD_OVERLAY,fx_forward,FX,EURUSD_RETURN,0.0,705096.9779262339,-3952.828458031287,0.0,0.0,705096.9779262339,0.0,0.0,18,False
2024-06-19,SPY,etf,US Equity,SPY_RETURN,1902670.482924448,0.0,-5247.017564076563,1897423.4653603716,1897423.4653603716,0.0,0.0,0.0,18,False
2024-06-19,QQQ,etf,US Equity,QQQ_RETURN,899239.0114486158,0.0,-896.1099667588439,898342.9014818569,898342.9014818569,0.0,0.0,0.0,18,False
2024-06-19,EFA,etf,International Equity,EFA_RETURN,935400.1650613281,0.0,4445.986754760433,939846.1518160885,939846.1518160885,0.0,0.0,0.0,18,False
2024-06-19,GLD,etf,Commodity,GLD_RETURN,444791.5055515428,0.0,-717.067034534787,444074.43851700803,444074.43851700803,0.0,0.0,0.0,18,False
2024-06-19,US5Y,bond,Rates,DGS5_CHANGE,1409300.1398500365,0.0,-1613.4544663090126,1407686.6853837275,1407686.6853837275,0.0,4.5,22.0,18,False
2024-06-19,US10Y,bond,Rates,DGS10_CHANGE,1406346.8472394801,0.0,-5794.22993396318,1400552.617305517,1400552.617305517,0.0,8.0,70.0,18,False
2024-06-19,USD_CASH,cash,Cash,CASH_RETURN,2335996.441519519,0.0,0.0,2338138.5325991837,2338138.5325991837,0.0,0.0,0.0,18,False
2024-06-19,EURUSD_OVERLAY,fx_forward,FX,EURUSD_RETURN,0.0,705096.9779262339,2142.091079664677,0.0,0.0,705096.9779262339,0.0,0.0,18,False
2024-06-20,SPY,etf,US Equity,SPY_RETURN,1897423.4653603716,0.0,-19127.518839094555,1878295.946521277,1878295.946521277,0.0,0.0,0.0,18,False
2024-06-20,QQQ,etf,US Equity,QQQ_RETURN,898342.9014818569,0.0,-4775.731508576657,893567.1699732803,893567.1699732803,0.0,0.0,0.0,18,False
2024-06-20,EFA,etf,International Equity,EFA_RETURN,939846.1518160885,0.0,4283.364183771817,944129.5159998602,944129.5159998602,0.0,0.0,0.0,18,False
2024-06-20,GLD,etf,Commodity,GLD_RETURN,444074.43851700803,0.0,-382.6794414473922,443691.75907556067,443691.75907556067,0.0,0.0,0.0,18,False
2024-06-20,US5Y,bond,Rates,DGS5_CHANGE,1407686.6853837275,0.0,-680.2006211044549,1407006.484762623,1407006.484762623,0.0,4.5,22.0,18,False
2024-06-20,US10Y,bond,Rates,DGS10_CHANGE,1400552.617305517,0.0,-1594.932649914898,1398957.684655602,1398957.684655602,0.0,8.0,70.0,18,False
2024-06-20,USD_CASH,cash,Cash,CASH_RETURN,2338138.5325991837,0.0,0.0,2340979.4210581845,2340979.4210581845,0.0,0.0,0.0,18,False
2024-06-20,EURUSD_OVERLAY,fx_forward,FX,EURUSD_RETURN,0.0,705096.9779262339,2840.8884590007942,0.0,0.0,705096.9779262339,0.0,0.0,18,False
2024-06-21,SPY,etf,US Equity,SPY_RETURN,1878295.946521277,0.0,-15836.480134591593,1862459.4663866854,1862459.4663866854,0.0,0.0,0.0,18,False
2024-06-21,QQQ,etf,US Equity,QQQ_RETURN,893567.1699732803,0.0,-4859.3517446395335,888707.8182286407,888707.8182286407,0.0,0.0,0.0,18,False
2024-06-21,EFA,etf,International Equity,EFA_RETURN,944129.5159998602,0.0,-8663.230898860713,935466.2851009995,935466.2851009995,0.0,0.0,0.0,18,False
2024-06-21,GLD,etf,Commodity,GLD_RETURN,443691.75907556067,0.0,-11775.791820989512,431915.96725457115,431915.96725457115,0.0,0.0,0.0,18,False
2024-06-21,US5Y,bond,Rates,DGS5_CHANGE,1407006.484762623,0.0,-780.8192138212453,1406225.6655488017,1406225.6655488017,0.0,4.5,22.0,18,False
2024-06-21,US10Y,bond,Rates,DGS10_CHANGE,1398957.684655602,0.0,-2815.0745459527134,1396142.6101096494,1396142.6101096494,0.0,8.0,70.0,18,False
2024-06-21,USD_CASH,cash,Cash,CASH_RETURN,2340979.4210581845,0.0,0.0,2347066.7830386045,2347066.7830386045,0.0,0.0,0.0,18,False
2024-06-21,EURUSD_OVERLAY,fx_forward,FX,EURUSD_RETURN,0.0,705096.9779262339,6087.361980419841,0.0,0.0,705096.9779262339,0.0,0.0,18,False
2024-06-24,SPY,etf,US Equity,SPY_RETURN,1862459.4663866854,0.0,-46547.67379312004,1815911.7925935653,1815911.7925935653,0.0,0.0,0.0,18,False
2024-06-24,QQQ,etf,US Equity,QQQ_RETURN,888707.8182286407,0.0,-31673.084292376087,857034.7339362646,857034.7339362646,0.0,0.0,0.0,18,False
2024-06-24,EFA,etf,International Equity,EFA_RETURN,935466.2851009995,0.0,-27039.59982054057,908426.685280459,908426.685280459,0.0,0.0,0.0,18,False
2024-06-24,GLD,etf,Commodity,GLD_RETURN,431915.96725457115,0.0,3332.5419205117114,435248.50917508284,435248.50917508284,0.0,0.0,0.0,18,False
2024-06-24,US5Y,bond,Rates,DGS5_CHANGE,1406225.6655488017,0.0,-4126.170032066533,1402099.4955167351,1402099.4955167351,0.0,4.5,22.0,18,False
2024-06-24,US10Y,bond,Rates,DGS10_CHANGE,1396142.6101096494,0.0,-6219.182656848702,1389923.4274528006,1389923.4274528006,0.0,8.0,70.0,18,False
2024-06-24,USD_CASH,cash,Cash,CASH_RETURN,2347066.7830386045,0.0,0.0,2339558.32466229,2339558.32466229,0.0,0.0,0.0,18,False
2024-06-24,EURUSD_OVERLAY,fx_forward,FX,EURUSD_RETURN,0.0,705096.9779262339,-7508.4583763146775,0.0,0.0,705096.9779262339,0.0,0.0,18,False
2024-06-25,SPY,etf,US Equity,SPY_RETURN,1815911.7925935653,0.0,-4867.049829298204,1811044.7427642671,1811044.7427642671,0.0,0.0,0.0,18,False
2024-06-25,QQQ,etf,US Equity,QQQ_RETURN,857034.7339362646,0.0,-6327.975381008398,850706.7585552563,850706.7585552563,0.0,0.0,0.0,18,False
2024-06-25,EFA,etf,International Equity,EFA_RETURN,908426.685280459,0.0,-5619.964342021138,902806.7209384379,902806.7209384379,0.0,0.0,0.0,18,False
2024-06-25,GLD,etf,Commodity,GLD_RETURN,435248.50917508284,0.0,9459.070409586038,444707.57958466886,444707.57958466886,0.0,0.0,0.0,18,False
2024-06-25,US5Y,bond,Rates,DGS5_CHANGE,1402099.4955167351,0.0,3808.6258001722013,1405908.1213169072,1405908.1213169072,0.0,4.5,22.0,18,False
2024-06-25,US10Y,bond,Rates,DGS10_CHANGE,1389923.4274528006,0.0,10253.125783956828,1400176.5532367574,1400176.5532367574,0.0,8.0,70.0,18,False
2024-06-25,USD_CASH,cash,Cash,CASH_RETURN,2339558.32466229,0.0,0.0,2339244.6081781858,2339244.6081781858,0.0,0.0,0.0,18,False
2024-06-25,EURUSD_OVERLAY,fx_forward,FX,EURUSD_RETURN,0.0,705096.9779262339,-313.71648410439974,0.0,0.0,705096.9779262339,0.0,0.0,18,False
2024-06-26,SPY,etf,US Equity,SPY_RETURN,1811044.7427642671,0.0,-22791.817872338474,1788252.9248919287,1788252.9248919287,0.0,0.0,0.0,18,False
2024-06-26,QQQ,etf,US Equity,QQQ_RETURN,850706.7585552563,0.0,-17096.551614862063,833610.2069403942,833610.2069403942,0.0,0.0,0.0,18,False
2024-06-26,EFA,etf,International Equity,EFA_RETURN,902806.7209384379,0.0,-2256.853717996919,900549.8672204409,900549.8672204409,0.0,0.0,0.0,18,False
2024-06-26,GLD,etf,Commodity,GLD_RETURN,444707.57958466886,0.0,5866.131844665171,450573.711429334,450573.711429334,0.0,0.0,0.0,18,False
2024-06-26,US5Y,bond,Rates,DGS5_CHANGE,1405908.1213169072,0.0,2382.3764433879915,1408290.4977602952,1408290.4977602952,0.0,4.5,22.0,18,False
2024-06-26,US10Y,bond,Rates,DGS10_CHANGE,1400176.5532367574,0.0,5106.625595501164,1405283.1788322586,1405283.1788322586,0.0,8.0,70.0,18,False
2024-06-26,USD_CASH,cash,Cash,CASH_RETURN,2339244.6081781858,0.0,0.0,2339381.833263648,2339381.833263648,0.0,0.0,0.0,18,False
2024-06-26,EURUSD_OVERLAY,fx_forward,FX,EURUSD_RETURN,0.0,705096.9779262339,137.22508546228403,0.0,0.0,705096.9779262339,0.0,0.0,18,False
2024-06-27,SPY,etf,US Equity,SPY_RETURN,1788252.9248919287,0.0,-27823.506869432887,1760429.4180224957,1760429.4180224957,0.0,0.0,0.0,18,False
2024-06-27,QQQ,etf,US Equity,QQQ_RETURN,833610.2069403942,0.0,-16738.381430647165,816871.825509747,816871.825509747,0.0,0.0,0.0,18,False
2024-06-27,EFA,etf,International Equity,EFA_RETURN,900549.8672204409,0.0,-18244.81538244144,882305.0518379995,882305.0518379995,0.0,0.0,0.0,18,False
2024-06-27,GLD,etf,Commodity,GLD_RETURN,450573.711429334,0.0,9693.577308773256,460267.28873810725,460267.28873810725,0.0,0.0,0.0,18,False
2024-06-27,US5Y,bond,Rates,DGS5_CHANGE,1408290.4977602952,0.0,1056.0442170831648,1409346.5419773783,1409346.5419773783,0.0,4.5,22.0,18,False
2024-06-27,US10Y,bond,Rates,DGS10_CHANGE,1405283.1788322586,0.0,2017.2350894506153,1407300.4139217092,1407300.4139217092,0.0,8.0,70.0,18,False
2024-06-27,USD_CASH,cash,Cash,CASH_RETURN,2339381.833263648,0.0,0.0,2335707.096934983,2335707.096934983,0.0,0.0,0.0,18,False
2024-06-27,EURUSD_OVERLAY,fx_forward,FX,EURUSD_RETURN,0.0,705096.9779262339,-3674.736328665325,0.0,0.0,705096.9779262339,0.0,0.0,18,False
2024-06-28,SPY,etf,US Equity,SPY_RETURN,1760429.4180224957,0.0,29960.273775904305,1790389.6917984,1790389.6917984,0.0,0.0,0.0,18,False
2024-06-28,QQQ,etf,US Equity,QQQ_RETURN,816871.825509747,0.0,10491.960933741855,827363.7864434889,827363.7864434889,0.0,0.0,0.0,18,False
2024-06-28,EFA,etf,International Equity,EFA_RETURN,882305.0518379995,0.0,9087.97872540419,891393.0305634037,891393.0305634037,0.0,0.0,0.0,18,False
2024-06-28,GLD,etf,Commodity,GLD_RETURN,460267.28873810725,0.0,-2980.7541608025203,457286.53457730473,457286.53457730473,0.0,0.0,0.0,18,False
2024-06-28,US5Y,bond,Rates,DGS5_CHANGE,1409346.5419773783,0.0,2386.046569907632,1411732.5885472859,1411732.5885472859,0.0,4.5,22.0,18,False
2024-06-28,US10Y,bond,Rates,DGS10_CHANGE,1407300.4139217092,0.0,5458.835497132216,1412759.2494188414,1412759.2494188414,0.0,8.0,70.0,18,False
2024-06-28,USD_CASH,cash,Cash,CASH_RETURN,2335707.096934983,0.0,0.0,2333795.8102432974,2333795.8102432974,0.0,0.0,0.0,18,False
2024-06-28,EURUSD_OVERLAY,fx_forward,FX,EURUSD_RETURN,0.0,705096.9779262339,-1911.2866916858038,0.0,0.0,705096.9779262339,0.0,0.0,18,False
2024-07-01,SPY,etf,US Equity,SPY_RETURN,1790389.6917984,0.0,-28003.192179335558,1762386.4996190644,1815254.6348126405,0.0,0.0,0.0,19,True
2024-07-01,QQQ,etf,US Equity,QQQ_RETURN,827363.7864434889,0.0,-8069.5863608771,819294.2000826118,907627.3174063202,0.0,0.0,0.0,19,True
2024-07-01,EFA,etf,International Equity,EFA_RETURN,891393.0305634037,0.0,-9611.357319422612,881781.6732439811,907627.3174063202,0.0,0.0,0.0,19,True
2024-07-01,GLD,etf,Commodity,GLD_RETURN,457286.53457730473,0.0,-10238.840851378523,447047.6937259262,453813.6587031601,0.0,0.0,0.0,19,True
2024-07-01,US5Y,bond,Rates,DGS5_CHANGE,1411732.5885472859,0.0,1908.2085648489156,1413640.7971121348,1361440.9761094803,0.0,4.5,22.0,19,True
2024-07-01,US10Y,bond,Rates,DGS10_CHANGE,1412759.2494188414,0.0,3074.0993782944665,1415833.348797136,1361440.9761094803,0.0,8.0,70.0,19,True
2024-07-01,USD_CASH,cash,Cash,CASH_RETURN,2333795.8102432974,0.0,0.0,2336288.961482348,2269068.2935158005,0.0,0.0,0.0,19,True
2024-07-01,EURUSD_OVERLAY,fx_forward,FX,EURUSD_RETURN,0.0,705096.9779262339,2493.151239050667,0.0,0.0,680720.4880547401,0.0,0.0,19,True
2024-07-02,SPY,etf,US Equity,SPY_RETURN,1815254.6348126405,0.0,-32210.927672138692,1783043.7071405018,1783043.7071405018,0.0,0.0,0.0,19,False
2024-07-02,QQQ,etf,US Equity,QQQ_RETURN,907627.3174063202,0.0,-20693.20700909679,886934.1103972235,886934.1103972235,0.0,0.0,0.0,19,False
2024-07-02,EFA,etf,International Equity,EFA_RETURN,907627.3174063202,0.0,-10030.731969308716,897596.5854370116,897596.5854370116,0.0,0.0,0.0,19,False
2024-07-02,GLD,etf,Commodity,GLD_RETURN,453813.6587031601,0.0,-1641.2426482698265,452172.4160548903,452172.4160548903,0.0,0.0,0.0,19,False
2024-07-02,US5Y,bond,Rates,DGS5_CHANGE,1361440.9761094803,0.0,1395.6730099991594,1362836.6491194793,1362836.6491194793,0.0,4.5,22.0,19,False
2024-07-02,US10Y,bond,Rates,DGS10_CHANGE,1361440.9761094803,0.0,5151.069452552383,1366592.0455620326,1366592.0455620326,0.0,8.0,70.0,19,False
2024-07-02,USD_CASH,cash,Cash,CASH_RETURN,2269068.2935158005,0.0,0.0,2274052.5657341806,2274052.5657341806,0.0,0.0,0.0,19,False
2024-07-02,EURUSD_OVERLAY,fx_forward,FX,EURUSD_RETURN,0.0,680720.4880547401,4984.272218379951,0.0,0.0,680720.4880547401,0.0,0.0,19,False
2024-07-03,SPY,etf,US Equity,SPY_RETURN,1783043.7071405018,0.0,-11650.74340843282,1771392.963732069,1771392.963732069,0.0,0.0,0.0,19,False
2024-07-03,QQQ,etf,US Equity,QQQ_RETURN,886934.1103972235,0.0,6083.645006141811,893017.7554033654,893017.7554033654,0.0,0.0,0.0,19,False
2024-07-03,EFA,etf,International Equity,EFA_RETURN,897596.5854370116,0.0,-1969.9315777477484,895626.6538592638,895626.6538592638,0.0,0.0,0.0,19,False
2024-07-03,GLD,etf,Commodity,GLD_RETURN,452172.4160548903,0.0,-1660.1997549115774,450512.2162999787,450512.2162999787,0.0,0.0,0.0,19,False
2024-07-03,US5Y,bond,Rates,DGS5_CHANGE,1362836.6491194793,0.0,5409.899367910905,1368246.5484873902,1368246.5484873902,0.0,4.5,22.0,19,False
2024-07-03,US10Y,bond,Rates,DGS10_CHANGE,1366592.0455620326,0.0,9490.561363369763,1376082.6069254023,1376082.6069254023,0.0,8.0,70.0,19,False
2024-07-03,USD_CASH,cash,Cash,CASH_RETURN,2274052.5657341806,0.0,0.0,2274433.0133850747,2274433.0133850747,0.0,0.0,0.0,19,False
2024-07-03,EURUSD_OVERLAY,fx_forward,FX,EURUSD_RETURN,0.0,680720.4880547401,380.447650893874,0.0,0.0,680720.4880547401,0.0,0.0,19,False
2024-07-04,SPY,etf,US Equity,SPY_RETURN,1771392.963732069,0.0,-12454.231542591866,1758938.732189477,1758938.732189477,0.0,0.0,0.0,19,False
2024-07-04,QQQ,etf,US Equity,QQQ_RETURN,893017.7554033654,0.0,-1011.3499315412997,892006.4054718241,892006.4054718241,0.0,0.0,0.0,19,False
2024-07-04,EFA,etf,International Equity,EFA_RETURN,895626.6538592638,0.0,-2389.094433992283,893237.5594252715,893237.5594252715,0.0,0.0,0.0,19,False
2024-07-04,GLD,etf,Commodity,GLD_RETURN,450512.2162999787,0.0,1720.2512118092966,452232.467511788,452232.467511788,0.0,0.0,0.0,19,False
2024-07-04,US5Y,bond,Rates,DGS5_CHANGE,1368246.5484873902,0.0,1336.9143949489237,1369583.462882339,1369583.462882339,0.0,4.5,22.0,19,False
2024-07-04,US10Y,bond,Rates,DGS10_CHANGE,1376082.6069254023,0.0,1927.2253305200156,1378009.8322559223,1378009.8322559223,0.0,8.0,70.0,19,False
2024-07-04,USD_CASH,cash,Cash,CASH_RETURN,2274433.0133850747,0.0,0.0,2272764.5785689703,2272764.5785689703,0.0,0.0,0.0,19,False
2024-07-04,EURUSD_OVERLAY,fx_forward,FX,EURUSD_RETURN,0.0,680720.4880547401,-1668.4348161045834,0.0,0.0,680720.4880547401,0.0,0.0,19,False
2024-07-05,SPY,etf,US Equity,SPY_RETURN,1758938.732189477,0.0,651.5633273652173,1759590.2955168423,1759590.2955168423,0.0,0.0,0.0,19,False
2024-07-05,QQQ,etf,US Equity,QQQ_RETURN,892006.4054718241,0.0,2038.5080652610757,894044.9135370852,894044.9135370852,0.0,0.0,0.0,19,False
2024-07-05,EFA,etf,International Equity,EFA_RETURN,893237.5594252715,0.0,3706.9777570146725,896944.5371822861,896944.5371822861,0.0,0.0,0.0,19,False
2024-07-05,GLD,etf,Commodity,GLD_RETURN,452232.467511788,0.0,896.5134697710845,453128.9809815591,453128.9809815591,0.0,0.0,0.0,19,False
2024-07-05,US5Y,bond,Rates,DGS5_CHANGE,1369583.462882339,0.0,2230.4039348161573,1371813.8668171552,1371813.8668171552,0.0,4.5,22.0,19,False
2024-07-05,US10Y,bond,Rates,DGS10_CHANGE,1378009.8322559223,0.0,3186.010274279024,1381195.8425302012,1381195.8425302012,0.0,8.0,70.0,19,False
2024-07-05,USD_CASH,cash,Cash,CASH_RETURN,2272764.5785689703,0.0,0.0,2270413.958317536,2270413.958317536,0.0,0.0,0.0,19,False
2024-07-05,EURUSD_OVERLAY,fx_forward,FX,EURUSD_RETURN,0.0,680720.4880547401,-2350.6202514345273,0.0,0.0,680720.4880547401,0.0,0.0,19,False
2024-07-08,SPY,etf,US Equity,SPY_RETURN,1759590.2955168423,0.0,13418.545345986708,1773008.840862829,1773008.840862829,0.0,0.0,0.0,19,False
2024-07-08,QQQ,etf,US Equity,QQQ_RETURN,894044.9135370852,0.0,5127.849815823089,899172.7633529083,899172.7633529083,0.0,0.0,0.0,19,False
2024-07-08,EFA,etf,International Equity,EFA_RETURN,896944.5371822861,0.0,9686.75579774062,906631.2929800268,906631.2929800268,0.0,0.0,0.0,19,False
2024-07-08,GLD,etf,Commodity,GLD_RETURN,453128.9809815591,0.0,1242.3159446447157,454371.2969262038,454371.2969262038,0.0,0.0,0.0,19,False
2024-07-08,US5Y,bond,Rates,DGS5_CHANGE,1371813.8668171552,0.0,-1050.7469829866648,1370763.1198341686,1370763.1198341686,0.0,4.5,22.0,19,False
2024-07-08,US10Y,bond,Rates,DGS10_CHANGE,1381195.8425302012,0.0,-2036.8505791017506,1379158.9919510994,1379158.9919510994,0.0,8.0,70.0,19,False
2024-07-08,USD_CASH,cash,Cash,CASH_RETURN,2270413.958317536,0.0,0.0,2271350.3477858654,2271350.3477858654,0.0,0.0,0.0,19,False
2024-07-08,EURUSD_OVERLAY,fx_forward,FX,EURUSD_RETURN,0.0,680720.4880547401,936.3894683292805,0.0,0.0,680720.4880547401,0.0,0.0,19,False
2024-07-09,SPY,etf,US Equity,SPY_RETURN,1773008.840862829,0.0,-1002.640072657434,1772006.2007901715,1772006.2007901715,0.0,0.0,0.0,19,False
2024-07-09,QQQ,etf,US Equity,QQQ_RETURN,899172.7633529083,0.0,-6059.029464143048,893113.7338887652,893113.7338887652,0.0,0.0,0.0,19,False
2024-07-09,EFA,etf,International Equity,EFA_RETURN,906631.2929800268,0.0,-11750.210086653165,894881.0828933737,894881.0828933737,0.0,0.0,0.0,19,False
2024-07-09,GLD,etf,Commodity,GLD_RETURN,454371.2969262038,0.0,5121.437189172482,459492.7341153763,459492.7341153763,0.0,0.0,0.0,19,False
2024-07-09,US5Y,bond,Rates,DGS5_CHANGE,1370763.1198341686,0.0,-1739.341512717823,1369023.7783214508,1369023.7783214508,0.0,4.5,22.0,19,False
2024-07-09,US10Y,bond,Rates,DGS10_CHANGE,1379158.9919510994,0.0,-1604.8875859202185,1377554.104365179,1377554.104365179,0.0,8.0,70.0,19,False
2024-07-09,USD_CASH,cash,Cash,CASH_RETURN,2271350.3477858654,0.0,0.0,2270608.0199745866,2270608.0199745866,0.0,0.0,0.0,19,False
2024-07-09,EURUSD_OVERLAY,fx_forward,FX,EURUSD_RETURN,0.0,680720.4880547401,-742.3278112790043,0.0,0.0,680720.4880547401,0.0,0.0,19,False
2024-07-10,SPY,etf,US Equity,SPY_RETURN,1772006.2007901715,0.0,7704.267394956352,1779710.468185128,1779710.468185128,0.0,0.0,0.0,19,False
2024-07-10,QQQ,etf,US Equity,QQQ_RETURN,893113.7338887652,0.0,5803.353190859381,898917.0870796246,898917.0870796246,0.0,0.0,0.0,19,False
2024-07-10,EFA,etf,International Equity,EFA_RETURN,894881.0828933737,0.0,7657.479786950135,902538.5626803238,902538.5626803238,0.0,0.0,0.0,19,False
2024-07-10,GLD,etf,Commodity,GLD_RETURN,459492.7341153763,0.0,4581.9231950033645,464074.65731037967,464074.65731037967,0.0,0.0,0.0,19,False
2024-07-10,US5Y,bond,Rates,DGS5_CHANGE,1369023.7783214508,0.0,1092.9976077629012,1370116.7759292137,1370116.7759292137,0.0,4.5,22.0,19,False
2024-07-10,US10Y,bond,Rates,DGS10_CHANGE,1377554.104365179,0.0,-3110.226955372732,1374443.8774098062,1374443.8774098062,0.0,8.0,70.0,19,False
2024-07-10,USD_CASH,cash,Cash,CASH_RETURN,2270608.0199745866,0.0,0.0,2272389.2499619555,2272389.2499619555,0.0,0.0,0.0,19,False
2024-07-10,EURUSD_OVERLAY,fx_forward,FX,EURUSD_RETURN,0.0,680720.4880547401,1781.2299873687728,0.0,0.0,680720.4880547401,0.0,0.0,19,False
2024-07-11,SPY,etf,US Equity,SPY_RETURN,1779710.468185128,0.0,-3537.8254906687807,1776172.642694459,1776172.642694459,0.0,0.0,0.0,19,False
2024-07-11,QQQ,etf,US Equity,QQQ_RETURN,898917.0870796246,0.0,3529.1912280794772,902446.2783077041,902446.2783077041,0.0,0.0,0.0,19,False
2024-07-11,EFA,etf,International Equity,EFA_RETURN,902538.5626803238,0.0,3901.1895702177976,906439.7522505416,906439.7522505416,0.0,0.0,0.0,19,False
2024-07-11,GLD,etf,Commodity,GLD_RETURN,464074.65731037967,0.0,1901.057383116081,465975.7146934958,465975.7146934958,0.0,0.0,0.0,19,False
2024-07-11,US5Y,bond,Rates,DGS5_CHANGE,1370116.7759292137,0.0,366.57301204658364,1370483.3489412603,1370483.3489412603,0.0,4.5,22.0,19,False
2024-07-11,US10Y,bond,Rates,DGS10_CHANGE,1374443.8774098062,0.0,43.766925608360914,1374487.6443354145,1374487.6443354145,0.0,8.0,70.0,19,False
2024-07-11,USD_CASH,cash,Cash,CASH_RETURN,2272389.2499619555,0.0,0.0,2270182.428775859,2270182.428775859,0.0,0.0,0.0,19,False
2024-07-11,EURUSD_OVERLAY,fx_forward,FX,EURUSD_RETURN,0.0,680720.4880547401,-2206.8211860962865,0.0,0.0,680720.4880547401,0.0,0.0,19,False
2024-07-12,SPY,etf,US Equity,SPY_RETURN,1776172.642694459,0.0,2120.5136427002194,1778293.1563371592,1778293.1563371592,0.0,0.0,0.0,19,False
2024-07-12,QQQ,etf,US Equity,QQQ_RETURN,902446.2783077041,0.0,5305.783321973176,907752.0616296773,907752.0616296773,0.0,0.0,0.0,19,False
2024-07-12,EFA,etf,International Equity,EFA_RETURN,906439.7522505416,0.0,-3987.3806910896988,902452.3715594519,902452.3715594519,0.0,0.0,0.0,19,False
2024-07-12,GLD,etf,Commodity,GLD_RETURN,465975.7146934958,0.0,2673.550557611833,468649.26525110763,468649.26525110763,0.0,0.0,0.0,19,False
2024-07-12,US5Y,bond,Rates,DGS5_CHANGE,1370483.3489412603,0.0,606.5931477711317,1371089.9420890315,1371089.9420890315,0.0,4.5,22.0,19,False
2024-07-12,US10Y,bond,Rates,DGS10_CHANGE,1374487.6443354145,0.0,3938.242209275248,1378425.8865446898,1378425.8865446898,0.0,8.0,70.0,19,False
2024-07-12,USD_CASH,cash,Cash,CASH_RETURN,2270182.428775859,0.0,0.0,2267265.5825075353,2267265.5825075353,0.0,0.0,0.0,19,False
2024-07-12,EURUSD_OVERLAY,fx_forward,FX,EURUSD_RETURN,0.0,680720.4880547401,-2916.846268323539,0.0,0.0,680720.4880547401,0.0,0.0,19,False
2024-07-15,SPY,etf,US Equity,SPY_RETURN,1778293.1563371592,0.0,19371.677512518167,1797664.8338496774,1797664.8338496774,0.0,0.0,0.0,19,False
2024-07-15,QQQ,etf,US Equity,QQQ_RETURN,907752.0616296773,0.0,14240.906074772198,921992.9677044495,921992.9677044495,0.0,0.0,0.0,19,False
2024-07-15,EFA,etf,International Equity,EFA_RETURN,902452.3715594519,0.0,7238.295607603093,909690.667167055,909690.667167055,0.0,0.0,0.0,19,False
2024-07-15,GLD,etf,Commodity,GLD_RETURN,468649.26525110763,0.0,2946.746868972249,471596.0121200799,471596.0121200799,0.0,0.0,0.0,19,False
2024-07-15,US5Y,bond,Rates,DGS5_CHANGE,1371089.9420890315,0.0,-187.2712108573746,1370902.670878174,1370902.670878174,0.0,4.5,22.0,19,False
2024-07-15,US10Y,bond,Rates,DGS10_CHANGE,1378425.8865446898,0.0,-2169.2310200651973,1376256.6555246245,1376256.6555246245,0.0,8.0,70.0,19,False
2024-07-15,USD_CASH,cash,Cash,CASH_RETURN,2267265.5825075353,0.0,0.0,2270432.3431694605,2270432.3431694605,0.0,0.0,0.0,19,False
2024-07-15,EURUSD_OVERLAY,fx_forward,FX,EURUSD_RETURN,0.0,680720.4880547401,3166.7606619251346,0.0,0.0,680720.4880547401,0.0,0.0,19,False
2024-07-16,SPY,etf,US Equity,SPY_RETURN,1797664.8338496774,0.0,9977.73660410086,1807642.5704537781,1807642.5704537781,0.0,0.0,0.0,19,False
2024-07-16,QQQ,etf,US Equity,QQQ_RETURN,921992.9677044495,0.0,6853.295820449108,928846.2635248987,928846.2635248987,0.0,0.0,0.0,19,False
2024-07-16,EFA,etf,International Equity,EFA_RETURN,909690.667167055,0.0,8627.701001630678,918318.3681686856,918318.3681686856,0.0,0.0,0.0,19,False
2024-07-16,GLD,etf,Commodity,GLD_RETURN,471596.0121200799,0.0,-3202.239419789657,468393.77270029025,468393.77270029025,0.0,0.0,0.0,19,False
2024-07-16,US5Y,bond,Rates,DGS5_CHANGE,1370902.670878174,0.0,450.32034705739375,1371352.9912252314,1371352.9912252314,0.0,4.5,22.0,19,False
2024-07-16,US10Y,bond,Rates,DGS10_CHANGE,1376256.6555246245,0.0,297.7696195784655,1376554.425144203,1376554.425144203,0.0,8.0,70.0,19,False
2024-07-16,USD_CASH,cash,Cash,CASH_RETURN,2270432.3431694605,0.0,0.0,2280314.591890612,2280314.591890612,0.0,0.0,0.0,19,False
2024-07-16,EURUSD_OVERLAY,fx_forward,FX,EURUSD_RETURN,0.0,680720.4880547401,9882.248721151716,0.0,0.0,680720.4880547401,0.0,0.0,19,False
2024-07-17,SPY,etf,US Equity,SPY_RETURN,1807642.5704537781,0.0,-10718.340622054642,1796924.2298317235,1796924.2298317235,0.0,0.0,0.0,19,False
2024-07-17,QQQ,etf,US Equity,QQQ_RETURN,928846.2635248987,0.0,-7430.467929600795,921415.7955952979,921415.7955952979,0.0,0.0,0.0,19,False
2024-07-17,EFA,etf,International Equity,EFA_RETURN,918318.3681686856,0.0,-10125.464725358786,908192.9034433268,908192.9034433268,0.0,0.0,0.0,19,False
2024-07-17,GLD,etf,Commodity,GLD_RETURN,468393.77270029025,0.0,2902.484504490906,471296.25720478117,471296.25720478117,0.0,0.0,0.0,19,False
2024-07-17,US5Y,bond,Rates,DGS5_CHANGE,1371352.9912252314,0.0,-2536.6281855757884,1368816.3630396556,1368816.3630396556,0.0,4.5,22.0,19,False
2024-07-17,US10Y,bond,Rates,DGS10_CHANGE,1376554.425144203,0.0,-5771.118224475133,1370783.306919728,1370783.306919728,0.0,8.0,70.0,19,False
2024-07-17,USD_CASH,cash,Cash,CASH_RETURN,2280314.591890612,0.0,0.0,2276217.3592742006,2276217.3592742006,0.0,0.0,0.0,19,False
2024-07-17,EURUSD_OVERLAY,fx_forward,FX,EURUSD_RETURN,0.0,680720.4880547401,-4097.232616411686,0.0,0.0,680720.4880547401,0.0,0.0,19,False
2024-07-18,SPY,etf,US Equity,SPY_RETURN,1796924.2298317235,0.0,21620.897383589807,1818545.1272153133,1818545.1272153133,0.0,0.0,0.0,19,False
2024-07-18,QQQ,etf,US Equity,QQQ_RETURN,921415.7955952979,0.0,8562.102244993444,929977.8978402914,929977.8978402914,0.0,0.0,0.0,19,False
2024-07-18,EFA,etf,International Equity,EFA_RETURN,908192.9034433268,0.0,11244.465357303372,919437.3688006302,919437.3688006302,0.0,0.0,0.0,19,False
2024-07-18,GLD,etf,Commodity,GLD_RETURN,471296.25720478117,0.0,4351.690562415726,475647.9477671969,475647.9477671969,0.0,0.0,0.0,19,False
2024-07-18,US5Y,bond,Rates,DGS5_CHANGE,1368816.3630396556,0.0,2540.4564244337903,1371356.8194640893,1371356.8194640893,0.0,4.5,22.0,19,False
2024-07-18,US10Y,bond,Rates,DGS10_CHANGE,1370783.306919728,0.0,5318.3332631076955,1376101.6401828357,1376101.6401828357,0.0,8.0,70.0,19,False
2024-07-18,USD_CASH,cash,Cash,CASH_RETURN,2276217.3592742006,0.0,0.0,2279850.5738690547,2279850.5738690547,0.0,0.0,0.0,19,False
2024-07-18,EURUSD_OVERLAY,fx_forward,FX,EURUSD_RETURN,0.0,680720.4880547401,3633.2145948538364,0.0,0.0,680720.4880547401,0.0,0.0,19,False
2024-07-19,SPY,etf,US Equity,SPY_RETURN,1818545.1272153133,0.0,-17198.12969966125,1801346.997515652,1801346.997515652,0.0,0.0,0.0,19,False
2024-07-19,QQQ,etf,US Equity,QQQ_RETURN,929977.8978402914,0.0,-1927.4121123363639,928050.485727955,928050.485727955,0.0,0.0,0.0,19,False
2024-07-19,EFA,etf,International Equity,EFA_RETURN,919437.3688006302,0.0,2373.6568781036563,921811.0256787338,921811.0256787338,0.0,0.0,0.0,19,False
2024-07-19,GLD,etf,Commodity,GLD_RETURN,475647.9477671969,0.0,6416.317425595754,482064.2651927927,482064.2651927927,0.0,0.0,0.0,19,False
2024-07-19,US5Y,bond,Rates,DGS5_CHANGE,1371356.8194640893,0.0,-319.1865370451303,1371037.6329270443,1371037.6329270443,0.0,4.5,22.0,19,False
2024-07-19,US10Y,bond,Rates,DGS10_CHANGE,1376101.6401828357,0.0,-829.5963331107371,1375272.043849725,1375272.043849725,0.0,8.0,70.0,19,False
2024-07-19,USD_CASH,cash,Cash,CASH_RETURN,2279850.5738690547,0.0,0.0,2281537.5419651377,2281537.5419651377,0.0,0.0,0.0,19,False
2024-07-19,EURUSD_OVERLAY,fx_forward,FX,EURUSD_RETURN,0.0,680720.4880547401,1686.9680960831645,0.0,0.0,680720.4880547401,0.0,0.0,19,False
2024-07-22,SPY,etf,US Equity,SPY_RETURN,1801346.997515652,0.0,1975.7947088811868,1803322.7922245334,1803322.7922245334,0.0,0.0,0.0,19,False
2024-07-22,QQQ,etf,US Equity,QQQ_RETURN,928050.485727955,0.0,5160.252062022252,933210.7377899772,933210.7377899772,0.0,0.0,0.0,19,False
2024-07-22,EFA,etf,International Equity,EFA_RETURN,921811.0256787338,0.0,4933.194478780756,926744.2201575146,926744.2201575146,0.0,0.0,0.0,19,False
2024-07-22,GLD,etf,Commodity,GLD_RETURN,482064.2651927927,0.0,2409.2220134897075,484473.4872062824,484473.4872062824,0.0,0.0,0.0,19,False
2024-07-22,US5Y,bond,Rates,DGS5_CHANGE,1371037.6329270443,0.0,868.2202426632546,1371905.8531697076,1371905.8531697076,0.0,4.5,22.0,19,False
2024-07-22,US10Y,bond,Rates,DGS10_CHANGE,1375272.043849725,0.0,4652.76244470599,1379924.806294431,1379924.806294431,0.0,8.0,70.0,19,False
2024-07-22,USD_CASH,cash,Cash,CASH_RETURN,2281537.5419651377,0.0,0.0,2282789.935445567,2282789.935445567,0.0,0.0,0.0,19,False
2024-07-22,EURUSD_OVERLAY,fx_forward,FX,EURUSD_RETURN,0.0,680720.4880547401,1252.393480429435,0.0,0.0,680720.4880547401,0.0,0.0,19,False
2024-07-23,SPY,etf,US Equity,SPY_RETURN,1803322.7922245334,0.0,-2127.1193025007747,1801195.6729220327,1801195.6729220327,0.0,0.0,0.0,19,False
2024-07-23,QQQ,etf,US Equity,QQQ_RETURN,933210.7377899772,0.0,-11001.380928130511,922209.3568618468,922209.3568618468,0.0,0.0,0.0,19,False
2024-07-23,EFA,etf,International Equity,EFA_RETURN,926744.2201575146,0.0,-8113.229254003461,918630.9909035111,918630.9909035111,0.0,0.0,0.0,19,False
2024-07-23,GLD,etf,Commodity,GLD_RETURN,484473.4872062824,0.0,-2681.713692778115,481791.77351350425,481791.77351350425,0.0,0.0,0.0,19,False
2024-07-23,US5Y,bond,Rates,DGS5_CHANGE,1371905.8531697076,0.0,-1126.634733828311,1370779.2184358793,1370779.2184358793,0.0,4.5,22.0,19,False
2024-07-23,US10Y,bond,Rates,DGS10_CHANGE,1379924.806294431,0.0,-1137.1448047838524,1378787.661489647,1378787.661489647,0.0,8.0,70.0,19,False
2024-07-23,USD_CASH,cash,Cash,CASH_RETURN,2282789.935445567,0.0,0.0,2280006.2691780967,2280006.2691780967,0.0,0.0,0.0,19,False
2024-07-23,EURUSD_OVERLAY,fx_forward,FX,EURUSD_RETURN,0.0,680720.4880547401,-2783.666267470332,0.0,0.0,680720.4880547401,0.0,0.0,19,False
2024-07-24,SPY,etf,US Equity,SPY_RETURN,1801195.6729220327,0.0,-32855.12103392875,1768340.5518881038,1768340.5518881038,0.0,0.0,0.0,19,False
2024-07-24,QQQ,etf,US Equity,QQQ_RETURN,922209.3568618468,0.0,-14285.655250884996,907923.7016109618,907923.7016109618,0.0,0.0,0.0,19,False
2024-07-24,EFA,etf,International Equity,EFA_RETURN,918630.9909035111,0.0,-7821.835309467394,910809.1555940437,910809.1555940437,0.0,0.0,0.0,19,False
2024-07-24,GLD,etf,Commodity,GLD_RETURN,481791.77351350425,0.0,-4299.171963531492,477492.6015499728,477492.6015499728,0.0,0.0,0.0,19,False
2024-07-24,US5Y,bond,Rates,DGS5_CHANGE,1370779.2184358793,0.0,3991.6010204684335,1374770.8194563477,1374770.8194563477,0.0,4.5,22.0,19,False
2024-07-24,US10Y,bond,Rates,DGS10_CHANGE,1378787.661489647,0.0,15521.196801950404,1394308.8582915976,1394308.8582915976,0.0,8.0,70.0,19,False
2024-07-24,USD_CASH,cash,Cash,CASH_RETURN,2280006.2691780967,0.0,0.0,2279136.973521043,2279136.973521043,0.0,0.0,0.0,19,False
2024-07-24,EURUSD_OVERLAY,fx_forward,FX,EURUSD_RETURN,0.0,680720.4880547401,-869.2956570536103,0.0,0.0,680720.4880547401,0.0,0.0,19,False
2024-07-25,SPY,etf,US Equity,SPY_RETURN,1768340.5518881038,0.0,11720.048503176802,1780060.6003912806,1780060.6003912806,0.0,0.0,0.0,19,False
2024-07-25,QQQ,etf,US Equity,QQQ_RETURN,907923.7016109618,0.0,12047.859926072791,919971.5615370346,919971.5615370346,0.0,0.0,0.0,19,False
2024-07-25,EFA,etf,International Equity,EFA_RETURN,910809.1555940437,0.0,21905.444818075994,932714.6004121196,932714.6004121196,0.0,0.0,0.0,19,False
2024-07-25,GLD,etf,Commodity,GLD_RETURN,477492.6015499728,0.0,-7626.055670319243,469866.54587965354,469866.54587965354,0.0,0.0,0.0,19,False
2024-07-25,US5Y,bond,Rates,DGS5_CHANGE,1374770.8194563477,0.0,-1957.984714974102,1372812.8347413735,1372812.8347413735,0.0,4.5,22.0,19,False
2024-07-25,US10Y,bond,Rates,DGS10_CHANGE,1394308.8582915976,0.0,1528.844339725251,1395837.702631323,1395837.702631323,0.0,8.0,70.0,19,False
2024-07-25,USD_CASH,cash,Cash,CASH_RETURN,2279136.973521043,0.0,0.0,2281180.4098826735,2281180.4098826735,0.0,0.0,0.0,19,False
2024-07-25,EURUSD_OVERLAY,fx_forward,FX,EURUSD_RETURN,0.0,680720.4880547401,2043.4363616306682,0.0,0.0,680720.4880547401,0.0,0.0,19,False
2024-07-26,SPY,etf,US Equity,SPY_RETURN,1780060.6003912806,0.0,7909.204098402756,1787969.8044896834,1787969.8044896834,0.0,0.0,0.0,19,False
2024-07-26,QQQ,etf,US Equity,QQQ_RETURN,919971.5615370346,0.0,3718.1506027107334,923689.7121397454,923689.7121397454,0.0,0.0,0.0,19,False
2024-07-26,EFA,etf,International Equity,EFA_RETURN,932714.6004121196,0.0,1838.3924925494316,934552.992904669,934552.992904669,0.0,0.0,0.0,19,False
2024-07-26,GLD,etf,Commodity,GLD_RETURN,469866.54587965354,0.0,-2177.7849062661785,467688.76097338734,467688.76097338734,0.0,0.0,0.0,19,False
2024-07-26,US5Y,bond,Rates,DGS5_CHANGE,1372812.8347413735,0.0,-407.56516191607966,1372405.2695794574,1372405.2695794574,0.0,4.5,22.0,19,False
2024-07-26,US10Y,bond,Rates,DGS10_CHANGE,1395837.702631323,0.0,-7097.8853474524685,1388739.8172838704,1388739.8172838704,0.0,8.0,70.0,19,False
2024-07-26,USD_CASH,cash,Cash,CASH_RETURN,2281180.4098826735,0.0,0.0,2281909.696671539,2281909.696671539,0.0,0.0,0.0,19,False
2024-07-26,EURUSD_OVERLAY,fx_forward,FX,EURUSD_RETURN,0.0,680720.4880547401,729.2867888655132,0.0,0.0,680720.4880547401,0.0,0.0,19,False
2024-07-29,SPY,etf,US Equity,SPY_RETURN,1787969.8044896834,0.0,4732.394381836049,1792702.1988715194,1792702.1988715194,0.0,0.0,0.0,19,False
2024-07-29,QQQ,etf,US Equity,QQQ_RETURN,923689.7121397454,0.0,17249.554566252475,940939.2667059979,940939.2667059979,0.0,0.0,0.0,19,False
2024-07-29,EFA,etf,International Equity,EFA_RETURN,934552.992904669,0.0,1219.2932030514646,935772.2861077205,935772.2861077205,0.0,0.0,0.0,19,False
2024-07-29,GLD,etf,Commodity,GLD_RETURN,467688.76097338734,0.0,1225.123860874605,468913.88483426196,468913.88483426196,0.0,0.0,0.0,19,False
2024-07-29,US5Y,bond,Rates,DGS5_CHANGE,1372405.2695794574,0.0,-5318.004312360304,1367087.2652670972,1367087.2652670972,0.0,4.5,22.0,19,False
2024-07-29,US10Y,bond,Rates,DGS10_CHANGE,1388739.8172838704,0.0,-6740.974826181983,1381998.8424576884,1381998.8424576884,0.0,8.0,70.0,19,False
2024-07-29,USD_CASH,cash,Cash,CASH_RETURN,2281909.696671539,0.0,0.0,2277682.889325211,2277682.889325211,0.0,0.0,0.0,19,False
2024-07-29,EURUSD_OVERLAY,fx_forward,FX,EURUSD_RETURN,0.0,680720.4880547401,-4226.80734632827,0.0,0.0,680720.4880547401,0.0,0.0,19,False
2024-07-30,SPY,etf,US Equity,SPY_RETURN,1792702.1988715194,0.0,-12775.530328515162,1779926.6685430042,1779926.6685430042,0.0,0.0,0.0,19,False
2024-07-30,QQQ,etf,US Equity,QQQ_RETURN,940939.2667059979,0.0,1583.4452006793251,942522.7119066772,942522.7119066772,0.0,0.0,0.0,19,False
2024-07-30,EFA,etf,International Equity,EFA_RETURN,935772.2861077205,0.0,-8225.619061413327,927546.6670463071,927546.6670463071,0.0,0.0,0.0,19,False
2024-07-30,GLD,etf,Commodity,GLD_RETURN,468913.88483426196,0.0,1315.0817923394115,470228.96662660135,470228.96662660135,0.0,0.0,0.0,19,False
2024-07-30,US5Y,bond,Rates,DGS5_CHANGE,1367087.2652670972,0.0,-1033.8603873092309,1366053.404879788,1366053.404879788,0.0,4.5,22.0,19,False
2024-07-30,US10Y,bond,Rates,DGS10_CHANGE,1381998.8424576884,0.0,-2637.2978545095966,1379361.5446031787,1379361.5446031787,0.0,8.0,70.0,19,False
2024-07-30,USD_CASH,cash,Cash,CASH_RETURN,2277682.889325211,0.0,0.0,2275493.714368975,2275493.714368975,0.0,0.0,0.0,19,False
2024-07-30,EURUSD_OVERLAY,fx_forward,FX,EURUSD_RETURN,0.0,680720.4880547401,-2189.174956236062,0.0,0.0,680720.4880547401,0.0,0.0,19,False
2024-07-31,SPY,etf,US Equity,SPY_RETURN,1779926.6685430042,0.0,7739.92453415688,1787666.5930771611,1787666.5930771611,0.0,0.0,0.0,19,False
2024-07-31,QQQ,etf,US Equity,QQQ_RETURN,942522.7119066772,0.0,-2533.0209094347265,939989.6909972425,939989.6909972425,0.0,0.0,0.0,19,False
2024-07-31,EFA,etf,International Equity,EFA_RETURN,927546.6670463071,0.0,3995.597155754244,931542.2642020613,931542.2642020613,0.0,0.0,0.0,19,False
2024-07-31,GLD,etf,Commodity,GLD_RETURN,470228.96662660135,0.0,7275.3287861614,477504.29541276273,477504.29541276273,0.0,0.0,0.0,19,False
2024-07-31,US5Y,bond,Rates,DGS5_CHANGE,1366053.404879788,0.0,-800.4173240693448,1365252.9875557185,1365252.9875557185,0.0,4.5,22.0,19,False
2024-07-31,US10Y,bond,Rates,DGS10_CHANGE,1379361.5446031787,0.0,-3372.2563664653007,1375989.2882367135,1375989.2882367135,0.0,8.0,70.0,19,False
2024-07-31,USD_CASH,cash,Cash,CASH_RETURN,2275493.714368975,0.0,0.0,2279947.3353874967,2279947.3353874967,0.0,0.0,0.0,19,False
2024-07-31,EURUSD_OVERLAY,fx_forward,FX,EURUSD_RETURN,0.0,680720.4880547401,4453.621018521825,0.0,0.0,680720.4880547401,0.0,0.0,19,False
2024-08-01,SPY,etf,US Equity,SPY_RETURN,1787666.5930771611,0.0,21924.184561078982,1809590.77763824,1842166.5673191824,0.0,0.0,0.0,20,True
2024-08-01,QQQ,etf,US Equity,QQQ_RETURN,939989.6909972425,0.0,10773.059542802708,950762.7505400452,921083.2836595912,0.0,0.0,0.0,20,True
2024-08-01,EFA,etf,International Equity,EFA_RETURN,931542.2642020613,0.0,-6774.789184472687,924767.4750175887,921083.2836595912,0.0,0.0,0.0,20,True
2024-08-01,GLD,etf,Commodity,GLD_RETURN,477504.29541276273,0.0,-2567.5152729291667,474936.7801398336,460541.6418297956,0.0,0.0,0.0,20,True
2024-08-01,US5Y,bond,Rates,DGS5_CHANGE,1365252.9875557185,0.0,11227.94518110463,1376480.932736823,1381624.9254893868,0.0,4.5,22.0,20,True
2024-08-01,US10Y,bond,Rates,DGS10_CHANGE,1375989.2882367135,0.0,25025.3799652951,1401014.6682020086,1381624.9254893868,0.0,8.0,70.0,20,True
2024-08-01,USD_CASH,cash,Cash,CASH_RETURN,2279947.3353874967,0.0,0.0,2273279.4523213725,2302708.209148978,0.0,0.0,0.0,20,True
2024-08-01,EURUSD_OVERLAY,fx_forward,FX,EURUSD_RETURN,0.0,680720.4880547401,-6667.88306612422,0.0,0.0,690812.4627446934,0.0,0.0,20,True
2024-08-02,SPY,etf,US Equity,SPY_RETURN,1842166.5673191824,0.0,-21702.856786775028,1820463.7105324075,1820463.7105324075,0.0,0.0,0.0,20,False
2024-08-02,QQQ,etf,US Equity,QQQ_RETURN,921083.2836595912,0.0,-11380.411059785463,909702.8725998057,909702.8725998057,0.0,0.0,0.0,20,False
2024-08-02,EFA,etf,International Equity,EFA_RETURN,921083.2836595912,0.0,-7204.47015889467,913878.8135006966,913878.8135006966,0.0,0.0,0.0,20,False
2024-08-02,GLD,etf,Commodity,GLD_RETURN,460541.6418297956,0.0,2433.2316364326766,462974.8734662283,462974.8734662283,0.0,0.0,0.0,20,False
2024-08-02,US5Y,bond,Rates,DGS5_CHANGE,1381624.9254893868,0.0,-512.2181034775112,1381112.7073859093,1381112.7073859093,0.0,4.5,22.0,20,False
2024-08-02,US10Y,bond,Rates,DGS10_CHANGE,1381624.9254893868,0.0,229.4217848329133,1381854.3472742196,1381854.3472742196,0.0,8.0,70.0,20,False
2024-08-02,USD_CASH,cash,Cash,CASH_RETURN,2302708.209148978,0.0,0.0,2297576.8531500828,2297576.8531500828,0.0,0.0,0.0,20,False
2024-08-02,EURUSD_OVERLAY,fx_forward,FX,EURUSD_RETURN,0.0,690812.4627446934,-5131.355998895361,0.0,0.0,690812.4627446934,0.0,0.0,20,False
2024-08-05,SPY,etf,US Equity,SPY_RETURN,1820463.7105324075,0.0,1606.912005781987,1822070.6225381894,1822070.6225381894,0.0,0.0,0.0,20,False
2024-08-05,QQQ,etf,US Equity,QQQ_RETURN,909702.8725998057,0.0,10466.025587013035,920168.8981868187,920168.8981868187,0.0,0.0,0.0,20,False
2024-08-05,EFA,etf,International Equity,EFA_RETURN,913878.8135006966,0.0,-1242.5729142583584,912636.2405864382,912636.2405864382,0.0,0.0,0.0,20,False
2024-08-05,GLD,etf,Commodity,GLD_RETURN,462974.8734662283,0.0,-1345.1462950074933,461629.7271712208,461629.7271712208,0.0,0.0,0.0,20,False
2024-08-05,US5Y,bond,Rates,DGS5_CHANGE,1381112.7073859093,0.0,-213.71085889125544,1380898.996527018,1380898.996527018,0.0,4.5,22.0,20,False
2024-08-05,US10Y,bond,Rates,DGS10_CHANGE,1381854.3472742196,0.0,191.65384283792062,1382046.0011170576,1382046.0011170576,0.0,8.0,70.0,20,False
2024-08-05,USD_CASH,cash,Cash,CASH_RETURN,2297576.8531500828,0.0,0.0,2298011.6579231387,2298011.6579231387,0.0,0.0,0.0,20,False
2024-08-05,EURUSD_OVERLAY,fx_forward,FX,EURUSD_RETURN,0.0,690812.4627446934,434.8047730558618,0.0,0.0,690812.4627446934,0.0,0.0,20,False
2024-08-06,SPY,etf,US Equity,SPY_RETURN,1822070.6225381894,0.0,-3641.250331916521,1818429.3722062728,1818429.3722062728,0.0,0.0,0.0,20,False
2024-08-06,QQQ,etf,US Equity,QQQ_RETURN,920168.8981868187,0.0,-22236.767352945357,897932.1308338733,897932.1308338733,0.0,0.0,0.0,20,False
2024-08-06,EFA,etf,International Equity,EFA_RETURN,912636.2405864382,0.0,1211.0834921800858,913847.3240786183,913847.3240786183,0.0,0.0,0.0,20,False
2024-08-06,GLD,etf,Commodity,GLD_RETURN,461629.7271712208,0.0,-2377.3937719546216,459252.3333992662,459252.3333992662,0.0,0.0,0.0,20,False
2024-08-06,US5Y,bond,Rates,DGS5_CHANGE,1380898.996527018,0.0,5841.25769177098,1386740.254218789,1386740.254218789,0.0,4.5,22.0,20,False
2024-08-06,US10Y,bond,Rates,DGS10_CHANGE,1382046.0011170576,0.0,9484.803561277578,1391530.8046783353,1391530.8046783353,0.0,8.0,70.0,20,False
2024-08-06,USD_CASH,cash,Cash,CASH_RETURN,2298011.6579231387,0.0,0.0,2299419.890797017,2299419.890797017,0.0,0.0,0.0,20,False
2024-08-06,EURUSD_OVERLAY,fx_forward,FX,EURUSD_RETURN,0.0,690812.4627446934,1408.2328738783283,0.0,0.0,690812.4627446934,0.0,0.0,20,False
2024-08-07,SPY,etf,US Equity,SPY_RETURN,1818429.3722062728,0.0,-31936.860161386558,1786492.5120448861,1786492.5120448861,0.0,0.0,0.0,20,False
2024-08-07,QQQ,etf,US Equity,QQQ_RETURN,897932.1308338733,0.0,-7751.782239249383,890180.348594624,890180.348594624,0.0,0.0,0.0,20,False
2024-08-07,EFA,etf,International Equity,EFA_RETURN,913847.3240786183,0.0,-7591.121822306592,906256.2022563118,906256.2022563118,0.0,0.0,0.0,20,False
2024-08-07,GLD,etf,Commodity,GLD_RETURN,459252.3333992662,0.0,-6039.677719411741,453212.65567985445,453212.65567985445,0.0,0.0,0.0,20,False
2024-08-07,US5Y,bond,Rates,DGS5_CHANGE,1386740.254218789,0.0,616.5372566791526,1387356.7914754683,1387356.7914754683,0.0,4.5,22.0,20,False
2024-08-07,US10Y,bond,Rates,DGS10_CHANGE,1391530.8046783353,0.0,1357.2355260498339,1392888.040204385,1392888.040204385,0.0,8.0,70.0,20,False
2024-08-07,USD_CASH,cash,Cash,CASH_RETURN,2299419.890797017,0.0,0.0,2297462.9063013378,2297462.9063013378,0.0,0.0,0.0,20,False
2024-08-07,EURUSD_OVERLAY,fx_forward,FX,EURUSD_RETURN,0.0,690812.4627446934,-1956.9844956794836,0.0,0.0,690812.4627446934,0.0,0.0,20,False
2024-08-08,SPY,etf,US Equity,SPY_RETURN,1786492.5120448861,0.0,-2959.248170334086,1783533.263874552,1783533.263874552,0.0,0.0,0.0,20,False
2024-08-08,QQQ,etf,US Equity,QQQ_RETURN,890180.348594624,0.0,10005.016864180863,900185.3654588049,900185.3654588049,0.0,0.0,0.0,20,False
2024-08-08,EFA,etf,International Equity,EFA_RETURN,906256.2022563118,0.0,4723.297066249647,910979.4993225614,910979.4993225614,0.0,0.0,0.0,20,False
2024-08-08,GLD,etf,Commodity,GLD_RETURN,453212.65567985445,0.0,235.24854495410136,453447.90422480856,453447.90422480856,0.0,0.0,0.0,20,False
2024-08-08,US5Y,bond,Rates,DGS5_CHANGE,1387356.7914754683,0.0,4524.624158863607,1391881.415634332,1391881.415634332,0.0,4.5,22.0,20,False
2024-08-08,US10Y,bond,Rates,DGS10_CHANGE,1392888.040204385,0.0,5921.524827726178,1398809.5650321112,1398809.5650321112,0.0,8.0,70.0,20,False
2024-08-08,USD_CASH,cash,Cash,CASH_RETURN,2297462.9063013378,0.0,0.0,2302007.945123064,2302007.945123064,0.0,0.0,0.0,20,False
2024-08-08,EURUSD_OVERLAY,fx_forward,FX,EURUSD_RETURN,0.0,690812.4627446934,4545.0388217263035,0.0,0.0,690812.4627446934,0.0,0.0,20,False
2024-08-09,SPY,etf,US Equity,SPY_RETURN,1783533.263874552,0.0,2241.8014588891824,1785775.0653334411,1785775.0653334411,0.0,0.0,0.0,20,False
2024-08-09,QQQ,etf,US Equity,QQQ_RETURN,900185.3654588049,0.0,7969.335492382015,908154.7009511869,908154.7009511869,0.0,0.0,0.0,20,False
2024-08-09,EFA,etf,International Equity,EFA_RETURN,910979.4993225614,0.0,6727.3680277550675,917706.8673503165,917706.8673503165,0.0,0.0,0.0,20,False
2024-08-09,GLD,etf,Commodity,GLD_RETURN,453447.90422480856,0.0,-3767.0587716137125,449680.84545319487,449680.84545319487,0.0,0.0,0.0,20,False
2024-08-09,US5Y,bond,Rates,DGS5_CHANGE,1391881.415634332,0.0,208.35701122703986,1392089.772645559,1392089.772645559,0.0,4.5,22.0,20,False
2024-08-09,US10Y,bond,Rates,DGS10_CHANGE,1398809.5650321112,0.0,7498.033838294331,1406307.5988704057,1406307.5988704057,0.0,8.0,70.0,20,False
2024-08-09,USD_CASH,cash,Cash,CASH_RETURN,2302007.945123064,0.0,0.0,2304695.345154246,2304695.345154246,0.0,0.0,0.0,20,False
2024-08-09,EURUSD_OVERLAY,fx_forward,FX,EURUSD_RETURN,0.0,690812.4627446934,2687.400031182176,0.0,0.0,690812.4627446934,0.0,0.0,20,False
2024-08-12,SPY,etf,US Equity,SPY_RETURN,1785775.0653334411,0.0,16144.599969132527,1801919.6653025737,1801919.6653025737,0.0,0.0,0.0,20,False
2024-08-12,QQQ,etf,US Equity,QQQ_RETURN,908154.7009511869,0.0,10860.943914708741,919015.6448658957,919015.6448658957,0.0,0.0,0.0,20,False
2024-08-12,EFA,etf,International Equity,EFA_RETURN,917706.8673503165,0.0,2810.531322834813,920517.3986731513,920517.3986731513,0.0,0.0,0.0,20,False
2024-08-12,GLD,etf,Commodity,GLD_RETURN,449680.84545319487,0.0,1748.4633914589851,451429.30884465383,451429.30884465383,0.0,0.0,0.0,20,False
2024-08-12,US5Y,bond,Rates,DGS5_CHANGE,1392089.772645559,0.0,464.53801632391435,1392554.3106618829,1392554.3106618829,0.0,4.5,22.0,20,False
2024-08-12,US10Y,bond,Rates,DGS10_CHANGE,1406307.5988704057,0.0,146.29036982819522,1406453.889240234,1406453.889240234,0.0,8.0,70.0,20,False
2024-08-12,USD_CASH,cash,Cash,CASH_RETURN,2304695.345154246,0.0,0.0,2305827.733043348,2305827.733043348,0.0,0.0,0.0,20,False
2024-08-12,EURUSD_OVERLAY,fx_forward,FX,EURUSD_RETURN,0.0,690812.4627446934,1132.3878891023028,0.0,0.0,690812.4627446934,0.0,0.0,20,False
2024-08-13,SPY,etf,US Equity,SPY_RETURN,1801919.6653025737,0.0,8988.8240125288,1810908.4893151026,1810908.4893151026,0.0,0.0,0.0,20,False
2024-08-13,QQQ,etf,US Equity,QQQ_RETURN,919015.6448658957,0.0,14720.197905082905,933735.8427709787,933735.8427709787,0.0,0.0,0.0,20,False
2024-08-13,EFA,etf,International Equity,EFA_RETURN,920517.3986731513,0.0,17902.236962212326,938419.6356353636,938419.6356353636,0.0,0.0,0.0,20,False
2024-08-13,GLD,etf,Commodity,GLD_RETURN,451429.30884465383,0.0,-6301.813662845696,445127.49518180813,445127.49518180813,0.0,0.0,0.0,20,False
2024-08-13,US5Y,bond,Rates,DGS5_CHANGE,1392554.3106618829,0.0,3433.0848989249816,1395987.3955608078,1395987.3955608078,0.0,4.5,22.0,20,False
2024-08-13,US10Y,bond,Rates,DGS10_CHANGE,1406453.889240234,0.0,7201.267001398804,1413655.1562416328,1413655.1562416328,0.0,8.0,70.0,20,False
2024-08-13,USD_CASH,cash,Cash,CASH_RETURN,2305827.733043348,0.0,0.0,2312319.5149391415,2312319.5149391415,0.0,0.0,0.0,20,False
2024-08-13,EURUSD_OVERLAY,fx_forward,FX,EURUSD_RETURN,0.0,690812.4627446934,6491.781895793708,0.0,0.0,690812.4627446934,0.0,0.0,20,False
2024-08-14,SPY,etf,US Equity,SPY_RETURN,1810908.4893151026,0.0,-751.469977394965,1810157.0193377077,1810157.0193377077,0.0,0.0,0.0,20,False
2024-08-14,QQQ,etf,US Equity,QQQ_RETURN,933735.8427709787,0.0,-3497.5129886680734,930238.3297823106,930238.3297823106,0.0,0.0,0.0,20,False
2024-08-14,EFA,etf,International Equity,EFA_RETURN,938419.6356353636,0.0,-416.4393402880869,938003.1962950756,938003.1962950756,0.0,0.0,0.0,20,False
2024-08-14,GLD,etf,Commodity,GLD_RETURN,445127.49518180813,0.0,4424.162733380858,449551.657915189,449551.657915189,0.0,0.0,0.0,20,False
2024-08-14,US5Y,bond,Rates,DGS5_CHANGE,1395987.3955608078,0.0,1798.083298050548,1397785.4788588583,1397785.4788588583,0.0,4.5,22.0,20,False
2024-08-14,US10Y,bond,Rates,DGS10_CHANGE,1413655.1562416328,0.0,5173.78957564975,1418828.9458172824,1418828.9458172824,0.0,8.0,70.0,20,False
2024-08-14,USD_CASH,cash,Cash,CASH_RETURN,2312319.5149391415,0.0,0.0,2311625.67923292,2311625.67923292,0.0,0.0,0.0,20,False
2024-08-14,EURUSD_OVERLAY,fx_forward,FX,EURUSD_RETURN,0.0,690812.4627446934,-693.8357062214317,0.0,0.0,690812.4627446934,0.0,0.0,20,False
2024-08-15,SPY,etf,US Equity,SPY_RETURN,1810157.0193377077,0.0,-12173.72328949996,1797983.2960482077,1797983.2960482077,0.0,0.0,0.0,20,False
2024-08-15,QQQ,etf,US Equity,QQQ_RETURN,930238.3297823106,0.0,12249.165544022006,942487.4953263326,942487.4953263326,0.0,0.0,0.0,20,False
2024-08-15,EFA,etf,International Equity,EFA_RETURN,938003.1962950756,0.0,-3634.7362828735872,934368.460012202,934368.460012202,0.0,0.0,0.0,20,False
2024-08-15,GLD,etf,Commodity,GLD_RETURN,449551.657915189,0.0,-550.7160102318919,449000.9419049571,449000.9419049571,0.0,0.0,0.0,20,False
2024-08-15,US5Y,bond,Rates,DGS5_CHANGE,1397785.4788588583,0.0,2819.9189579804015,1400605.3978168387,1400605.3978168387,0.0,4.5,22.0,20,False
2024-08-15,US10Y,bond,Rates,DGS10_CHANGE,1418828.9458172824,0.0,7167.910716288494,1425996.856533571,1425996.856533571,0.0,8.0,70.0,20,False
2024-08-15,USD_CASH,cash,Cash,CASH_RETURN,2311625.67923292,0.0,0.0,2311185.9722234015,2311185.9722234015,0.0,0.0,0.0,20,False
2024-08-15,EURUSD_OVERLAY,fx_forward,FX,EURUSD_RETURN,0.0,690812.4627446934,-439.70700951851865,0.0,0.0,690812.4627446934,0.0,0.0,20,False
2024-08-16,SPY,etf,US Equity,SPY_RETURN,1797983.2960482077,0.0,14734.077903805819,1812717.3739520134,1812717.3739520134,0.0,0.0,0.0,20,False
2024-08-16,QQQ,etf,US Equity,QQQ_RETURN,942487.4953263326,0.0,3566.716045032557,946054.2113713652,946054.2113713652,0.0,0.0,0.0,20,False
2024-08-16,EFA,etf,International Equity,EFA_RETURN,934368.460012202,0.0,-136.86317326334137,934231.5968389387,934231.5968389387,0.0,0.0,0.0,20,False
2024-08-16,GLD,etf,Commodity,GLD_RETURN,449000.9419049571,0.0,401.5675996190756,449402.5095045762,449402.5095045762,0.0,0.0,0.0,20,False
2024-08-16,US5Y,bond,Rates,DGS5_CHANGE,1400605.3978168387,0.0,-2500.0284344571364,1398105.3693823817,1398105.3693823817,0.0,4.5,22.0,20,False
2024-08-16,US10Y,bond,Rates,DGS10_CHANGE,1425996.856533571,0.0,-7912.047683761664,1418084.8088498092,1418084.8088498092,0.0,8.0,70.0,20,False
2024-08-16,USD_CASH,cash,Cash,CASH_RETURN,2311185.9722234015,0.0,0.0,2313290.6289163916,2313290.6289163916,0.0,0.0,0.0,20,False
2024-08-16,EURUSD_OVERLAY,fx_forward,FX,EURUSD_RETURN,0.0,690812.4627446934,2104.656692990213,0.0,0.0,690812.4627446934,0.0,0.0,20,False
2024-08-19,SPY,etf,US Equity,SPY_RETURN,1812717.3739520134,0.0,787.5880140121975,1813504.9619660256,1813504.9619660256,0.0,0.0,0.0,20,False
2024-08-19,QQQ,etf,US Equity,QQQ_RETURN,946054.2113713652,0.0,1170.2987463679726,947224.5101177332,947224.5101177332,0.0,0.0,0.0,20,False
2024-08-19,EFA,etf,International Equity,EFA_RETURN,934231.5968389387,0.0,-4426.642107756224,929804.9547311824,929804.9547311824,0.0,0.0,0.0,20,False
2024-08-19,GLD,etf,Commodity,GLD_RETURN,449402.5095045762,0.0,-1578.8894193368917,447823.6200852393,447823.6200852393,0.0,0.0,0.0,20,False
2024-08-19,US5Y,bond,Rates,DGS5_CHANGE,1398105.3693823817,0.0,942.1033525064373,1399047.472734888,1399047.472734888,0.0,4.5,22.0,20,False
2024-08-19,US10Y,bond,Rates,DGS10_CHANGE,1418084.8088498092,0.0,2394.7596744168136,1420479.568524226,1420479.568524226,0.0,8.0,70.0,20,False
2024-08-19,USD_CASH,cash,Cash,CASH_RETURN,2313290.6289163916,0.0,0.0,2316850.394914248,2316850.394914248,0.0,0.0,0.0,20,False
2024-08-19,EURUSD_OVERLAY,fx_forward,FX,EURUSD_RETURN,0.0,690812.4627446934,3559.76599785646,0.0,0.0,690812.4627446934,0.0,0.0,20,False
2024-08-20,SPY,etf,US Equity,SPY_RETURN,1813504.9619660256,0.0,11221.972264589738,1824726.9342306154,1824726.9342306154,0.0,0.0,0.0,20,False
2024-08-20,QQQ,etf,US Equity,QQQ_RETURN,947224.5101177332,0.0,5629.351316348606,952853.8614340818,952853.8614340818,0.0,0.0,0.0,20,False
2024-08-20,EFA,etf,International Equity,EFA_RETURN,929804.9547311824,0.0,-7183.246490245255,922621.7082409372,922621.7082409372,0.0,0.0,0.0,20,False
2024-08-20,GLD,etf,Commodity,GLD_RETURN,447823.6200852393,0.0,4825.897126812769,452649.5172120521,452649.5172120521,0.0,0.0,0.0,20,False
2024-08-20,US5Y,bond,Rates,DGS5_CHANGE,1399047.472734888,0.0,2904.442554753001,1401951.9152896411,1401951.9152896411,0.0,4.5,22.0,20,False
2024-08-20,US10Y,bond,Rates,DGS10_CHANGE,1420479.568524226,0.0,-549.0277827232385,1419930.5407415028,1419930.5407415028,0.0,8.0,70.0,20,False
2024-08-20,USD_CASH,cash,Cash,CASH_RETURN,2316850.394914248,0.0,0.0,2314740.4316561744,2314740.4316561744,0.0,0.0,0.0,20,False
2024-08-20,EURUSD_OVERLAY,fx_forward,FX,EURUSD_RETURN,0.0,690812.4627446934,-2109.9632580737234,0.0,0.0,690812.4627446934,0.0,0.0,20,False
2024-08-21,SPY,etf,US Equity,SPY_RETURN,1824726.9342306154,0.0,3392.8216967541557,1828119.7559273695,1828119.7559273695,0.0,0.0,0.0,20,False
2024-08-21,QQQ,etf,US Equity,QQQ_RETURN,952853.8614340818,0.0,5025.801918660863,957879.6633527427,957879.6633527427,0.0,0.0,0.0,20,False
2024-08-21,EFA,etf,International Equity,EFA_RETURN,922621.7082409372,0.0,4787.217917802736,927408.92615874,927408.92615874,0.0,0.0,0.0,20,False
2024-08-21,GLD,etf,Commodity,GLD_RETURN,452649.5172120521,0.0,-1317.6775184667042,451331.83969358535,451331.83969358535,0.0,0.0,0.0,20,False
2024-08-21,US5Y,bond,Rates,DGS5_CHANGE,1401951.9152896411,0.0,2413.8234398749596,1404365.738729516,1404365.738729516,0.0,4.5,22.0,20,False
2024-08-21,US10Y,bond,Rates,DGS10_CHANGE,1419930.5407415028,0.0,5717.4143244740135,1425647.9550659768,1425647.9550659768,0.0,8.0,70.0,20,False
2024-08-21,USD_CASH,cash,Cash,CASH_RETURN,2314740.4316561744,0.0,0.0,2318848.0995783205,2318848.0995783205,0.0,0.0,0.0,20,False
2024-08-21,EURUSD_OVERLAY,fx_forward,FX,EURUSD_RETURN,0.0,690812.4627446934,4107.667922146036,0.0,0.0,690812.4627446934,0.0,0.0,20,False
2024-08-22,SPY,etf,US Equity,SPY_RETURN,1828119.7559273695,0.0,13343.538130436342,1841463.2940578058,1841463.2940578058,0.0,0.0,0.0,20,False
2024-08-22,QQQ,etf,US Equity,QQQ_RETURN,957879.6633527427,0.0,22236.655459575355,980116.318812318,980116.318812318,0.0,0.0,0.0,20,False
2024-08-22,EFA,etf,International Equity,EFA_RETURN,927408.92615874,0.0,-5461.880582848863,921947.045575891,921947.045575891,0.0,0.0,0.0,20,False
2024-08-22,GLD,etf,Commodity,GLD_RETURN,451331.83969358535,0.0,1773.1699083434362,453105.0096019288,453105.0096019288,0.0,0.0,0.0,20,False
2024-08-22,US5Y,bond,Rates,DGS5_CHANGE,1404365.738729516,0.0,2323.506165285169,1406689.2448948012,1406689.2448948012,0.0,4.5,22.0,20,False
2024-08-22,US10Y,bond,Rates,DGS10_CHANGE,1425647.9550659768,0.0,2622.453484714965,1428270.4085506918,1428270.4085506918,0.0,8.0,70.0,20,False
2024-08-22,USD_CASH,cash,Cash,CASH_RETURN,2318848.0995783205,0.0,0.0,2314781.250741528,2314781.250741528,0.0,0.0,0.0,20,False
2024-08-22,EURUSD_OVERLAY,fx_forward,FX,EURUSD_RETURN,0.0,690812.4627446934,-4066.8488367925675,0.0,0.0,690812.4627446934,0.0,0.0,20,False
2024-08-23,SPY,etf,US Equity,SPY_RETURN,1841463.2940578058,0.0,-1861.0762994427648,1839602.217758363,1839602.217758363,0.0,0.0,0.0,20,False
2024-08-23,QQQ,etf,US Equity,QQQ_RETURN,980116.318812318,0.0,2516.896904797061,982633.2157171151,982633.2157171151,0.0,0.0,0.0,20,False
2024-08-23,EFA,etf,International Equity,EFA_RETURN,921947.045575891,0.0,5054.799395585073,927001.8449714761,927001.8449714761,0.0,0.0,0.0,20,False
2024-08-23,GLD,etf,Commodity,GLD_RETURN,453105.0096019288,0.0,-1291.7312702907911,451813.278331638,451813.278331638,0.0,0.0,0.0,20,False
2024-08-23,US5Y,bond,Rates,DGS5_CHANGE,1406689.2448948012,0.0,-3075.7829881380444,1403613.4619066631,1403613.4619066631,0.0,4.5,22.0,20,False
2024-08-23,US10Y,bond,Rates,DGS10_CHANGE,1428270.4085506918,0.0,-4114.818336579178,1424155.5902141125,1424155.5902141125,0.0,8.0,70.0,20,False
2024-08-23,USD_CASH,cash,Cash,CASH_RETURN,2314781.250741528,0.0,0.0,2317689.0683531025,2317689.0683531025,0.0,0.0,0.0,20,False
2024-08-23,EURUSD_OVERLAY,fx_forward,FX,EURUSD_RETURN,0.0,690812.4627446934,2907.8176115746537,0.0,0.0,690812.4627446934,0.0,0.0,20,False
2024-08-26,SPY,etf,US Equity,SPY_RETURN,1839602.217758363,0.0,-9107.317621919816,1830494.9001364433,1830494.9001364433,0.0,0.0,0.0,20,False
2024-08-26,QQQ,etf,US Equity,QQQ_RETURN,982633.2157171151,0.0,-6337.005629003213,976296.2100881119,976296.2100881119,0.0,0.0,0.0,20,False
2024-08-26,EFA,etf,International Equity,EFA_RETURN,927001.8449714761,0.0,4303.603969572058,931305.4489410482,931305.4489410482,0.0,0.0,0.0,20,False
2024-08-26,GLD,etf,Commodity,GLD_RETURN,451813.278331638,0.0,1291.56874805829,453104.8470796963,453104.8470796963,0.0,0.0,0.0,20,False
2024-08-26,US5Y,bond,Rates,DGS5_CHANGE,1403613.4619066631,0.0,-6179.343031052428,1397434.1188756106,1397434.1188756106,0.0,4.5,22.0,20,False
2024-08-26,US10Y,bond,Rates,DGS10_CHANGE,1424155.5902141125,0.0,-12325.820570808906,1411829.7696433037,1411829.7696433037,0.0,8.0,70.0,20,False
2024-08-26,USD_CASH,cash,Cash,CASH_RETURN,2317689.0683531025,0.0,0.0,2319352.269477777,2319352.269477777,0.0,0.0,0.0,20,False
2024-08-26,EURUSD_OVERLAY,fx_forward,FX,EURUSD_RETURN,0.0,690812.4627446934,1663.2011246746497,0.0,0.0,690812.4627446934,0.0,0.0,20,False
2024-08-27,SPY,etf,US Equity,SPY_RETURN,1830494.9001364433,0.0,-4349.604962269499,1826145.2951741738,1826145.2951741738,0.0,0.0,0.0,20,False
2024-08-27,QQQ,etf,US Equity,QQQ_RETURN,976296.2100881119,0.0,-15155.886275923356,961140.3238121886,961140.3238121886,0.0,0.0,0.0,20,False
2024-08-27,EFA,etf,International Equity,EFA_RETURN,931305.4489410482,0.0,-5052.332590272238,926253.116350776,926253.116350776,0.0,0.0,0.0,20,False
2024-08-27,GLD,etf,Commodity,GLD_RETURN,453104.8470796963,0.0,-1652.4189103757285,451452.42816932057,451452.42816932057,0.0,0.0,0.0,20,False
2024-08-27,US5Y,bond,Rates,DGS5_CHANGE,1397434.1188756106,0.0,-2355.281197017563,1395078.8376785931,1395078.8376785931,0.0,4.5,22.0,20,False
2024-08-27,US10Y,bond,Rates,DGS10_CHANGE,1411829.7696433037,0.0,-3168.5900068409464,1408661.1796364628,1408661.1796364628,0.0,8.0,70.0,20,False
2024-08-27,USD_CASH,cash,Cash,CASH_RETURN,2319352.269477777,0.0,0.0,2320222.648121007,2320222.648121007,0.0,0.0,0.0,20,False
2024-08-27,EURUSD_OVERLAY,fx_forward,FX,EURUSD_RETURN,0.0,690812.4627446934,870.3786432297403,0.0,0.0,690812.4627446934,0.0,0.0,20,False
2024-08-28,SPY,etf,US Equity,SPY_RETURN,1826145.2951741738,0.0,12088.699523524057,1838233.994697698,1838233.994697698,0.0,0.0,0.0,20,False
2024-08-28,QQQ,etf,US Equity,QQQ_RETURN,961140.3238121886,0.0,-1687.0439328317466,959453.2798793569,959453.2798793569,0.0,0.0,0.0,20,False
2024-08-28,EFA,etf,International Equity,EFA_RETURN,926253.116350776,0.0,-4672.693643458312,921580.4227073177,921580.4227073177,0.0,0.0,0.0,20,False
2024-08-28,GLD,etf,Commodity,GLD_RETURN,451452.42816932057,0.0,-4243.976919610116,447208.45124971046,447208.45124971046,0.0,0.0,0.0,20,False
2024-08-28,US5Y,bond,Rates,DGS5_CHANGE,1395078.8376785931,0.0,2344.267796426003,1397423.1054750192,1397423.1054750192,0.0,4.5,22.0,20,False
2024-08-28,US10Y,bond,Rates,DGS10_CHANGE,1408661.1796364628,0.0,-525.0531205747252,1408136.1265158881,1408136.1265158881,0.0,8.0,70.0,20,False
2024-08-28,USD_CASH,cash,Cash,CASH_RETURN,2320222.648121007,0.0,0.0,2322470.347997038,2322470.347997038,0.0,0.0,0.0,20,False
2024-08-28,EURUSD_OVERLAY,fx_forward,FX,EURUSD_RETURN,0.0,690812.4627446934,2247.6998760315387,0.0,0.0,690812.4627446934,0.0,0.0,20,False
2024-08-29,SPY,etf,US Equity,SPY_RETURN,1838233.994697698,0.0,17696.82189626121,1855930.8165939592,1855930.8165939592,0.0,0.0,0.0,20,False
2024-08-29,QQQ,etf,US Equity,QQQ_RETURN,959453.2798793569,0.0,6272.87034315442,965726.1502225113,965726.1502225113,0.0,0.0,0.0,20,False
2024-08-29,EFA,etf,International Equity,EFA_RETURN,921580.4227073177,0.0,628.8371485709031,922209.2598558887,922209.2598558887,0.0,0.0,0.0,20,False
2024-08-29,GLD,etf,Commodity,GLD_RETURN,447208.45124971046,0.0,-974.2634603816786,446234.1877893288,446234.1877893288,0.0,0.0,0.0,20,False
2024-08-29,US5Y,bond,Rates,DGS5_CHANGE,1397423.1054750192,0.0,1010.4673463457578,1398433.572821365,1398433.572821365,0.0,4.5,22.0,20,False
2024-08-29,US10Y,bond,Rates,DGS10_CHANGE,1408136.1265158881,0.0,2997.7202156775334,1411133.8467315657,1411133.8467315657,0.0,8.0,70.0,20,False
2024-08-29,USD_CASH,cash,Cash,CASH_RETURN,2322470.347997038,0.0,0.0,2322791.025293252,2322791.025293252,0.0,0.0,0.0,20,False
2024-08-29,EURUSD_OVERLAY,fx_forward,FX,EURUSD_RETURN,0.0,690812.4627446934,320.677296213583,0.0,0.0,690812.4627446934,0.0,0.0,20,False
2024-08-30,SPY,etf,US Equity,SPY_RETURN,1855930.8165939592,0.0,-13144.955029872519,1842785.8615640868,1842785.8615640868,0.0,0.0,0.0,20,False
2024-08-30,QQQ,etf,US Equity,QQQ_RETURN,965726.1502225113,0.0,-11121.339476947003,954604.8107455643,954604.8107455643,0.0,0.0,0.0,20,False
2024-08-30,EFA,etf,International Equity,EFA_RETURN,922209.2598558887,0.0,-792.0305837416013,921417.2292721471,921417.2292721471,0.0,0.0,0.0,20,False
2024-08-30,GLD,etf,Commodity,GLD_RETURN,446234.1877893288,0.0,3659.8654517313853,449894.0532410602,449894.0532410602,0.0,0.0,0.0,20,False
2024-08-30,US5Y,bond,Rates,DGS5_CHANGE,1398433.572821365,0.0,-1298.2900577815406,1397135.2827635834,1397135.2827635834,0.0,4.5,22.0,20,False
2024-08-30,US10Y,bond,Rates,DGS10_CHANGE,1411133.8467315657,0.0,-8041.492148230788,1403092.3545833349,1403092.3545833349,0.0,8.0,70.0,20,False
2024-08-30,USD_CASH,cash,Cash,CASH_RETURN,2322791.025293252,0.0,0.0,2324422.3359091813,2324422.3359091813,0.0,0.0,0.0,20,False
2024-08-30,EURUSD_OVERLAY,fx_forward,FX,EURUSD_RETURN,0.0,690812.4627446934,1631.310615929179,0.0,0.0,690812.4627446934,0.0,0.0,20,False
2024-09-02,SPY,etf,US Equity,SPY_RETURN,1842785.8615640868,0.0,20452.139924932344,1863238.001489019,1869942.9057612983,0.0,0.0,0.0,21,True
2024-09-02,QQQ,etf,US Equity,QQQ_RETURN,954604.8107455643,0.0,18522.92534822227,973127.7360937865,934971.4528806491,0.0,0.0,0.0,21,True
2024-09-02,EFA,etf,International Equity,EFA_RETURN,921417.2292721471,0.0,4794.450432435833,926211.6797045829,934971.4528806491,0.0,0.0,0.0,21,True
2024-09-02,GLD,etf,Commodity,GLD_RETURN,449894.0532410602,0.0,1047.0218937627326,450941.0751348229,467485.72644032456,0.0,0.0,0.0,21,True
2024-09-02,US5Y,bond,Rates,DGS5_CHANGE,1397135.2827635834,0.0,2102.8823524214586,1399238.1651160049,1402457.1793209736,0.0,4.5,22.0,21,True
2024-09-02,US10Y,bond,Rates,DGS10_CHANGE,1403092.3545833349,0.0,7843.978732333828,1410936.3333156686,1402457.1793209736,0.0,8.0,70.0,21,True
2024-09-02,USD_CASH,cash,Cash,CASH_RETURN,2324422.3359091813,0.0,0.0,2326021.537952606,2337428.6322016227,0.0,0.0,0.0,21,True
2024-09-02,EURUSD_OVERLAY,fx_forward,FX,EURUSD_RETURN,0.0,690812.4627446934,1599.202043424609,0.0,0.0,701228.5896604868,0.0,0.0,21,True
2024-09-03,SPY,etf,US Equity,SPY_RETURN,1869942.9057612983,0.0,-16698.98297533702,1853243.9227859613,1853243.9227859613,0.0,0.0,0.0,21,False
2024-09-03,QQQ,etf,US Equity,QQQ_RETURN,934971.4528806491,0.0,-9081.51691949311,925889.935961156,925889.935961156,0.0,0.0,0.0,21,False
2024-09-03,EFA,etf,International Equity,EFA_RETURN,934971.4528806491,0.0,-5967.387061487163,929004.065819162,929004.065819162,0.0,0.0,0.0,21,False
2024-09-03,GLD,etf,Commodity,GLD_RETURN,467485.72644032456,0.0,-4766.561424282938,462719.1650160416,462719.1650160416,0.0,0.0,0.0,21,False
2024-09-03,US5Y,bond,Rates,DGS5_CHANGE,1402457.1793209736,0.0,1271.0764984584566,1403728.255819432,1403728.255819432,0.0,4.5,22.0,21,False
2024-09-03,US10Y,bond,Rates,DGS10_CHANGE,1402457.1793209736,0.0,5666.356614240697,1408123.5359352143,1408123.5359352143,0.0,8.0,70.0,21,False
2024-09-03,USD_CASH,cash,Cash,CASH_RETURN,2337428.6322016227,0.0,0.0,2340565.4548237473,2340565.4548237473,0.0,0.0,0.0,21,False
2024-09-03,EURUSD_OVERLAY,fx_forward,FX,EURUSD_RETURN,0.0,701228.5896604868,3136.8226221247423,0.0,0.0,701228.5896604868,0.0,0.0,21,False
2024-09-04,SPY,etf,US Equity,SPY_RETURN,1853243.9227859613,0.0,-2887.112299668556,1850356.8104862927,1850356.8104862927,0.0,0.0,0.0,21,False
2024-09-04,QQQ,etf,US Equity,QQQ_RETURN,925889.935961156,0.0,-424.15852018608535,925465.77744097,925465.77744097,0.0,0.0,0.0,21,False
2024-09-04,EFA,etf,International Equity,EFA_RETURN,929004.065819162,0.0,-5955.167961759993,923048.897857402,923048.897857402,0.0,0.0,0.0,21,False
2024-09-04,GLD,etf,Commodity,GLD_RETURN,462719.1650160416,0.0,1378.3696067959756,464097.53462283756,464097.53462283756,0.0,0.0,0.0,21,False
2024-09-04,US5Y,bond,Rates,DGS5_CHANGE,1403728.255819432,0.0,-3114.089645759378,1400614.1661736725,1400614.1661736725,0.0,4.5,22.0,21,False
2024-09-04,US10Y,bond,Rates,DGS10_CHANGE,1408123.5359352143,0.0,-7076.639895788244,1401046.896039426,1401046.896039426,0.0,8.0,70.0,21,False
2024-09-04,USD_CASH,cash,Cash,CASH_RETURN,2340565.4548237473,0.0,0.0,2336271.9239555253,2336271.9239555253,0.0,0.0,0.0,21,False
2024-09-04,EURUSD_OVERLAY,fx_forward,FX,EURUSD_RETURN,0.0,701228.5896604868,-4293.530868222202,0.0,0.0,701228.5896604868,0.0,0.0,21,False
2024-09-05,SPY,etf,US Equity,SPY_RETURN,1850356.8104862927,0.0,32422.542369311737,1882779.3528556044,1882779.3528556044,0.0,0.0,0.0,21,False
2024-09-05,QQQ,etf,US Equity,QQQ_RETURN,925465.77744097,0.0,15350.942635958569,940816.7200769285,940816.7200769285,0.0,0.0,0.0,21,False
2024-09-05,EFA,etf,International Equity,EFA_RETURN,923048.897857402,0.0,13226.640952874477,936275.5388102764,936275.5388102764,0.0,0.0,0.0,21,False
2024-09-05,GLD,etf,Commodity,GLD_RETURN,464097.53462283756,0.0,-2566.837636203123,461530.69698663446,461530.69698663446,0.0,0.0,0.0,21,False
2024-09-05,US5Y,bond,Rates,DGS5_CHANGE,1400614.1661736725,0.0,5242.454674492787,1405856.6208481654,1405856.6208481654,0.0,4.5,22.0,21,False
2024-09-05,US10Y,bond,Rates,DGS10_CHANGE,1401046.896039426,0.0,9591.621209636724,1410638.517249063,1410638.517249063,0.0,8.0,70.0,21,False
2024-09-05,USD_CASH,cash,Cash,CASH_RETURN,2336271.9239555253,0.0,0.0,2331609.18494315,2331609.18494315,0.0,0.0,0.0,21,False
2024-09-05,EURUSD_OVERLAY,fx_forward,FX,EURUSD_RETURN,0.0,701228.5896604868,-4662.739012375409,0.0,0.0,701228.5896604868,0.0,0.0,21,False
2024-09-06,SPY,etf,US Equity,SPY_RETURN,1882779.3528556044,0.0,12355.077891768291,1895134.4307473726,1895134.4307473726,0.0,0.0,0.0,21,False
2024-09-06,QQQ,etf,US Equity,QQQ_RETURN,940816.7200769285,0.0,1951.1300798585316,942767.8501567871,942767.8501567871,0.0,0.0,0.0,21,False
2024-09-06,EFA,etf,International Equity,EFA_RETURN,936275.5388102764,0.0,4622.471143310087,940898.0099535865,940898.0099535865,0.0,0.0,0.0,21,False
2024-09-06,GLD,etf,Commodity,GLD_RETURN,461530.69698663446,0.0,359.0557989611551,461889.7527855956,461889.7527855956,0.0,0.0,0.0,21,False
2024-09-06,US5Y,bond,Rates,DGS5_CHANGE,1405856.6208481654,0.0,1117.0263567733107,1406973.6472049386,1406973.6472049386,0.0,4.5,22.0,21,False
2024-09-06,US10Y,bond,Rates,DGS10_CHANGE,1410638.517249063,0.0,-2471.436216667027,1408167.0810323958,1408167.0810323958,0.0,8.0,70.0,21,False
2024-09-06,USD_CASH,cash,Cash,CASH_RETURN,2331609.18494315,0.0,0.0,2335786.8720648787,2335786.8720648787,0.0,0.0,0.0,21,False
2024-09-06,EURUSD_OVERLAY,fx_forward,FX,EURUSD_RETURN,0.0,701228.5896604868,4177.687121729059,0.0,0.0,701228.5896604868,0.0,0.0,21,False
2024-09-09,SPY,etf,US Equity,SPY_RETURN,1895134.4307473726,0.0,-4384.183213649833,1890750.2475337228,1890750.2475337228,0.0,0.0,0.0,21,False
2024-09-09,QQQ,etf,US Equity,QQQ_RETURN,942767.8501567871,0.0,-58.74760298690778,942709.1025538002,942709.1025538002,0.0,0.0,0.0,21,False
2024-09-09,EFA,etf,International Equity,EFA_RETURN,940898.0099535865,0.0,809.3962925564804,941707.4062461429,941707.4062461429,0.0,0.0,0.0,21,False
2024-09-09,GLD,etf,Commodity,GLD_RETURN,461889.7527855956,0.0,4018.4158093377036,465908.1685949333,465908.1685949333,0.0,0.0,0.0,21,False
2024-09-09,US5Y,bond,Rates,DGS5_CHANGE,1406973.6472049386,0.0,2075.2734535489067,1409048.9206584876,1409048.9206584876,0.0,4.5,22.0,21,False
2024-09-09,US10Y,bond,Rates,DGS10_CHANGE,1408167.0810323958,0.0,6802.3561508987095,1414969.4371832944,1414969.4371832944,0.0,8.0,70.0,21,False
2024-09-09,USD_CASH,cash,Cash,CASH_RETURN,2335786.8720648787,0.0,0.0,2337368.4167647082,2337368.4167647082,0.0,0.0,0.0,21,False
2024-09-09,EURUSD_OVERLAY,fx_forward,FX,EURUSD_RETURN,0.0,701228.5896604868,1581.5446998294988,0.0,0.0,701228.5896604868,0.0,0.0,21,False
2024-09-10,SPY,etf,US Equity,SPY_RETURN,1890750.2475337228,0.0,-50072.34665605021,1840677.9008776725,1840677.9008776725,0.0,0.0,0.0,21,False
2024-09-10,QQQ,etf,US Equity,QQQ_RETURN,942709.1025538002,0.0,-21377.43812095903,921331.6644328412,921331.6644328412,0.0,0.0,0.0,21,False
2024-09-10,EFA,etf,International Equity,EFA_RETURN,941707.4062461429,0.0,-14297.958941970399,927409.4473041726,927409.4473041726,0.0,0.0,0.0,21,False
2024-09-10,GLD,etf,Commodity,GLD_RETURN,465908.1685949333,0.0,2318.1209665240685,468226.28956145735,468226.28956145735,0.0,0.0,0.0,21,False
2024-09-10,US5Y,bond,Rates,DGS5_CHANGE,1409048.9206584876,0.0,1832.6321980233602,1410881.552856511,1410881.552856511,0.0,4.5,22.0,21,False
2024-09-10,US10Y,bond,Rates,DGS10_CHANGE,1414969.4371832944,0.0,-44.50484491551819,1414924.9323383789,1414924.9323383789,0.0,8.0,70.0,21,False
2024-09-10,USD_CASH,cash,Cash,CASH_RETURN,2337368.4167647082,0.0,0.0,2335331.337206269,2335331.337206269,0.0,0.0,0.0,21,False
2024-09-10,EURUSD_OVERLAY,fx_forward,FX,EURUSD_RETURN,0.0,701228.5896604868,-2037.0795584389737,0.0,0.0,701228.5896604868,0.0,0.0,21,False
2024-09-11,SPY,etf,US Equity,SPY_RETURN,1840677.9008776725,0.0,-19666.522658059475,1821011.378219613,1821011.378219613,0.0,0.0,0.0,21,False
2024-09-11,QQQ,etf,US Equity,QQQ_RETURN,921331.6644328412,0.0,-4534.765938636441,916796.8984942047,916796.8984942047,0.0,0.0,0.0,21,False
2024-09-11,EFA,etf,International Equity,EFA_RETURN,927409.4473041726,0.0,-154.89852500370634,927254.5487791689,927254.5487791689,0.0,0.0,0.0,21,False
2024-09-11,GLD,etf,Commodity,GLD_RETURN,468226.28956145735,0.0,5965.6663524973965,474191.95591395476,474191.95591395476,0.0,0.0,0.0,21,False
2024-09-11,US5Y,bond,Rates,DGS5_CHANGE,1410881.552856511,0.0,-41.53141428642967,1410840.0214422245,1410840.0214422245,0.0,4.5,22.0,21,False
2024-09-11,US10Y,bond,Rates,DGS10_CHANGE,1414924.9323383789,0.0,-287.4502127228985,1414637.482125656,1414637.482125656,0.0,8.0,70.0,21,False
2024-09-11,USD_CASH,cash,Cash,CASH_RETURN,2335331.337206269,0.0,0.0,2339911.7530383435,2339911.7530383435,0.0,0.0,0.0,21,False
2024-09-11,EURUSD_OVERLAY,fx_forward,FX,EURUSD_RETURN,0.0,701228.5896604868,4580.415832074556,0.0,0.0,701228.5896604868,0.0,0.0,21,False
2024-09-12,SPY,etf,US Equity,SPY_RETURN,1821011.378219613,0.0,-15702.364993866138,1805309.013225747,1805309.013225747,0.0,0.0,0.0,21,False
2024-09-12,QQQ,etf,US Equity,QQQ_RETURN,916796.8984942047,0.0,-6009.6984548129085,910787.2000393919,910787.2000393919,0.0,0.0,0.0,21,False
2024-09-12,EFA,etf,International Equity,EFA_RETURN,927254.5487791689,0.0,-4889.645930147736,922364.9028490211,922364.9028490211,0.0,0.0,0.0,21,False
2024-09-12,GLD,etf,Commodity,GLD_RETURN,474191.95591395476,0.0,1795.5014380757802,475987.45735203056,475987.45735203056,0.0,0.0,0.0,21,False
2024-09-12,US5Y,bond,Rates,DGS5_CHANGE,1410840.0214422245,0.0,-1996.570424833383,1408843.4510173912,1408843.4510173912,0.0,4.5,22.0,21,False
2024-09-12,US10Y,bond,Rates,DGS10_CHANGE,1414637.482125656,0.0,-3463.1548008421464,1411174.327324814,1411174.327324814,0.0,8.0,70.0,21,False
2024-09-12,USD_CASH,cash,Cash,CASH_RETURN,2339911.7530383435,0.0,0.0,2337121.2780414145,2337121.2780414145,0.0,0.0,0.0,21,False
2024-09-12,EURUSD_OVERLAY,fx_forward,FX,EURUSD_RETURN,0.0,701228.5896604868,-2790.4749969289805,0.0,0.0,701228.5896604868,0.0,0.0,21,False
2024-09-13,SPY,etf,US Equity,SPY_RETURN,1805309.013225747,0.0,15068.938595949781,1820377.9518216967,1820377.9518216967,0.0,0.0,0.0,21,False
2024-09-13,QQQ,etf,US Equity,QQQ_RETURN,910787.2000393919,0.0,17470.142647390414,928257.3426867822,928257.3426867822,0.0,0.0,0.0,21,False
2024-09-13,EFA,etf,International Equity,EFA_RETURN,922364.9028490211,0.0,-1434.9873548333737,920929.9154941877,920929.9154941877,0.0,0.0,0.0,21,False
2024-09-13,GLD,etf,Commodity,GLD_RETURN,475987.45735203056,0.0,5670.302597160852,481657.7599491914,481657.7599491914,0.0,0.0,0.0,21,False
2024-09-13,US5Y,bond,Rates,DGS5_CHANGE,1408843.4510173912,0.0,-2493.003012422053,1406350.4480049692,1406350.4480049692,0.0,4.5,22.0,21,False
2024-09-13,US10Y,bond,Rates,DGS10_CHANGE,1411174.327324814,0.0,-5613.146668003449,1405561.1806568105,1405561.1806568105,0.0,8.0,70.0,21,False
2024-09-13,USD_CASH,cash,Cash,CASH_RETURN,2337121.2780414145,0.0,0.0,2331558.254112166,2331558.254112166,0.0,0.0,0.0,21,False
2024-09-13,EURUSD_OVERLAY,fx_forward,FX,EURUSD_RETURN,0.0,701228.5896604868,-5563.023929248332,0.0,0.0,701228.5896604868,0.0,0.0,21,False
2024-09-16,SPY,etf,US Equity,SPY_RETURN,1820377.9518216967,0.0,10571.890122536746,1830949.8419442335,1830949.8419442335,0.0,0.0,0.0,21,False
2024-09-16,QQQ,etf,US Equity,QQQ_RETURN,928257.3426867822,0.0,-3019.253604220478,925238.0890825618,925238.0890825618,0.0,0.0,0.0,21,False
2024-09-16,EFA,etf,International Equity,EFA_RETURN,920929.9154941877,0.0,250.40193691102917,921180.3174310988,921180.3174310988,0.0,0.0,0.0,21,False
2024-09-16,GLD,etf,Commodity,GLD_RETURN,481657.7599491914,0.0,-3301.373410200104,478356.3865389913,478356.3865389913,0.0,0.0,0.0,21,False
2024-09-16,US5Y,bond,Rates,DGS5_CHANGE,1406350.4480049692,0.0,932.7474149173836,1407283.1954198866,1407283.1954198866,0.0,4.5,22.0,21,False
2024-09-16,US10Y,bond,Rates,DGS10_CHANGE,1405561.1806568105,0.0,-2256.783462555894,1403304.3971942547,1403304.3971942547,0.0,8.0,70.0,21,False
2024-09-16,USD_CASH,cash,Cash,CASH_RETURN,2331558.254112166,0.0,0.0,2328632.417489527,2328632.417489527,0.0,0.0,0.0,21,False
2024-09-16,EURUSD_OVERLAY,fx_forward,FX,EURUSD_RETURN,0.0,701228.5896604868,-2925.8366226391445,0.0,0.0,701228.5896604868,0.0,0.0,21,False
2024-09-17,SPY,etf,US Equity,SPY_RETURN,1830949.8419442335,0.0,813.1382888001793,1831762.9802330337,1831762.9802330337,0.0,0.0,0.0,21,False
2024-09-17,QQQ,etf,US Equity,QQQ_RETURN,925238.0890825618,0.0,-356.4376677742545,924881.6514147875,924881.6514147875,0.0,0.0,0.0,21,False
2024-09-17,EFA,etf,International Equity,EFA_RETURN,921180.3174310988,0.0,-3299.4166845877603,917880.9007465111,917880.9007465111,0.0,0.0,0.0,21,False
2024-09-17,GLD,etf,Commodity,GLD_RETURN,478356.3865389913,0.0,-2488.978516366857,475867.40802262444,475867.40802262444,0.0,0.0,0.0,21,False
2024-09-17,US5Y,bond,Rates,DGS5_CHANGE,1407283.1954198866,0.0,581.3211055609802,1407864.5165254476,1407864.5165254476,0.0,4.5,22.0,21,False
2024-09-17,US10Y,bond,Rates,DGS10_CHANGE,1403304.3971942547,0.0,-2391.5020198836232,1400912.895174371,1400912.895174371,0.0,8.0,70.0,21,False
2024-09-17,USD_CASH,cash,Cash,CASH_RETURN,2328632.417489527,0.0,0.0,2324269.136677055,2324269.136677055,0.0,0.0,0.0,21,False
2024-09-17,EURUSD_OVERLAY,fx_forward,FX,EURUSD_RETURN,0.0,701228.5896604868,-4363.280812471529,0.0,0.0,701228.5896604868,0.0,0.0,21,False
2024-09-18,SPY,etf,US Equity,SPY_RETURN,1831762.9802330337,0.0,14626.186201968829,1846389.1664350026,1846389.1664350026,0.0,0.0,0.0,21,False
2024-09-18,QQQ,etf,US Equity,QQQ_RETURN,924881.6514147875,0.0,1258.993167135496,926140.644581923,926140.644581923,0.0,0.0,0.0,21,False
2024-09-18,EFA,etf,International Equity,EFA_RETURN,917880.9007465111,0.0,2178.0657459367653,920058.9664924479,920058.9664924479,0.0,0.0,0.0,21,False
2024-09-18,GLD,etf,Commodity,GLD_RETURN,475867.40802262444,0.0,8716.104490778851,484583.5125134033,484583.5125134033,0.0,0.0,0.0,21,False
2024-09-18,US5Y,bond,Rates,DGS5_CHANGE,1407864.5165254476,0.0,-1266.5556624774747,1406597.9608629702,1406597.9608629702,0.0,4.5,22.0,21,False
2024-09-18,US10Y,bond,Rates,DGS10_CHANGE,1400912.895174371,0.0,-1952.4449910061785,1398960.4501833648,1398960.4501833648,0.0,8.0,70.0,21,False
2024-09-18,USD_CASH,cash,Cash,CASH_RETURN,2324269.136677055,0.0,0.0,2325121.6381363478,2325121.6381363478,0.0,0.0,0.0,21,False
2024-09-18,EURUSD_OVERLAY,fx_forward,FX,EURUSD_RETURN,0.0,701228.5896604868,852.5014592928009,0.0,0.0,701228.5896604868,0.0,0.0,21,False
2024-09-19,SPY,etf,US Equity,SPY_RETURN,1846389.1664350026,0.0,11942.811956426276,1858331.978391429,1858331.978391429,0.0,0.0,0.0,21,False
2024-09-19,QQQ,etf,US Equity,QQQ_RETURN,926140.644581923,0.0,-4230.336412975884,921910.3081689471,921910.3081689471,0.0,0.0,0.0,21,False
2024-09-19,EFA,etf,International Equity,EFA_RETURN,920058.9664924479,0.0,785.0206694040987,920843.987161852,920843.987161852,0.0,0.0,0.0,21,False
2024-09-19,GLD,etf,Commodity,GLD_RETURN,484583.5125134033,0.0,5819.234064194517,490402.7465775978,490402.7465775978,0.0,0.0,0.0,21,False
2024-09-19,US5Y,bond,Rates,DGS5_CHANGE,1406597.9608629702,0.0,1959.5370835568938,1408557.497946527,1408557.497946527,0.0,4.5,22.0,21,False
2024-09-19,US10Y,bond,Rates,DGS10_CHANGE,1398960.4501833648,0.0,6506.2245850470545,1405466.6747684118,1405466.6747684118,0.0,8.0,70.0,21,False
2024-09-19,USD_CASH,cash,Cash,CASH_RETURN,2325121.6381363478,0.0,0.0,2326276.093655912,2326276.093655912,0.0,0.0,0.0,21,False
2024-09-19,EURUSD_OVERLAY,fx_forward,FX,EURUSD_RETURN,0.0,701228.5896604868,1154.4555195644189,0.0,0.0,701228.5896604868,0.0,0.0,21,False
2024-09-20,SPY,etf,US Equity,SPY_RETURN,1858331.978391429,0.0,-17712.2630480389,1840619.7153433901,1840619.7153433901,0.0,0.0,0.0,21,False
2024-09-20,QQQ,etf,US Equity,QQQ_RETURN,921910.3081689471,0.0,-9830.87315403175,912079.4350149154,912079.4350149154,0.0,0.0,0.0,21,False
2024-09-20,EFA,etf,International Equity,EFA_RETURN,920843.987161852,0.0,-8245.775534160042,912598.2116276919,912598.2116276919,0.0,0.0,0.0,21,False
2024-09-20,GLD,etf,Commodity,GLD_RETURN,490402.7465775978,0.0,-5708.870234271395,484693.8763433264,484693.8763433264,0.0,0.0,0.0,21,False
2024-09-20,US5Y,bond,Rates,DGS5_CHANGE,1408557.497946527,0.0,1184.9538264357568,1409742.451772963,1409742.451772963,0.0,4.5,22.0,21,False
2024-09-20,US10Y,bond,Rates,DGS10_CHANGE,1405466.6747684118,0.0,1150.2583857736458,1406616.9331541855,1406616.9331541855,0.0,8.0,70.0,21,False
2024-09-20,USD_CASH,cash,Cash,CASH_RETURN,2326276.093655912,0.0,0.0,2326599.2471447666,2326599.2471447666,0.0,0.0,0.0,21,False
2024-09-20,EURUSD_OVERLAY,fx_forward,FX,EURUSD_RETURN,0.0,701228.5896604868,323.153488854485,0.0,0.0,701228.5896604868,0.0,0.0,21,False
2024-09-23,SPY,etf,US Equity,SPY_RETURN,1840619.7153433901,0.0,17534.296872843817,1858154.0122162339,1858154.0122162339,0.0,0.0,0.0,21,False
2024-09-23,QQQ,etf,US Equity,QQQ_RETURN,912079.4350149154,0.0,4200.116628503413,916279.5516434188,916279.5516434188,0.0,0.0,0.0,21,False
2024-09-23,EFA,etf,International Equity,EFA_RETURN,912598.2116276919,0.0,14860.437549091588,927458.6491767835,927458.6491767835,0.0,0.0,0.0,21,False
2024-09-23,GLD,etf,Commodity,GLD_RETURN,484693.8763433264,0.0,6714.991410506843,491408.86775383324,491408.86775383324,0.0,0.0,0.0,21,False
2024-09-23,US5Y,bond,Rates,DGS5_CHANGE,1409742.451772963,0.0,1896.274903256055,1411638.726676219,1411638.726676219,0.0,4.5,22.0,21,False
2024-09-23,US10Y,bond,Rates,DGS10_CHANGE,1406616.9331541855,0.0,9092.051544139853,1415708.9846983254,1415708.9846983254,0.0,8.0,70.0,21,False
2024-09-23,USD_CASH,cash,Cash,CASH_RETURN,2326599.2471447666,0.0,0.0,2328624.6208073096,2328624.6208073096,0.0,0.0,0.0,21,False
2024-09-23,EURUSD_OVERLAY,fx_forward,FX,EURUSD_RETURN,0.0,701228.5896604868,2025.3736625430768,0.0,0.0,701228.5896604868,0.0,0.0,21,False
2024-09-24,SPY,etf,US Equity,SPY_RETURN,1858154.0122162339,0.0,-314.6365948974006,1857839.3756213365,1857839.3756213365,0.0,0.0,0.0,21,False
2024-09-24,QQQ,etf,US Equity,QQQ_RETURN,916279.5516434188,0.0,-12548.165994616016,903731.3856488029,903731.3856488029,0.0,0.0,0.0,21,False
2024-09-24,EFA,etf,International Equity,EFA_RETURN,927458.6491767835,0.0,-1030.3394924470383,926428.3096843364,926428.3096843364,0.0,0.0,0.0,21,False
2024-09-24,GLD,etf,Commodity,GLD_RETURN,491408.86775383324,0.0,1851.4947902472852,493260.36254408053,493260.36254408053,0.0,0.0,0.0,21,False
2024-09-24,US5Y,bond,Rates,DGS5_CHANGE,1411638.726676219,0.0,385.57506173778904,1412024.3017379567,1412024.3017379567,0.0,4.5,22.0,21,False
2024-09-24,US10Y,bond,Rates,DGS10_CHANGE,1415708.9846983254,0.0,4563.325429857539,1420272.3101281829,1420272.3101281829,0.0,8.0,70.0,21,False
2024-09-24,USD_CASH,cash,Cash,CASH_RETURN,2328624.6208073096,0.0,0.0,2332911.6616318966,2332911.6616318966,0.0,0.0,0.0,21,False
2024-09-24,EURUSD_OVERLAY,fx_forward,FX,EURUSD_RETURN,0.0,701228.5896604868,4287.040824586922,0.0,0.0,701228.5896604868,0.0,0.0,21,False
2024-09-25,SPY,etf,US Equity,SPY_RETURN,1857839.3756213365,0.0,-10095.55440024417,1847743.8212210923,1847743.8212210923,0.0,0.0,0.0,21,False
2024-09-25,QQQ,etf,US Equity,QQQ_RETURN,903731.3856488029,0.0,-13852.129961546772,889879.2556872561,889879.2556872561,0.0,0.0,0.0,21,False
2024-09-25,EFA,etf,International Equity,EFA_RETURN,926428.3096843364,0.0,-3883.5223954581397,922544.7872888782,922544.7872888782,0.0,0.0,0.0,21,False
2024-09-25,GLD,etf,Commodity,GLD_RETURN,493260.36254408053,0.0,-10947.288300977289,482313.07424310327,482313.07424310327,0.0,0.0,0.0,21,False
2024-09-25,US5Y,bond,Rates,DGS5_CHANGE,1412024.3017379567,0.0,-573.9898582104461,1411450.3118797462,1411450.3118797462,0.0,4.5,22.0,21,False
2024-09-25,US10Y,bond,Rates,DGS10_CHANGE,1420272.3101281829,0.0,-2411.1297240157746,1417861.1804041672,1417861.1804041672,0.0,8.0,70.0,21,False
2024-09-25,USD_CASH,cash,Cash,CASH_RETURN,2332911.6616318966,0.0,0.0,2336218.2949728225,2336218.2949728225,0.0,0.0,0.0,21,False
2024-09-25,EURUSD_OVERLAY,fx_forward,FX,EURUSD_RETURN,0.0,701228.5896604868,3306.633340926073,0.0,0.0,701228.5896604868,0.0,0.0,21,False
2024-09-26,SPY,etf,US Equity,SPY_RETURN,1847743.8212210923,0.0,-20167.998315420355,1827575.8229056718,1827575.8229056718,0.0,0.0,0.0,21,False
2024-09-26,QQQ,etf,US Equity,QQQ_RETURN,889879.2556872561,0.0,-10381.898260005411,879497.3574272507,879497.3574272507,0.0,0.0,0.0,21,False
2024-09-26,EFA,etf,International Equity,EFA_RETURN,922544.7872888782,0.0,-6095.917369208845,916448.8699196693,916448.8699196693,0.0,0.0,0.0,21,False
2024-09-26,GLD,etf,Commodity,GLD_RETURN,482313.07424310327,0.0,1249.9631786142984,483563.03742171754,483563.03742171754,0.0,0.0,0.0,21,False
2024-09-26,US5Y,bond,Rates,DGS5_CHANGE,1411450.3118797462,0.0,-1263.3211360394382,1410186.9907437067,1410186.9907437067,0.0,4.5,22.0,21,False
2024-09-26,US10Y,bond,Rates,DGS10_CHANGE,1417861.1804041672,0.0,-4271.277113006372,1413589.9032911607,1413589.9032911607,0.0,8.0,70.0,21,False
2024-09-26,USD_CASH,cash,Cash,CASH_RETURN,2336218.2949728225,0.0,0.0,2336837.735529399,2336837.735529399,0.0,0.0,0.0,21,False
2024-09-26,EURUSD_OVERLAY,fx_forward,FX,EURUSD_RETURN,0.0,701228.5896604868,619.440556576685,0.0,0.0,701228.5896604868,0.0,0.0,21,False
2024-09-27,SPY,etf,US Equity,SPY_RETURN,1827575.8229056718,0.0,-40638.33340332797,1786937.4895023438,1786937.4895023438,0.0,0.0,0.0,21,False
2024-09-27,QQQ,etf,US Equity,QQQ_RETURN,879497.3574272507,0.0,-21529.295293321233,857968.0621339295,857968.0621339295,0.0,0.0,0.0,21,False
2024-09-27,EFA,etf,International Equity,EFA_RETURN,916448.8699196693,0.0,-21968.713690998473,894480.1562286709,894480.1562286709,0.0,0.0,0.0,21,False
2024-09-27,GLD,etf,Commodity,GLD_RETURN,483563.03742171754,0.0,1625.2406764151333,485188.2780981327,485188.2780981327,0.0,0.0,0.0,21,False
2024-09-27,US5Y,bond,Rates,DGS5_CHANGE,1410186.9907437067,0.0,-4295.539322078931,1405891.4514216278,1405891.4514216278,0.0,4.5,22.0,21,False
2024-09-27,US10Y,bond,Rates,DGS10_CHANGE,1413589.9032911607,0.0,-1453.511642559864,1412136.3916486008,1412136.3916486008,0.0,8.0,70.0,21,False
2024-09-27,USD_CASH,cash,Cash,CASH_RETURN,2336837.735529399,0.0,0.0,2336724.7632599087,2336724.7632599087,0.0,0.0,0.0,21,False
2024-09-27,EURUSD_OVERLAY,fx_forward,FX,EURUSD_RETURN,0.0,701228.5896604868,-112.97226949029005,0.0,0.0,701228.5896604868,0.0,0.0,21,False
2024-09-30,SPY,etf,US Equity,SPY_RETURN,1786937.4895023438,0.0,19050.547385606835,1805988.0368879507,1805988.0368879507,0.0,0.0,0.0,21,False
2024-09-30,QQQ,etf,US Equity,QQQ_RETURN,857968.0621339295,0.0,15653.383976909454,873621.4461108389,873621.4461108389,0.0,0.0,0.0,21,False
2024-09-30,EFA,etf,International Equity,EFA_RETURN,894480.1562286709,0.0,7410.863413177157,901891.019641848,901891.019641848,0.0,0.0,0.0,21,False
2024-09-30,GLD,etf,Commodity,GLD_RETURN,485188.2780981327,0.0,-11699.843210105371,473488.4348880273,473488.4348880273,0.0,0.0,0.0,21,False
2024-09-30,US5Y,bond,Rates,DGS5_CHANGE,1405891.4514216278,0.0,-17.300136397065582,1405874.1512852306,1405874.1512852306,0.0,4.5,22.0,21,False
2024-09-30,US10Y,bond,Rates,DGS10_CHANGE,1412136.3916486008,0.0,-4430.050462306288,1407706.3411862946,1407706.3411862946,0.0,8.0,70.0,21,False
2024-09-30,USD_CASH,cash,Cash,CASH_RETURN,2336724.7632599087,0.0,0.0,2336748.908434647,2336748.908434647,0.0,0.0,0.0,21,False
2024-09-30,EURUSD_OVERLAY,fx_forward,FX,EURUSD_RETURN,0.0,701228.5896604868,24.145174738473326,0.0,0.0,701228.5896604868,0.0,0.0,21,False
2024-10-01,SPY,etf,US Equity,SPY_RETURN,1805988.0368879507,0.0,-5245.188290487551,1800742.8485974632,1839690.692476424,0.0,0.0,0.0,22,True
2024-10-01,QQQ,etf,US Equity,QQQ_RETURN,873621.4461108389,0.0,-1554.737579721818,872066.7085311171,919845.346238212,0.0,0.0,0.0,22,True
2024-10-01,EFA,etf,International Equity,EFA_RETURN,901891.019641848,0.0,-1847.9259835338162,900043.0936583142,919845.346238212,0.0,0.0,0.0,22,True
2024-10-01,GLD,etf,Commodity,GLD_RETURN,473488.4348880273,0.0,5492.9760662946355,478981.41095432197,459922.673119106,0.0,0.0,0.0,22,True
2024-10-01,US5Y,bond,Rates,DGS5_CHANGE,1405874.1512852306,0.0,-230.2379460546878,1405643.913339176,1379768.0193573178,0.0,4.5,22.0,22,True
2024-10-01,US10Y,bond,Rates,DGS10_CHANGE,1407706.3411862946,0.0,-2962.1071115697464,1404744.2340747248,1379768.0193573178,0.0,8.0,70.0,22,True
2024-10-01,USD_CASH,cash,Cash,CASH_RETURN,2336748.908434647,0.0,0.0,2336231.253227002,2299613.36559553,0.0,0.0,0.0,22,True
2024-10-01,EURUSD_OVERLAY,fx_forward,FX,EURUSD_RETURN,0.0,701228.5896604868,-517.6552076450408,0.0,0.0,689884.0096786589,0.0,0.0,22,True
2024-10-02,SPY,etf,US Equity,SPY_RETURN,1839690.692476424,0.0,-56498.57599364841,1783192.1164827754,1783192.1164827754,0.0,0.0,0.0,22,False
2024-10-02,QQQ,etf,US Equity,QQQ_RETURN,919845.346238212,0.0,-26960.066190994534,892885.2800472174,892885.2800472174,0.0,0.0,0.0,22,False
2024-10-02,EFA,etf,International Equity,EFA_RETURN,919845.346238212,0.0,-24533.678278858988,895311.667959353,895311.667959353,0.0,0.0,0.0,22,False
2024-10-02,GLD,etf,Commodity,GLD_RETURN,459922.673119106,0.0,-1787.3781001540983,458135.2950189519,458135.2950189519,0.0,0.0,0.0,22,False
2024-10-02,US5Y,bond,Rates,DGS5_CHANGE,1379768.0193573178,0.0,-3385.184965022289,1376382.8343922955,1376382.8343922955,0.0,4.5,22.0,22,False
2024-10-02,US10Y,bond,Rates,DGS10_CHANGE,1379768.0193573178,0.0,-5951.023957353054,1373816.9953999647,1373816.9953999647,0.0,8.0,70.0,22,False
2024-10-02,USD_CASH,cash,Cash,CASH_RETURN,2299613.36559553,0.0,0.0,2289362.5035476475,2289362.5035476475,0.0,0.0,0.0,22,False
2024-10-02,EURUSD_OVERLAY,fx_forward,FX,EURUSD_RETURN,0.0,689884.0096786589,-10250.8620478822,0.0,0.0,689884.0096786589,0.0,0.0,22,False
2024-10-03,SPY,etf,US Equity,SPY_RETURN,1783192.1164827754,0.0,18966.015314740773,1802158.1317975163,1802158.1317975163,0.0,0.0,0.0,22,False
2024-10-03,QQQ,etf,US Equity,QQQ_RETURN,892885.2800472174,0.0,13541.887283497164,906427.1673307145,906427.1673307145,0.0,0.0,0.0,22,False
2024-10-03,EFA,etf,International Equity,EFA_RETURN,895311.667959353,0.0,6511.74636943202,901823.414328785,901823.414328785,0.0,0.0,0.0,22,False
2024-10-03,GLD,etf,Commodity,GLD_RETURN,458135.2950189519,0.0,3460.4990348734696,461595.7940538253,461595.7940538253,0.0,0.0,0.0,22,False
2024-10-03,US5Y,bond,Rates,DGS5_CHANGE,1376382.8343922955,0.0,-1365.11384141184,1375017.7205508836,1375017.7205508836,0.0,4.5,22.0,22,False
2024-10-03,US10Y,bond,Rates,DGS10_CHANGE,1373816.9953999647,0.0,-4027.73797558212,1369789.2574243827,1369789.2574243827,0.0,8.0,70.0,22,False
2024-10-03,USD_CASH,cash,Cash,CASH_RETURN,2289362.5035476475,0.0,0.0,2289619.247887908,2289619.247887908,0.0,0.0,0.0,22,False
2024-10-03,EURUSD_OVERLAY,fx_forward,FX,EURUSD_RETURN,0.0,689884.0096786589,256.7443402607385,0.0,0.0,689884.0096786589,0.0,0.0,22,False
2024-10-04,SPY,etf,US Equity,SPY_RETURN,1802158.1317975163,0.0,13356.927250838107,1815515.0590483544,1815515.0590483544,0.0,0.0,0.0,22,False
2024-10-04,QQQ,etf,US Equity,QQQ_RETURN,906427.1673307145,0.0,14484.559913405845,920911.7272441203,920911.7272441203,0.0,0.0,0.0,22,False
2024-10-04,EFA,etf,International Equity,EFA_RETURN,901823.414328785,0.0,-9859.05803196501,891964.35629682,891964.35629682,0.0,0.0,0.0,22,False
2024-10-04,GLD,etf,Commodity,GLD_RETURN,461595.7940538253,0.0,1799.8511378223961,463395.6451916477,463395.6451916477,0.0,0.0,0.0,22,False
2024-10-04,US5Y,bond,Rates,DGS5_CHANGE,1375017.7205508836,0.0,-6257.858426130138,1368759.8621247534,1368759.8621247534,0.0,4.5,22.0,22,False
2024-10-04,US10Y,bond,Rates,DGS10_CHANGE,1369789.2574243827,0.0,-7131.10090292156,1362658.1565214612,1362658.1565214612,0.0,8.0,70.0,22,False
2024-10-04,USD_CASH,cash,Cash,CASH_RETURN,2289619.247887908,0.0,0.0,2285386.0932779703,2285386.0932779703,0.0,0.0,0.0,22,False
2024-10-04,EURUSD_OVERLAY,fx_forward,FX,EURUSD_RETURN,0.0,689884.0096786589,-4233.15460993763,0.0,0.0,689884.0096786589,0.0,0.0,22,False
2024-10-07,SPY,etf,US Equity,SPY_RETURN,1815515.0590483544,0.0,18216.737565095173,1833731.7966134495,1833731.7966134495,0.0,0.0,0.0,22,False
2024-10-07,QQQ,etf,US Equity,QQQ_RETURN,920911.7272441203,0.0,9890.3963380112,930802.1235821316,930802.1235821316,0.0,0.0,0.0,22,False
2024-10-07,EFA,etf,International Equity,EFA_RETURN,891964.35629682,0.0,7391.144200204951,899355.500497025,899355.500497025,0.0,0.0,0.0,22,False
2024-10-07,GLD,etf,Commodity,GLD_RETURN,463395.6451916477,0.0,1829.1397333267678,465224.7849249745,465224.7849249745,0.0,0.0,0.0,22,False
2024-10-07,US5Y,bond,Rates,DGS5_CHANGE,1368759.8621247534,0.0,-4661.798163715156,1364098.0639610384,1364098.0639610384,0.0,4.5,22.0,22,False
2024-10-07,US10Y,bond,Rates,DGS10_CHANGE,1362658.1565214612,0.0,-5165.977130397809,1357492.1793910633,1357492.1793910633,0.0,8.0,70.0,22,False
2024-10-07,USD_CASH,cash,Cash,CASH_RETURN,2285386.0932779703,0.0,0.0,2287832.8954781936,2287832.8954781936,0.0,0.0,0.0,22,False
2024-10-07,EURUSD_OVERLAY,fx_forward,FX,EURUSD_RETURN,0.0,689884.0096786589,2446.8022002233306,0.0,0.0,689884.0096786589,0.0,0.0,22,False
2024-10-08,SPY,etf,US Equity,SPY_RETURN,1833731.7966134495,0.0,15201.025279491685,1848932.8218929411,1848932.8218929411,0.0,0.0,0.0,22,False
2024-10-08,QQQ,etf,US Equity,QQQ_RETURN,930802.1235821316,0.0,26510.29218044401,957312.4157625756,957312.4157625756,0.0,0.0,0.0,22,False
2024-10-08,EFA,etf,International Equity,EFA_RETURN,899355.500497025,0.0,-1558.9506757694912,897796.5498212555,897796.5498212555,0.0,0.0,0.0,22,False
2024-10-08,GLD,etf,Commodity,GLD_RETURN,465224.7849249745,0.0,-2356.063877245971,462868.7210477285,462868.7210477285,0.0,0.0,0.0,22,False
2024-10-08,US5Y,bond,Rates,DGS5_CHANGE,1364098.0639610384,0.0,1669.8363136561247,1365767.9002746944,1365767.9002746944,0.0,4.5,22.0,22,False
2024-10-08,US10Y,bond,Rates,DGS10_CHANGE,1357492.1793910633,0.0,4926.149848551413,1362418.3292396148,1362418.3292396148,0.0,8.0,70.0,22,False
2024-10-08,USD_CASH,cash,Cash,CASH_RETURN,2287832.8954781936,0.0,0.0,2287221.3125949604,2287221.3125949604,0.0,0.0,0.0,22,False
2024-10-08,EURUSD_OVERLAY,fx_forward,FX,EURUSD_RETURN,0.0,689884.0096786589,-611.5828832330562,0.0,0.0,689884.0096786589,0.0,0.0,22,False
2024-10-09,SPY,etf,US Equity,SPY_RETURN,1848932.8218929411,0.0,10326.172449072801,1859258.994342014,1859258.994342014,0.0,0.0,0.0,22,False
2024-10-09,QQQ,etf,US Equity,QQQ_RETURN,957312.4157625756,0.0,-8801.767096964562,948510.648665611,948510.648665611,0.0,0.0,0.0,22,False
2024-10-09,EFA,etf,International Equity,EFA_RETURN,897796.5498212555,0.0,-2949.495738402986,894847.0540828526,894847.0540828526,0.0,0.0,0.0,22,False
2024-10-09,GLD,etf,Commodity,GLD_RETURN,462868.7210477285,0.0,1977.9207967104567,464846.641844439,464846.641844439,0.0,0.0,0.0,22,False
2024-10-09,US5Y,bond,Rates,DGS5_CHANGE,1365767.9002746944,0.0,5599.733566510325,1371367.6338412047,1371367.6338412047,0.0,4.5,22.0,22,False
2024-10-09,US10Y,bond,Rates,DGS10_CHANGE,1362418.3292396148,0.0,9330.165788142587,1371748.4950277572,1371748.4950277572,0.0,8.0,70.0,22,False
2024-10-09,USD_CASH,cash,Cash,CASH_RETURN,2287221.3125949604,0.0,0.0,2289002.0092206015,2289002.0092206015,0.0,0.0,0.0,22,False
2024-10-09,EURUSD_OVERLAY,fx_forward,FX,EURUSD_RETURN,0.0,689884.0096786589,1780.6966256412354,0.0,0.0,689884.0096786589,0.0,0.0,22,False
2024-10-10,SPY,etf,US Equity,SPY_RETURN,1859258.994342014,0.0,-4252.161551822101,1855006.8327901918,1855006.8327901918,0.0,0.0,0.0,22,False
2024-10-10,QQQ,etf,US Equity,QQQ_RETURN,948510.648665611,0.0,-814.6016509574355,947696.0470146536,947696.0470146536,0.0,0.0,0.0,22,False
2024-10-10,EFA,etf,International Equity,EFA_RETURN,894847.0540828526,0.0,-9778.408572410948,885068.6455104416,885068.6455104416,0.0,0.0,0.0,22,False
2024-10-10,GLD,etf,Commodity,GLD_RETURN,464846.641844439,0.0,98.48171431336434,464945.12355875236,464945.12355875236,0.0,0.0,0.0,22,False
2024-10-10,US5Y,bond,Rates,DGS5_CHANGE,1371367.6338412047,0.0,-541.4596340730661,1370826.1742071316,1370826.1742071316,0.0,4.5,22.0,22,False
2024-10-10,US10Y,bond,Rates,DGS10_CHANGE,1371748.4950277572,0.0,2714.6388940119186,1374463.1339217692,1374463.1339217692,0.0,8.0,70.0,22,False
2024-10-10,USD_CASH,cash,Cash,CASH_RETURN,2289002.0092206015,0.0,0.0,2290969.3843393386,2290969.3843393386,0.0,0.0,0.0,22,False
2024-10-10,EURUSD_OVERLAY,fx_forward,FX,EURUSD_RETURN,0.0,689884.0096786589,1967.3751187371338,0.0,0.0,689884.0096786589,0.0,0.0,22,False
2024-10-11,SPY,etf,US Equity,SPY_RETURN,1855006.8327901918,0.0,13270.116625701436,1868276.9494158933,1868276.9494158933,0.0,0.0,0.0,22,False
2024-10-11,QQQ,etf,US Equity,QQQ_RETURN,947696.0470146536,0.0,7076.21905344724,954772.2660681008,954772.2660681008,0.0,0.0,0.0,22,False
2024-10-11,EFA,etf,International Equity,EFA_RETURN,885068.6455104416,0.0,2710.5118863355488,887779.1573967772,887779.1573967772,0.0,0.0,0.0,22,False
2024-10-11,GLD,etf,Commodity,GLD_RETURN,464945.12355875236,0.0,683.5866307803417,465628.7101895327,465628.7101895327,0.0,0.0,0.0,22,False
2024-10-11,US5Y,bond,Rates,DGS5_CHANGE,1370826.1742071316,0.0,-1907.6061544849822,1368918.5680526467,1368918.5680526467,0.0,4.5,22.0,22,False
2024-10-11,US10Y,bond,Rates,DGS10_CHANGE,1374463.1339217692,0.0,-3785.1356644637685,1370677.9982573055,1370677.9982573055,0.0,8.0,70.0,22,False
2024-10-11,USD_CASH,cash,Cash,CASH_RETURN,2290969.3843393386,0.0,0.0,2294844.0817259536,2294844.0817259536,0.0,0.0,0.0,22,False
2024-10-11,EURUSD_OVERLAY,fx_forward,FX,EURUSD_RETURN,0.0,689884.0096786589,3874.697386615157,0.0,0.0,689884.0096786589,0.0,0.0,22,False
2024-10-14,SPY,etf,US Equity,SPY_RETURN,1868276.9494158933,0.0,7432.73750186455,1875709.6869177578,1875709.6869177578,0.0,0.0,0.0,22,False
2024-10-14,QQQ,etf,US Equity,QQQ_RETURN,954772.2660681008,0.0,332.3641498545826,955104.6302179554,955104.6302179554,0.0,0.0,0.0,22,False
2024-10-14,EFA,etf,International Equity,EFA_RETURN,887779.1573967772,0.0,4174.989588281375,891954.1469850586,891954.1469850586,0.0,0.0,0.0,22,False
2024-10-14,GLD,etf,Commodity,GLD_RETURN,465628.7101895327,0.0,7063.932565887137,472692.64275541983,472692.64275541983,0.0,0.0,0.0,22,False
2024-10-14,US5Y,bond,Rates,DGS5_CHANGE,1368918.5680526467,0.0,-1229.5547097124831,1367689.0133429342,1367689.0133429342,0.0,4.5,22.0,22,False
2024-10-14,US10Y,bond,Rates,DGS10_CHANGE,1370677.9982573055,0.0,86.96238068086684,1370764.9606379864,1370764.9606379864,0.0,8.0,70.0,22,False
2024-10-14,USD_CASH,cash,Cash,CASH_RETURN,2294844.0817259536,0.0,0.0,2297871.7684228756,2297871.7684228756,0.0,0.0,0.0,22,False
2024-10-14,EURUSD_OVERLAY,fx_forward,FX,EURUSD_RETURN,0.0,689884.0096786589,3027.6866969220446,0.0,0.0,689884.0096786589,0.0,0.0,22,False
2024-10-15,SPY,etf,US Equity,SPY_RETURN,1875709.6869177578,0.0,5236.163937630775,1880945.8508553887,1880945.8508553887,0.0,0.0,0.0,22,False
2024-10-15,QQQ,etf,US Equity,QQQ_RETURN,955104.6302179554,0.0,17065.64706923912,972170.2772871946,972170.2772871946,0.0,0.0,0.0,22,False
2024-10-15,EFA,etf,International Equity,EFA_RETURN,891954.1469850586,0.0,-5281.048051874708,886673.0989331838,886673.0989331838,0.0,0.0,0.0,22,False
2024-10-15,GLD,etf,Commodity,GLD_RETURN,472692.64275541983,0.0,1934.0468418490343,474626.6895972689,474626.6895972689,0.0,0.0,0.0,22,False
2024-10-15,US5Y,bond,Rates,DGS5_CHANGE,1367689.0133429342,0.0,-3188.1282850327443,1364500.8850579015,1364500.8850579015,0.0,4.5,22.0,22,False
2024-10-15,US10Y,bond,Rates,DGS10_CHANGE,1370764.9606379864,0.0,-7560.110253997035,1363204.8503839893,1363204.8503839893,0.0,8.0,70.0,22,False
2024-10-15,USD_CASH,cash,Cash,CASH_RETURN,2297871.7684228756,0.0,0.0,2288720.9512191084,2288720.9512191084,0.0,0.0,0.0,22,False
2024-10-15,EURUSD_OVERLAY,fx_forward,FX,EURUSD_RETURN,0.0,689884.0096786589,-9150.81720376703,0.0,0.0,689884.0096786589,0.0,0.0,22,False
2024-10-16,SPY,etf,US Equity,SPY_RETURN,1880945.8508553887,0.0,9262.384927179377,1890208.235782568,1890208.235782568,0.0,0.0,0.0,22,False
2024-10-16,QQQ,etf,US Equity,QQQ_RETURN,972170.2772871946,0.0,-919.2023061125703,971251.074981082,971251.074981082,0.0,0.0,0.0,22,False
2024-10-16,EFA,etf,International Equity,EFA_RETURN,886673.0989331838,0.0,5557.288433832269,892230.387367016,892230.387367016,0.0,0.0,0.0,22,False
2024-10-16,GLD,etf,Commodity,GLD_RETURN,474626.6895972689,0.0,-325.4270569840965,474301.2625402848,474301.2625402848,0.0,0.0,0.0,22,False
2024-10-16,US5Y,bond,Rates,DGS5_CHANGE,1364500.8850579015,0.0,-2482.8490460755925,1362018.036011826,1362018.036011826,0.0,4.5,22.0,22,False
2024-10-16,US10Y,bond,Rates,DGS10_CHANGE,1363204.8503839893,0.0,-5738.561096377308,1357466.289287612,1357466.289287612,0.0,8.0,70.0,22,False
2024-10-16,USD_CASH,cash,Cash,CASH_RETURN,2288720.9512191084,0.0,0.0,2295695.3629960986,2295695.3629960986,0.0,0.0,0.0,22,False
2024-10-16,EURUSD_OVERLAY,fx_forward,FX,EURUSD_RETURN,0.0,689884.0096786589,6974.411776990107,0.0,0.0,689884.0096786589,0.0,0.0,22,False
2024-10-17,SPY,etf,US Equity,SPY_RETURN,1890208.235782568,0.0,-26636.569306677124,1863571.666475891,1863571.666475891,0.0,0.0,0.0,22,False
2024-10-17,QQQ,etf,US Equity,QQQ_RETURN,971251.074981082,0.0,-21151.790852082184,950099.2841289998,950099.2841289998,0.0,0.0,0.0,22,False
2024-10-17,EFA,etf,International Equity,EFA_RETURN,892230.387367016,0.0,163.9532473349438,892394.340614351,892394.340614351,0.0,0.0,0.0,22,False
2024-10-17,GLD,etf,Commodity,GLD_RETURN,474301.2625402848,0.0,1827.4218320851048,476128.6843723699,476128.6843723699,0.0,0.0,0.0,22,False
2024-10-17,US5Y,bond,Rates,DGS5_CHANGE,1362018.036011826,0.0,-3060.7584288991393,1358957.277582927,1358957.277582927,0.0,4.5,22.0,22,False
2024-10-17,US10Y,bond,Rates,DGS10_CHANGE,1357466.289287612,0.0,-602.7158645387326,1356863.5734230734,1356863.5734230734,0.0,8.0,70.0,22,False
2024-10-17,USD_CASH,cash,Cash,CASH_RETURN,2295695.3629960986,0.0,0.0,2294264.3785722135,2294264.3785722135,0.0,0.0,0.0,22,False
2024-10-17,EURUSD_OVERLAY,fx_forward,FX,EURUSD_RETURN,0.0,689884.0096786589,-1430.9844238851335,0.0,0.0,689884.0096786589,0.0,0.0,22,False
2024-10-18,SPY,etf,US Equity,SPY_RETURN,1863571.666475891,0.0,3685.6029880129713,1867257.269463904,1867257.269463904,0.0,0.0,0.0,22,False
2024-10-18,QQQ,etf,US Equity,QQQ_RETURN,950099.2841289998,0.0,16795.48642911978,966894.7705581196,966894.7705581196,0.0,0.0,0.0,22,False
2024-10-18,EFA,etf,International Equity,EFA_RETURN,892394.340614351,0.0,-5719.907322622116,886674.4332917288,886674.4332917288,0.0,0.0,0.0,22,False
2024-10-18,GLD,etf,Commodity,GLD_RETURN,476128.6843723699,0.0,4609.147261989723,480737.8316343596,480737.8316343596,0.0,0.0,0.0,22,False
2024-10-18,US5Y,bond,Rates,DGS5_CHANGE,1358957.277582927,0.0,-2124.909211473506,1356832.3683714534,1356832.3683714534,0.0,4.5,22.0,22,False
2024-10-18,US10Y,bond,Rates,DGS10_CHANGE,1356863.5734230734,0.0,-3637.5948389862056,1353225.9785840872,1353225.9785840872,0.0,8.0,70.0,22,False
2024-10-18,USD_CASH,cash,Cash,CASH_RETURN,2294264.3785722135,0.0,0.0,2295199.753271255,2295199.753271255,0.0,0.0,0.0,22,False
2024-10-18,EURUSD_OVERLAY,fx_forward,FX,EURUSD_RETURN,0.0,689884.0096786589,935.374699041614,0.0,0.0,689884.0096786589,0.0,0.0,22,False
2024-10-21,SPY,etf,US Equity,SPY_RETURN,1867257.269463904,0.0,17417.27754357632,1884674.5470074804,1884674.5470074804,0.0,0.0,0.0,22,False
2024-10-21,QQQ,etf,US Equity,QQQ_RETURN,966894.7705581196,0.0,15732.67537806972,982627.4459361894,982627.4459361894,0.0,0.0,0.0,22,False
2024-10-21,EFA,etf,International Equity,EFA_RETURN,886674.4332917288,0.0,7117.8014454695885,893792.2347371985,893792.2347371985,0.0,0.0,0.0,22,False
2024-10-21,GLD,etf,Commodity,GLD_RETURN,480737.8316343596,0.0,380.92682464392846,481118.7584590035,481118.7584590035,0.0,0.0,0.0,22,False
2024-10-21,US5Y,bond,Rates,DGS5_CHANGE,1356832.3683714534,0.0,2384.4228477079287,1359216.7912191614,1359216.7912191614,0.0,4.5,22.0,22,False
2024-10-21,US10Y,bond,Rates,DGS10_CHANGE,1353225.9785840872,0.0,6785.435837406207,1360011.4144214934,1360011.4144214934,0.0,8.0,70.0,22,False
2024-10-21,USD_CASH,cash,Cash,CASH_RETURN,2295199.753271255,0.0,0.0,2296493.590083542,2296493.590083542,0.0,0.0,0.0,22,False
2024-10-21,EURUSD_OVERLAY,fx_forward,FX,EURUSD_RETURN,0.0,689884.0096786589,1293.8368122866457,0.0,0.0,689884.0096786589,0.0,0.0,22,False
2024-10-22,SPY,etf,US Equity,SPY_RETURN,1884674.5470074804,0.0,-19689.71064460281,1864984.8363628776,1864984.8363628776,0.0,0.0,0.0,22,False
2024-10-22,QQQ,etf,US Equity,QQQ_RETURN,982627.4459361894,0.0,-7480.902942948975,975146.5429932404,975146.5429932404,0.0,0.0,0.0,22,False
2024-10-22,EFA,etf,International Equity,EFA_RETURN,893792.2347371985,0.0,-4138.225374083977,889654.0093631145,889654.0093631145,0.0,0.0,0.0,22,False
2024-10-22,GLD,etf,Commodity,GLD_RETURN,481118.7584590035,0.0,2211.4560604991198,483330.21451950265,483330.21451950265,0.0,0.0,0.0,22,False
2024-10-22,US5Y,bond,Rates,DGS5_CHANGE,1359216.7912191614,0.0,879.0536400246003,1360095.8448591859,1360095.8448591859,0.0,4.5,22.0,22,False
2024-10-22,US10Y,bond,Rates,DGS10_CHANGE,1360011.4144214934,0.0,2763.9388787010794,1362775.3533001945,1362775.3533001945,0.0,8.0,70.0,22,False
2024-10-22,USD_CASH,cash,Cash,CASH_RETURN,2296493.590083542,0.0,0.0,2301609.153570445,2301609.153570445,0.0,0.0,0.0,22,False
2024-10-22,EURUSD_OVERLAY,fx_forward,FX,EURUSD_RETURN,0.0,689884.0096786589,5115.563486903027,0.0,0.0,689884.0096786589,0.0,0.0,22,False
2024-10-23,SPY,etf,US Equity,SPY_RETURN,1864984.8363628776,0.0,10199.149271241078,1875183.9856341188,1875183.9856341188,0.0,0.0,0.0,22,False
2024-10-23,QQQ,etf,US Equity,QQQ_RETURN,975146.5429932404,0.0,14494.956961492855,989641.4999547333,989641.4999547333,0.0,0.0,0.0,22,False
2024-10-23,EFA,etf,International Equity,EFA_RETURN,889654.0093631145,0.0,-4448.286075911231,885205.7232872032,885205.7232872032,0.0,0.0,0.0,22,False
2024-10-23,GLD,etf,Commodity,GLD_RETURN,483330.21451950265,0.0,-1831.8342562143148,481498.38026328833,481498.38026328833,0.0,0.0,0.0,22,False
2024-10-23,US5Y,bond,Rates,DGS5_CHANGE,1360095.8448591859,0.0,-595.4723441101141,1359500.3725150758,1359500.3725150758,0.0,4.5,22.0,22,False
2024-10-23,US10Y,bond,Rates,DGS10_CHANGE,1362775.3533001945,0.0,-1906.8585052481692,1360868.4947949464,1360868.4947949464,0.0,8.0,70.0,22,False
2024-10-23,USD_CASH,cash,Cash,CASH_RETURN,2301609.153570445,0.0,0.0,2296518.7598162913,2296518.7598162913,0.0,0.0,0.0,22,False
2024-10-23,EURUSD_OVERLAY,fx_forward,FX,EURUSD_RETURN,0.0,689884.0096786589,-5090.39375415344,0.0,0.0,689884.0096786589,0.0,0.0,22,False
2024-10-24,SPY,etf,US Equity,SPY_RETURN,1875183.9856341188,0.0,-34429.35790015406,1840754.6277339647,1840754.6277339647,0.0,0.0,0.0,22,False
2024-10-24,QQQ,etf,US Equity,QQQ_RETURN,989641.4999547333,0.0,-24863.94445149905,964777.5555032343,964777.5555032343,0.0,0.0,0.0,22,False
2024-10-24,EFA,etf,International Equity,EFA_RETURN,885205.7232872032,0.0,-10220.951966752846,874984.7713204504,874984.7713204504,0.0,0.0,0.0,22,False
2024-10-24,GLD,etf,Commodity,GLD_RETURN,481498.38026328833,0.0,6655.9672430935725,488154.3475063819,488154.3475063819,0.0,0.0,0.0,22,False
2024-10-24,US5Y,bond,Rates,DGS5_CHANGE,1359500.3725150758,0.0,-615.8895554919955,1358884.4829595839,1358884.4829595839,0.0,4.5,22.0,22,False
2024-10-24,US10Y,bond,Rates,DGS10_CHANGE,1360868.4947949464,0.0,-1889.9154190629777,1358978.5793758833,1358978.5793758833,0.0,8.0,70.0,22,False
2024-10-24,USD_CASH,cash,Cash,CASH_RETURN,2296518.7598162913,0.0,0.0,2297843.5041229976,2297843.5041229976,0.0,0.0,0.0,22,False
2024-10-24,EURUSD_OVERLAY,fx_forward,FX,EURUSD_RETURN,0.0,689884.0096786589,1324.7443067064896,0.0,0.0,689884.0096786589,0.0,0.0,22,False
2024-10-25,SPY,etf,US Equity,SPY_RETURN,1840754.6277339647,0.0,17229.827027600833,1857984.4547615654,1857984.4547615654,0.0,0.0,0.0,22,False
2024-10-25,QQQ,etf,US Equity,QQQ_RETURN,964777.5555032343,0.0,15623.848872416707,980401.4043756509,980401.4043756509,0.0,0.0,0.0,22,False
2024-10-25,EFA,etf,International Equity,EFA_RETURN,874984.7713204504,0.0,17047.61725861736,892032.3885790677,892032.3885790677,0.0,0.0,0.0,22,False
2024-10-25,GLD,etf,Commodity,GLD_RETURN,488154.3475063819,0.0,-2069.0734737999187,486085.274032582,486085.274032582,0.0,0.0,0.0,22,False
2024-10-25,US5Y,bond,Rates,DGS5_CHANGE,1358884.4829595839,0.0,1389.1870389327141,1360273.6699985166,1360273.6699985166,0.0,4.5,22.0,22,False
2024-10-25,US10Y,bond,Rates,DGS10_CHANGE,1358978.5793758833,0.0,5778.016128271029,1364756.5955041545,1364756.5955041545,0.0,8.0,70.0,22,False
2024-10-25,USD_CASH,cash,Cash,CASH_RETURN,2297843.5041229976,0.0,0.0,2305430.596728374,2305430.596728374,0.0,0.0,0.0,22,False
2024-10-25,EURUSD_OVERLAY,fx_forward,FX,EURUSD_RETURN,0.0,689884.0096786589,7587.092605376135,0.0,0.0,689884.0096786589,0.0,0.0,22,False
2024-10-28,SPY,etf,US Equity,SPY_RETURN,1857984.4547615654,0.0,36820.856491909,1894805.3112534743,1894805.3112534743,0.0,0.0,0.0,22,False
2024-10-28,QQQ,etf,US Equity,QQQ_RETURN,980401.4043756509,0.0,19168.043621626173,999569.4479972771,999569.4479972771,0.0,0.0,0.0,22,False
2024-10-28,EFA,etf,International Equity,EFA_RETURN,892032.3885790677,0.0,18512.850266224406,910545.238845292,910545.238845292,0.0,0.0,0.0,22,False
2024-10-28,GLD,etf,Commodity,GLD_RETURN,486085.274032582,0.0,-4016.1523132926964,482069.1217192893,482069.1217192893,0.0,0.0,0.0,22,False
2024-10-28,US5Y,bond,Rates,DGS5_CHANGE,1360273.6699985166,0.0,1142.7729860215384,1361416.4429845382,1361416.4429845382,0.0,4.5,22.0,22,False
2024-10-28,US10Y,bond,Rates,DGS10_CHANGE,1364756.5955041545,0.0,1025.5834633464856,1365782.178967501,1365782.178967501,0.0,8.0,70.0,22,False
2024-10-28,USD_CASH,cash,Cash,CASH_RETURN,2305430.596728374,0.0,0.0,2303958.7807511715,2303958.7807511715,0.0,0.0,0.0,22,False
2024-10-28,EURUSD_OVERLAY,fx_forward,FX,EURUSD_RETURN,0.0,689884.0096786589,-1471.8159772022987,0.0,0.0,689884.0096786589,0.0,0.0,22,False
2024-10-29,SPY,etf,US Equity,SPY_RETURN,1894805.3112534743,0.0,-16786.240539939896,1878019.0707135345,1878019.0707135345,0.0,0.0,0.0,22,False
2024-10-29,QQQ,etf,US Equity,QQQ_RETURN,999569.4479972771,0.0,-11506.141374582052,988063.3066226951,988063.3066226951,0.0,0.0,0.0,22,False
2024-10-29,EFA,etf,International Equity,EFA_RETURN,910545.238845292,0.0,-1765.8859158286568,908779.3529294634,908779.3529294634,0.0,0.0,0.0,22,False
2024-10-29,GLD,etf,Commodity,GLD_RETURN,482069.1217192893,0.0,8355.287615046562,490424.4093343358,490424.4093343358,0.0,0.0,0.0,22,False
2024-10-29,US5Y,bond,Rates,DGS5_CHANGE,1361416.4429845382,0.0,1294.6621144668902,1362711.1050990052,1362711.1050990052,0.0,4.5,22.0,22,False
2024-10-29,US10Y,bond,Rates,DGS10_CHANGE,1365782.178967501,0.0,-2665.858622382244,1363116.3203451189,1363116.3203451189,0.0,8.0,70.0,22,False
2024-10-29,USD_CASH,cash,Cash,CASH_RETURN,2303958.7807511715,0.0,0.0,2301743.9690712653,2301743.9690712653,0.0,0.0,0.0,22,False
2024-10-29,EURUSD_OVERLAY,fx_forward,FX,EURUSD_RETURN,0.0,689884.0096786589,-2214.811679906251,0.0,0.0,689884.0096786589,0.0,0.0,22,False
2024-10-30,SPY,etf,US Equity,SPY_RETURN,1878019.0707135345,0.0,-43917.59110177171,1834101.4796117628,1834101.4796117628,0.0,0.0,0.0,22,False
2024-10-30,QQQ,etf,US Equity,QQQ_RETURN,988063.3066226951,0.0,-17548.00975109118,970515.2968716039,970515.2968716039,0.0,0.0,0.0,22,False
2024-10-30,EFA,etf,International Equity,EFA_RETURN,908779.3529294634,0.0,-16684.954115039523,892094.3988144238,892094.3988144238,0.0,0.0,0.0,22,False
2024-10-30,GLD,etf,Commodity,GLD_RETURN,490424.4093343358,0.0,5376.356559082044,495800.7658934179,495800.7658934179,0.0,0.0,0.0,22,False
2024-10-30,US5Y,bond,Rates,DGS5_CHANGE,1362711.1050990052,0.0,675.7553300469345,1363386.860429052,1363386.860429052,0.0,4.5,22.0,22,False
2024-10-30,US10Y,bond,Rates,DGS10_CHANGE,1363116.3203451189,0.0,1690.1809814838302,1364806.5013266027,1364806.5013266027,0.0,8.0,70.0,22,False
2024-10-30,USD_CASH,cash,Cash,CASH_RETURN,2301743.9690712653,0.0,0.0,2301267.796613706,2301267.796613706,0.0,0.0,0.0,22,False
2024-10-30,EURUSD_OVERLAY,fx_forward,FX,EURUSD_RETURN,0.0,689884.0096786589,-476.17245755941565,0.0,0.0,689884.0096786589,0.0,0.0,22,False
2024-10-31,SPY,etf,US Equity,SPY_RETURN,1834101.4796117628,0.0,6768.518293687647,1840869.9979054504,1840869.9979054504,0.0,0.0,0.0,22,False
2024-10-31,QQQ,etf,US Equity,QQQ_RETURN,970515.2968716039,0.0,6228.841326599094,976744.138198203,976744.138198203,0.0,0.0,0.0,22,False
2024-10-31,EFA,etf,International Equity,EFA_RETURN,892094.3988144238,0.0,5740.782753121159,897835.1815675449,897835.1815675449,0.0,0.0,0.0,22,False
2024-10-31,GLD,etf,Commodity,GLD_RETURN,495800.7658934179,0.0,212.699988202905,496013.46588162077,496013.46588162077,0.0,0.0,0.0,22,False
2024-10-31,US5Y,bond,Rates,DGS5_CHANGE,1363386.860429052,0.0,3059.7724461005796,1366446.6328751526,1366446.6328751526,0.0,4.5,22.0,22,False
2024-10-31,US10Y,bond,Rates,DGS10_CHANGE,1364806.5013266027,0.0,4210.910987249575,1369017.4123138522,1369017.4123138522,0.0,8.0,70.0,22,False
2024-10-31,USD_CASH,cash,Cash,CASH_RETURN,2301267.796613706,0.0,0.0,2302984.661930805,2302984.661930805,0.0,0.0,0.0,22,False
2024-10-31,EURUSD_OVERLAY,fx_forward,FX,EURUSD_RETURN,0.0,689884.0096786589,1716.865317099056,0.0,0.0,689884.0096786589,0.0,0.0,22,False
2024-11-01,SPY,etf,US Equity,SPY_RETURN,1840869.9979054504,0.0,-14175.640021759813,1826694.3578836906,1845810.0798644135,0.0,0.0,0.0,23,True
2024-11-01,QQQ,etf,US Equity,QQQ_RETURN,976744.138198203,0.0,-7520.860752822558,969223.2774453805,922905.0399322067,0.0,0.0,0.0,23,True
2024-11-01,EFA,etf,International Equity,EFA_RETURN,897835.1815675449,0.0,3174.5403263078842,901009.7218938528,922905.0399322067,0.0,0.0,0.0,23,True
2024-11-01,GLD,etf,Commodity,GLD_RETURN,496013.46588162077,0.0,3962.838584615848,499976.3044662366,461452.51996610337,0.0,0.0,0.0,23,True
2024-11-01,US5Y,bond,Rates,DGS5_CHANGE,1366446.6328751526,0.0,-1049.6749489539438,1365396.9579261986,1384357.5598983099,0.0,4.5,22.0,23,True
2024-11-01,US10Y,bond,Rates,DGS10_CHANGE,1369017.4123138522,0.0,-6532.150085622461,1362485.2622282298,1384357.5598983099,0.0,8.0,70.0,23,True
2024-11-01,USD_CASH,cash,Cash,CASH_RETURN,2302984.661930805,0.0,0.0,2304264.517478477,2307262.5998305166,0.0,0.0,0.0,23,True
2024-11-01,EURUSD_OVERLAY,fx_forward,FX,EURUSD_RETURN,0.0,689884.0096786589,1279.855547672219,0.0,0.0,692178.7799491549,0.0,0.0,23,True
2024-11-04,SPY,etf,US Equity,SPY_RETURN,1845810.0798644135,0.0,-25560.670164309224,1820249.4097001043,1820249.4097001043,0.0,0.0,0.0,23,False
2024-11-04,QQQ,etf,US Equity,QQQ_RETURN,922905.0399322067,0.0,-13101.803547035044,909803.2363851717,909803.2363851717,0.0,0.0,0.0,23,False
2024-11-04,EFA,etf,International Equity,EFA_RETURN,922905.0399322067,0.0,-13766.682248660278,909138.3576835465,909138.3576835465,0.0,0.0,0.0,23,False
2024-11-04,GLD,etf,Commodity,GLD_RETURN,461452.51996610337,0.0,2593.156277509078,464045.6762436124,464045.6762436124,0.0,0.0,0.0,23,False
2024-11-04,US5Y,bond,Rates,DGS5_CHANGE,1384357.5598983099,0.0,4003.9122783874323,1388361.4721766973,1388361.4721766973,0.0,4.5,22.0,23,False
2024-11-04,US10Y,bond,Rates,DGS10_CHANGE,1384357.5598983099,0.0,6583.435541638499,1390940.9954399483,1390940.9954399483,0.0,8.0,70.0,23,False
2024-11-04,USD_CASH,cash,Cash,CASH_RETURN,2307262.5998305166,0.0,0.0,2303585.829217881,2303585.829217881,0.0,0.0,0.0,23,False
2024-11-04,EURUSD_OVERLAY,fx_forward,FX,EURUSD_RETURN,0.0,692178.7799491549,-3676.77061263581,0.0,0.0,692178.7799491549,0.0,0.0,23,False
2024-11-05,SPY,etf,US Equity,SPY_RETURN,1820249.4097001043,0.0,-21784.90867653894,1798464.5010235654,1798464.5010235654,0.0,0.0,0.0,23,False
2024-11-05,QQQ,etf,US Equity,QQQ_RETURN,909803.2363851717,0.0,-8142.265006441658,901660.97137873,901660.97137873,0.0,0.0,0.0,23,False
2024-11-05,EFA,etf,International Equity,EFA_RETURN,909138.3576835465,0.0,-268.5639079081106,908869.7937756383,908869.7937756383,0.0,0.0,0.0,23,False
2024-11-05,GLD,etf,Commodity,GLD_RETURN,464045.6762436124,0.0,618.9564905939403,464664.6327342064,464664.6327342064,0.0,0.0,0.0,23,False
2024-11-05,US5Y,bond,Rates,DGS5_CHANGE,1388361.4721766973,0.0,494.18079115154165,1388855.6529678488,1388855.6529678488,0.0,4.5,22.0,23,False
2024-11-05,US10Y,bond,Rates,DGS10_CHANGE,1390940.9954399483,0.0,-1340.9705565358947,1389600.0248834123,1389600.0248834123,0.0,8.0,70.0,23,False
2024-11-05,USD_CASH,cash,Cash,CASH_RETURN,2303585.829217881,0.0,0.0,2304929.9320684955,2304929.9320684955,0.0,0.0,0.0,23,False
2024-11-05,EURUSD_OVERLAY,fx_forward,FX,EURUSD_RETURN,0.0,692178.7799491549,1344.1028506147707,0.0,0.0,692178.7799491549,0.0,0.0,23,False
2024-11-06,SPY,etf,US Equity,SPY_RETURN,1798464.5010235654,0.0,-13216.266863946144,1785248.2341596193,1785248.2341596193,0.0,0.0,0.0,23,False
2024-11-06,QQQ,etf,US Equity,QQQ_RETURN,901660.97137873,0.0,4311.142043324404,905972.1134220544,905972.1134220544,0.0,0.0,0.0,23,False
2024-11-06,EFA,etf,International Equity,EFA_RETURN,908869.7937756383,0.0,-5097.8897413891955,903771.9040342491,903771.9040342491,0.0,0.0,0.0,23,False
2024-11-06,GLD,etf,Commodity,GLD_RETURN,464664.6327342064,0.0,4073.7416317381862,468738.3743659446,468738.3743659446,0.0,0.0,0.0,23,False
2024-11-06,US5Y,bond,Rates,DGS5_CHANGE,1388855.6529678488,0.0,-2335.93997554338,1386519.7129923054,1386519.7129923054,0.0,4.5,22.0,23,False
2024-11-06,US10Y,bond,Rates,DGS10_CHANGE,1389600.0248834123,0.0,-3088.547424652466,1386511.47745876,1386511.47745876,0.0,8.0,70.0,23,False
2024-11-06,USD_CASH,cash,Cash,CASH_RETURN,2304929.9320684955,0.0,0.0,2301976.9571083565,2301976.9571083565,0.0,0.0,0.0,23,False
2024-11-06,EURUSD_OVERLAY,fx_forward,FX,EURUSD_RETURN,0.0,692178.7799491549,-2952.9749601388407,0.0,0.0,692178.7799491549,0.0,0.0,23,False
2024-11-07,SPY,etf,US Equity,SPY_RETURN,1785248.2341596193,0.0,-22862.51995528802,1762385.7142043314,1762385.7142043314,0.0,0.0,0.0,23,False
2024-11-07,QQQ,etf,US Equity,QQQ_RETURN,905972.1134220544,0.0,-15816.311599762701,890155.8018222918,890155.8018222918,0.0,0.0,0.0,23,False
2024-11-07,EFA,etf,International Equity,EFA_RETURN,903771.9040342491,0.0,-19014.918296000902,884756.9857382482,884756.9857382482,0.0,0.0,0.0,23,False
2024-11-07,GLD,etf,Commodity,GLD_RETURN,468738.3743659446,0.0,-8814.437270553512,459923.9370953911,459923.9370953911,0.0,0.0,0.0,23,False
2024-11-07,US5Y,bond,Rates,DGS5_CHANGE,1386519.7129923054,0.0,519.6543385033632,1387039.3673308087,1387039.3673308087,0.0,4.5,22.0,23,False
2024-11-07,US10Y,bond,Rates,DGS10_CHANGE,1386511.47745876,0.0,5604.242654393415,1392115.7201131533,1392115.7201131533,0.0,8.0,70.0,23,False
2024-11-07,USD_CASH,cash,Cash,CASH_RETURN,2301976.9571083565,0.0,0.0,2298174.495970265,2298174.495970265,0.0,0.0,0.0,23,False
2024-11-07,EURUSD_OVERLAY,fx_forward,FX,EURUSD_RETURN,0.0,692178.7799491549,-3802.4611380916986,0.0,0.0,692178.7799491549,0.0,0.0,23,False
2024-11-08,SPY,etf,US Equity,SPY_RETURN,1762385.7142043314,0.0,-10177.586120903543,1752208.128083428,1752208.128083428,0.0,0.0,0.0,23,False
2024-11-08,QQQ,etf,US Equity,QQQ_RETURN,890155.8018222918,0.0,940.4062040128158,891096.2080263046,891096.2080263046,0.0,0.0,0.0,23,False
2024-11-08,EFA,etf,International Equity,EFA_RETURN,884756.9857382482,0.0,-5664.540291938949,879092.4454463093,879092.4454463093,0.0,0.0,0.0,23,False
2024-11-08,GLD,etf,Commodity,GLD_RETURN,459923.9370953911,0.0,-4718.373667994952,455205.5634273961,455205.5634273961,0.0,0.0,0.0,23,False
2024-11-08,US5Y,bond,Rates,DGS5_CHANGE,1387039.3673308087,0.0,1615.371795617804,1388654.7391264264,1388654.7391264264,0.0,4.5,22.0,23,False
2024-11-08,US10Y,bond,Rates,DGS10_CHANGE,1392115.7201131533,0.0,6103.081948999445,1398218.802062153,1398218.802062153,0.0,8.0,70.0,23,False
2024-11-08,USD_CASH,cash,Cash,CASH_RETURN,2298174.495970265,0.0,0.0,2299728.9871626124,2299728.9871626124,0.0,0.0,0.0,23,False
2024-11-08,EURUSD_OVERLAY,fx_forward,FX,EURUSD_RETURN,0.0,692178.7799491549,1554.4911923473567,0.0,0.0,692178.7799491549,0.0,0.0,23,False
2024-11-11,SPY,etf,US Equity,SPY_RETURN,1752208.128083428,0.0,18102.495008252474,1770310.6230916805,1770310.6230916805,0.0,0.0,0.0,23,False
2024-11-11,QQQ,etf,US Equity,QQQ_RETURN,891096.2080263046,0.0,7009.71484757454,898105.9228738792,898105.9228738792,0.0,0.0,0.0,23,False
2024-11-11,EFA,etf,International Equity,EFA_RETURN,879092.4454463093,0.0,-387.5462400083613,878704.899206301,878704.899206301,0.0,0.0,0.0,23,False
2024-11-11,GLD,etf,Commodity,GLD_RETURN,455205.5634273961,0.0,326.4932334115903,455532.0566608077,455532.0566608077,0.0,0.0,0.0,23,False
2024-11-11,US5Y,bond,Rates,DGS5_CHANGE,1388654.7391264264,0.0,500.25482763376664,1389154.9939540601,1389154.9939540601,0.0,4.5,22.0,23,False
2024-11-11,US10Y,bond,Rates,DGS10_CHANGE,1398218.802062153,0.0,4523.701691620516,1402742.5037537734,1402742.5037537734,0.0,8.0,70.0,23,False
2024-11-11,USD_CASH,cash,Cash,CASH_RETURN,2299728.9871626124,0.0,0.0,2291870.6688329745,2291870.6688329745,0.0,0.0,0.0,23,False
2024-11-11,EURUSD_OVERLAY,fx_forward,FX,EURUSD_RETURN,0.0,692178.7799491549,-7858.318329637924,0.0,0.0,692178.7799491549,0.0,0.0,23,False
2024-11-12,SPY,etf,US Equity,SPY_RETURN,1770310.6230916805,0.0,-29880.674626534572,1740429.948465146,1740429.948465146,0.0,0.0,0.0,23,False
2024-11-12,QQQ,etf,US Equity,QQQ_RETURN,898105.9228738792,0.0,-16636.564322153416,881469.3585517257,881469.3585517257,0.0,0.0,0.0,23,False
2024-11-12,EFA,etf,International Equity,EFA_RETURN,878704.899206301,0.0,-19131.44938097189,859573.4498253291,859573.4498253291,0.0,0.0,0.0,23,False
2024-11-12,GLD,etf,Commodity,GLD_RETURN,455532.0566608077,0.0,-1151.6034946212176,454380.45316618646,454380.45316618646,0.0,0.0,0.0,23,False
2024-11-12,US5Y,bond,Rates,DGS5_CHANGE,1389154.9939540601,0.0,-4708.040756857966,1384446.9531972022,1384446.9531972022,0.0,4.5,22.0,23,False
2024-11-12,US10Y,bond,Rates,DGS10_CHANGE,1402742.5037537734,0.0,-9120.486518406255,1393622.017235367,1393622.017235367,0.0,8.0,70.0,23,False
2024-11-12,USD_CASH,cash,Cash,CASH_RETURN,2291870.6688329745,0.0,0.0,2294637.9291684357,2294637.9291684357,0.0,0.0,0.0,23,False
2024-11-12,EURUSD_OVERLAY,fx_forward,FX,EURUSD_RETURN,0.0,692178.7799491549,2767.2603354612193,0.0,0.0,692178.7799491549,0.0,0.0,23,False
2024-11-13,SPY,etf,US Equity,SPY_RETURN,1740429.948465146,0.0,31284.277730820166,1771714.2261959661,1771714.2261959661,0.0,0.0,0.0,23,False
2024-11-13,QQQ,etf,US Equity,QQQ_RETURN,881469.3585517257,0.0,26088.279487346175,907557.6380390719,907557.6380390719,0.0,0.0,0.0,23,False
2024-11-13,EFA,etf,International Equity,EFA_RETURN,859573.4498253291,0.0,21545.21248386498,881118.6623091941,881118.6623091941,0.0,0.0,0.0,23,False
2024-11-13,GLD,etf,Commodity,GLD_RETURN,454380.45316618646,0.0,923.2562292605421,455303.709395447,455303.709395447,0.0,0.0,0.0,23,False
2024-11-13,US5Y,bond,Rates,DGS5_CHANGE,1384446.9531972022,0.0,1287.508471628104,1385734.4616688304,1385734.4616688304,0.0,4.5,22.0,23,False
2024-11-13,US10Y,bond,Rates,DGS10_CHANGE,1393622.017235367,0.0,1035.9362459083527,1394657.9534812754,1394657.9534812754,0.0,8.0,70.0,23,False
2024-11-13,USD_CASH,cash,Cash,CASH_RETURN,2294637.9291684357,0.0,0.0,2299481.0168862883,2299481.0168862883,0.0,0.0,0.0,23,False
2024-11-13,EURUSD_OVERLAY,fx_forward,FX,EURUSD_RETURN,0.0,692178.7799491549,4843.087717852358,0.0,0.0,692178.7799491549,0.0,0.0,23,False
2024-11-14,SPY,etf,US Equity,SPY_RETURN,1771714.2261959661,0.0,-18888.39116977482,1752825.8350261913,1752825.8350261913,0.0,0.0,0.0,23,False
2024-11-14,QQQ,etf,US Equity,QQQ_RETURN,907557.6380390719,0.0,-9113.471662214874,898444.1663768571,898444.1663768571,0.0,0.0,0.0,23,False
2024-11-14,EFA,etf,International Equity,EFA_RETURN,881118.6623091941,0.0,-8725.232606166943,872393.4297030271,872393.4297030271,0.0,0.0,0.0,23,False
2024-11-14,GLD,etf,Commodity,GLD_RETURN,455303.709395447,0.0,-84.64514783917295,455219.06424760784,455219.06424760784,0.0,0.0,0.0,23,False
2024-11-14,US5Y,bond,Rates,DGS5_CHANGE,1385734.4616688304,0.0,2711.657579202344,1388446.1192480328,1388446.1192480328,0.0,4.5,22.0,23,False
2024-11-14,US10Y,bond,Rates,DGS10_CHANGE,1394657.9534812754,0.0,3173.8290973285507,1397831.7825786038,1397831.7825786038,0.0,8.0,70.0,23,False
2024-11-14,USD_CASH,cash,Cash,CASH_RETURN,2299481.0168862883,0.0,0.0,2297218.7059781877,2297218.7059781877,0.0,0.0,0.0,23,False
2024-11-14,EURUSD_OVERLAY,fx_forward,FX,EURUSD_RETURN,0.0,692178.7799491549,-2262.3109081003404,0.0,0.0,692178.7799491549,0.0,0.0,23,False
2024-11-15,SPY,etf,US Equity,SPY_RETURN,1752825.8350261913,0.0,-30518.03054821257,1722307.8044779787,1722307.8044779787,0.0,0.0,0.0,23,False
2024-11-15,QQQ,etf,US Equity,QQQ_RETURN,898444.1663768571,0.0,-19030.204517639868,879413.9618592173,879413.9618592173,0.0,0.0,0.0,23,False
2024-11-15,EFA,etf,International Equity,EFA_RETURN,872393.4297030271,0.0,-10313.1916715398,862080.2380314873,862080.2380314873,0.0,0.0,0.0,23,False
2024-11-15,GLD,etf,Commodity,GLD_RETURN,455219.06424760784,0.0,1540.1451245733692,456759.2093721812,456759.2093721812,0.0,0.0,0.0,23,False
2024-11-15,US5Y,bond,Rates,DGS5_CHANGE,1388446.1192480328,0.0,-1249.4997726404524,1387196.6194753924,1387196.6194753924,0.0,4.5,22.0,23,False
2024-11-15,US10Y,bond,Rates,DGS10_CHANGE,1397831.7825786038,0.0,-2214.5054775443346,1395617.2771010594,1395617.2771010594,0.0,8.0,70.0,23,False
2024-11-15,USD_CASH,cash,Cash,CASH_RETURN,2297218.7059781877,0.0,0.0,2298296.8727209284,2298296.8727209284,0.0,0.0,0.0,23,False
2024-11-15,EURUSD_OVERLAY,fx_forward,FX,EURUSD_RETURN,0.0,692178.7799491549,1078.166742740833,0.0,0.0,692178.7799491549,0.0,0.0,23,False
2024-11-18,SPY,etf,US Equity,SPY_RETURN,1722307.8044779787,0.0,8190.289870469293,1730498.094348448,1730498.094348448,0.0,0.0,0.0,23,False
2024-11-18,QQQ,etf,US Equity,QQQ_RETURN,879413.9618592173,0.0,8152.408067840045,887566.3699270573,887566.3699270573,0.0,0.0,0.0,23,False
2024-11-18,EFA,etf,International Equity,EFA_RETURN,862080.2380314873,0.0,4823.632888504761,866903.8709199921,866903.8709199921,0.0,0.0,0.0,23,False
2024-11-18,GLD,etf,Commodity,GLD_RETURN,456759.2093721812,0.0,2935.4053267025597,459694.6146988838,459694.6146988838,0.0,0.0,0.0,23,False
2024-11-18,US5Y,bond,Rates,DGS5_CHANGE,1387196.6194753924,0.0,901.010474645503,1388097.629950038,1388097.629950038,0.0,4.5,22.0,23,False
2024-11-18,US10Y,bond,Rates,DGS10_CHANGE,1395617.2771010594,0.0,2536.9787179038453,1398154.2558189633,1398154.2558189633,0.0,8.0,70.0,23,False
2024-11-18,USD_CASH,cash,Cash,CASH_RETURN,2298296.8727209284,0.0,0.0,2301485.1397122196,2301485.1397122196,0.0,0.0,0.0,23,False
2024-11-18,EURUSD_OVERLAY,fx_forward,FX,EURUSD_RETURN,0.0,692178.7799491549,3188.2669912910424,0.0,0.0,692178.7799491549,0.0,0.0,23,False
2024-11-19,SPY,etf,US Equity,SPY_RETURN,1730498.094348448,0.0,46357.23929036277,1776855.3336388108,1776855.3336388108,0.0,0.0,0.0,23,False
2024-11-19,QQQ,etf,US Equity,QQQ_RETURN,887566.3699270573,0.0,9588.554500041791,897154.9244270991,897154.9244270991,0.0,0.0,0.0,23,False
2024-11-19,EFA,etf,International Equity,EFA_RETURN,866903.8709199921,0.0,17039.238983506795,883943.1099034989,883943.1099034989,0.0,0.0,0.0,23,False
2024-11-19,GLD,etf,Commodity,GLD_RETURN,459694.6146988838,0.0,533.8376791517047,460228.45237803546,460228.45237803546,0.0,0.0,0.0,23,False
2024-11-19,US5Y,bond,Rates,DGS5_CHANGE,1388097.629950038,0.0,193.3700469196782,1388290.9999969576,1388290.9999969576,0.0,4.5,22.0,23,False
2024-11-19,US10Y,bond,Rates,DGS10_CHANGE,1398154.2558189633,0.0,-198.40607468021742,1397955.8497442831,1397955.8497442831,0.0,8.0,70.0,23,False
2024-11-19,USD_CASH,cash,Cash,CASH_RETURN,2301485.1397122196,0.0,0.0,2303522.78604888,2303522.78604888,0.0,0.0,0.0,23,False
2024-11-19,EURUSD_OVERLAY,fx_forward,FX,EURUSD_RETURN,0.0,692178.7799491549,2037.646336660271,0.0,0.0,692178.7799491549,0.0,0.0,23,False
2024-11-20,SPY,etf,US Equity,SPY_RETURN,1776855.3336388108,0.0,585.1977553746808,1777440.5313941855,1777440.5313941855,0.0,0.0,0.0,23,False
2024-11-20,QQQ,etf,US Equity,QQQ_RETURN,897154.9244270991,0.0,-11414.247414100526,885740.6770129985,885740.6770129985,0.0,0.0,0.0,23,False
2024-11-20,EFA,etf,International Equity,EFA_RETURN,883943.1099034989,0.0,-8856.51371675275,875086.5961867461,875086.5961867461,0.0,0.0,0.0,23,False
2024-11-20,GLD,etf,Commodity,GLD_RETURN,460228.45237803546,0.0,-3038.8680535451285,457189.58432449034,457189.58432449034,0.0,0.0,0.0,23,False
2024-11-20,US5Y,bond,Rates,DGS5_CHANGE,1388290.9999969576,0.0,-925.3363390792952,1387365.6636578783,1387365.6636578783,0.0,4.5,22.0,23,False
2024-11-20,US10Y,bond,Rates,DGS10_CHANGE,1397955.8497442831,0.0,704.8200930625993,1398660.6698373458,1398660.6698373458,0.0,8.0,70.0,23,False
2024-11-20,USD_CASH,cash,Cash,CASH_RETURN,2303522.78604888,0.0,0.0,2303062.8747838666,2303062.8747838666,0.0,0.0,0.0,23,False
2024-11-20,EURUSD_OVERLAY,fx_forward,FX,EURUSD_RETURN,0.0,692178.7799491549,-459.911265013352,0.0,0.0,692178.7799491549,0.0,0.0,23,False
2024-11-21,SPY,etf,US Equity,SPY_RETURN,1777440.5313941855,0.0,16741.50186182391,1794182.0332560095,1794182.0332560095,0.0,0.0,0.0,23,False
2024-11-21,QQQ,etf,US Equity,QQQ_RETURN,885740.6770129985,0.0,21309.72932562291,907050.4063386214,907050.4063386214,0.0,0.0,0.0,23,False
2024-11-21,EFA,etf,International Equity,EFA_RETURN,875086.5961867461,0.0,-14941.84440466218,860144.751782084,860144.751782084,0.0,0.0,0.0,23,False
2024-11-21,GLD,etf,Commodity,GLD_RETURN,457189.58432449034,0.0,-14680.824217604231,442508.7601068861,442508.7601068861,0.0,0.0,0.0,23,False
2024-11-21,US5Y,bond,Rates,DGS5_CHANGE,1387365.6636578783,0.0,3718.7874063085155,1391084.4510641869,1391084.4510641869,0.0,4.5,22.0,23,False
2024-11-21,US10Y,bond,Rates,DGS10_CHANGE,1398660.6698373458,0.0,4153.107958251207,1402813.777795597,1402813.777795597,0.0,8.0,70.0,23,False
2024-11-21,USD_CASH,cash,Cash,CASH_RETURN,2303062.8747838666,0.0,0.0,2281194.170131979,2281194.170131979,0.0,0.0,0.0,23,False
2024-11-21,EURUSD_OVERLAY,fx_forward,FX,EURUSD_RETURN,0.0,692178.7799491549,-21868.70465188767,0.0,0.0,692178.7799491549,0.0,0.0,23,False
2024-11-22,SPY,etf,US Equity,SPY_RETURN,1794182.0332560095,0.0,-29525.340889740302,1764656.6923662692,1764656.6923662692,0.0,0.0,0.0,23,False
2024-11-22,QQQ,etf,US Equity,QQQ_RETURN,907050.4063386214,0.0,-17349.103972191606,889701.3023664298,889701.3023664298,0.0,0.0,0.0,23,False
2024-11-22,EFA,etf,International Equity,EFA_RETURN,860144.751782084,0.0,-13006.86499311999,847137.886788964,847137.886788964,0.0,0.0,0.0,23,False
2024-11-22,GLD,etf,Commodity,GLD_RETURN,442508.7601068861,0.0,-3493.4937256786297,439015.26638120745,439015.26638120745,0.0,0.0,0.0,23,False
2024-11-22,US5Y,bond,Rates,DGS5_CHANGE,1391084.4510641869,0.0,244.31493480304485,1391328.7659989898,1391328.7659989898,0.0,4.5,22.0,23,False
2024-11-22,US10Y,bond,Rates,DGS10_CHANGE,1402813.777795597,0.0,1640.6254967140408,1404454.4032923111,1404454.4032923111,0.0,8.0,70.0,23,False
2024-11-22,USD_CASH,cash,Cash,CASH_RETURN,2281194.170131979,0.0,0.0,2278720.923942215,2278720.923942215,0.0,0.0,0.0,23,False
2024-11-22,EURUSD_OVERLAY,fx_forward,FX,EURUSD_RETURN,0.0,692178.7799491549,-2473.2461897640414,0.0,0.0,692178.7799491549,0.0,0.0,23,False
2024-11-25,SPY,etf,US Equity,SPY_RETURN,1764656.6923662692,0.0,-9043.240863516754,1755613.4515027525,1755613.4515027525,0.0,0.0,0.0,23,False
2024-11-25,QQQ,etf,US Equity,QQQ_RETURN,889701.3023664298,0.0,-9966.452552882207,879734.8498135476,879734.8498135476,0.0,0.0,0.0,23,False
2024-11-25,EFA,etf,International Equity,EFA_RETURN,847137.886788964,0.0,-6314.427036592309,840823.4597523718,840823.4597523718,0.0,0.0,0.0,23,False
2024-11-25,GLD,etf,Commodity,GLD_RETURN,439015.26638120745,0.0,1600.2443131719515,440615.5106943794,440615.5106943794,0.0,0.0,0.0,23,False
2024-11-25,US5Y,bond,Rates,DGS5_CHANGE,1391328.7659989898,0.0,-3031.4793669012456,1388297.2866320885,1388297.2866320885,0.0,4.5,22.0,23,False
2024-11-25,US10Y,bond,Rates,DGS10_CHANGE,1404454.4032923111,0.0,-2675.2361157479604,1401779.167176563,1401779.167176563,0.0,8.0,70.0,23,False
2024-11-25,USD_CASH,cash,Cash,CASH_RETURN,2278720.923942215,0.0,0.0,2279003.425873657,2279003.425873657,0.0,0.0,0.0,23,False
2024-11-25,EURUSD_OVERLAY,fx_forward,FX,EURUSD_RETURN,0.0,692178.7799491549,282.50193144254104,0.0,0.0,692178.7799491549,0.0,0.0,23,False
2024-11-26,SPY,etf,US Equity,SPY_RETURN,1755613.4515027525,0.0,-11360.401240353796,1744253.0502623988,1744253.0502623988,0.0,0.0,0.0,23,False
2024-11-26,QQQ,etf,US Equity,QQQ_RETURN,879734.8498135476,0.0,-1058.1655015410256,878676.6843120066,878676.6843120066,0.0,0.0,0.0,23,False
2024-11-26,EFA,etf,International Equity,EFA_RETURN,840823.4597523718,0.0,-2639.537227007126,838183.9225253647,838183.9225253647,0.0,0.0,0.0,23,False
2024-11-26,GLD,etf,Commodity,GLD_RETURN,440615.5106943794,0.0,4681.508094095917,445297.0187884753,445297.0187884753,0.0,0.0,0.0,23,False
2024-11-26,US5Y,bond,Rates,DGS5_CHANGE,1388297.2866320885,0.0,333.89278240736195,1388631.1794144958,1388631.1794144958,0.0,4.5,22.0,23,False
2024-11-26,US10Y,bond,Rates,DGS10_CHANGE,1401779.167176563,0.0,-917.1891986575376,1400861.9779779054,1400861.9779779054,0.0,8.0,70.0,23,False
2024-11-26,USD_CASH,cash,Cash,CASH_RETURN,2279003.425873657,0.0,0.0,2273811.8190596336,2273811.8190596336,0.0,0.0,0.0,23,False
2024-11-26,EURUSD_OVERLAY,fx_forward,FX,EURUSD_RETURN,0.0,692178.7799491549,-5191.606814023774,0.0,0.0,692178.7799491549,0.0,0.0,23,False
2024-11-27,SPY,etf,US Equity,SPY_RETURN,1744253.0502623988,0.0,-9805.531148663264,1734447.5191137355,1734447.5191137355,0.0,0.0,0.0,23,False
2024-11-27,QQQ,etf,US Equity,QQQ_RETURN,878676.6843120066,0.0,-5545.857267484448,873130.8270445222,873130.8270445222,0.0,0.0,0.0,23,False
2024-11-27,EFA,etf,International Equity,EFA_RETURN,838183.9225253647,0.0,5936.298523604619,844120.2210489693,844120.2210489693,0.0,0.0,0.0,23,False
2024-11-27,GLD,etf,Commodity,GLD_RETURN,445297.0187884753,0.0,-200.50294079274548,445096.51584768255,445096.51584768255,0.0,0.0,0.0,23,False
2024-11-27,US5Y,bond,Rates,DGS5_CHANGE,1388631.1794144958,0.0,59.26899055714394,1388690.448405053,1388690.448405053,0.0,4.5,22.0,23,False
2024-11-27,US10Y,bond,Rates,DGS10_CHANGE,1400861.9779779054,0.0,-809.1222449748441,1400052.8557329306,1400052.8557329306,0.0,8.0,70.0,23,False
2024-11-27,USD_CASH,cash,Cash,CASH_RETURN,2273811.8190596336,0.0,0.0,2274651.883958604,2274651.883958604,0.0,0.0,0.0,23,False
2024-11-27,EURUSD_OVERLAY,fx_forward,FX,EURUSD_RETURN,0.0,692178.7799491549,840.0648989706445,0.0,0.0,692178.7799491549,0.0,0.0,23,False
2024-11-28,SPY,etf,US Equity,SPY_RETURN,1734447.5191137355,0.0,12165.672667970677,1746613.1917817062,1746613.1917817062,0.0,0.0,0.0,23,False
2024-11-28,QQQ,etf,US Equity,QQQ_RETURN,873130.8270445222,0.0,3283.7016267201448,876414.5286712423,876414.5286712423,0.0,0.0,0.0,23,False
2024-11-28,EFA,etf,International Equity,EFA_RETURN,844120.2210489693,0.0,12674.671724846585,856794.8927738159,856794.8927738159,0.0,0.0,0.0,23,False
2024-11-28,GLD,etf,Commodity,GLD_RETURN,445096.51584768255,0.0,-5303.125816486594,439793.39003119594,439793.39003119594,0.0,0.0,0.0,23,False
2024-11-28,US5Y,bond,Rates,DGS5_CHANGE,1388690.448405053,0.0,367.5953060410273,1389058.043711094,1389058.043711094,0.0,4.5,22.0,23,False
2024-11-28,US10Y,bond,Rates,DGS10_CHANGE,1400052.8557329306,0.0,-572.0150051325968,1399480.840727798,1399480.840727798,0.0,8.0,70.0,23,False
2024-11-28,USD_CASH,cash,Cash,CASH_RETURN,2274651.883958604,0.0,0.0,2276591.0114299217,2276591.0114299217,0.0,0.0,0.0,23,False
2024-11-28,EURUSD_OVERLAY,fx_forward,FX,EURUSD_RETURN,0.0,692178.7799491549,1939.1274713174325,0.0,0.0,692178.7799491549,0.0,0.0,23,False
2024-11-29,SPY,etf,US Equity,SPY_RETURN,1746613.1917817062,0.0,-2851.068128885525,1743762.1236528207,1743762.1236528207,0.0,0.0,0.0,23,False
2024-11-29,QQQ,etf,US Equity,QQQ_RETURN,876414.5286712423,0.0,-2078.2926609223946,874336.2360103199,874336.2360103199,0.0,0.0,0.0,23,False
2024-11-29,EFA,etf,International Equity,EFA_RETURN,856794.8927738159,0.0,2373.680589133133,859168.5733629491,859168.5733629491,0.0,0.0,0.0,23,False
2024-11-29,GLD,etf,Commodity,GLD_RETURN,439793.39003119594,0.0,4658.317735383359,444451.7077665793,444451.7077665793,0.0,0.0,0.0,23,False
2024-11-29,US5Y,bond,Rates,DGS5_CHANGE,1389058.043711094,0.0,-1148.075414516165,1387909.9682965777,1387909.9682965777,0.0,4.5,22.0,23,False
2024-11-29,US10Y,bond,Rates,DGS10_CHANGE,1399480.840727798,0.0,-4116.341367031568,1395364.4993607663,1395364.4993607663,0.0,8.0,70.0,23,False
2024-11-29,USD_CASH,cash,Cash,CASH_RETURN,2276591.0114299217,0.0,0.0,2277013.468921764,2277013.468921764,0.0,0.0,0.0,23,False
2024-11-29,EURUSD_OVERLAY,fx_forward,FX,EURUSD_RETURN,0.0,692178.7799491549,422.45749184207216,0.0,0.0,692178.7799491549,0.0,0.0,23,False
2024-12-02,SPY,etf,US Equity,SPY_RETURN,1743762.1236528207,0.0,21833.119847907714,1765595.2435007284,1803525.7566627914,0.0,0.0,0.0,24,True
2024-12-02,QQQ,etf,US Equity,QQQ_RETURN,874336.2360103199,0.0,5560.181550073427,879896.4175603933,901762.8783313957,0.0,0.0,0.0,24,True
2024-12-02,EFA,etf,International Equity,EFA_RETURN,859168.5733629491,0.0,12580.281797616579,871748.8551605657,901762.8783313957,0.0,0.0,0.0,24,True
2024-12-02,GLD,etf,Commodity,GLD_RETURN,444451.7077665793,0.0,-4570.649141347112,439881.0586252322,450881.43916569784,0.0,0.0,0.0,24,True
2024-12-02,US5Y,bond,Rates,DGS5_CHANGE,1387909.9682965777,0.0,-931.9522737915581,1386978.016022786,1352644.3174970935,0.0,4.5,22.0,24,True
2024-12-02,US10Y,bond,Rates,DGS10_CHANGE,1395364.4993607663,0.0,-2698.7064336678027,1392665.7929270985,1352644.3174970935,0.0,8.0,70.0,24,True
2024-12-02,USD_CASH,cash,Cash,CASH_RETURN,2277013.468921764,0.0,0.0,2280863.3995171515,2254407.195828489,0.0,0.0,0.0,24,True
2024-12-02,EURUSD_OVERLAY,fx_forward,FX,EURUSD_RETURN,0.0,692178.7799491549,3849.9305953876496,0.0,0.0,676322.1587485467,0.0,0.0,24,True
2024-12-03,SPY,etf,US Equity,SPY_RETURN,1803525.7566627914,0.0,27473.080513249566,1830998.837176041,1830998.837176041,0.0,0.0,0.0,24,False
2024-12-03,QQQ,etf,US Equity,QQQ_RETURN,901762.8783313957,0.0,23208.65612623327,924971.534457629,924971.534457629,0.0,0.0,0.0,24,False
2024-12-03,EFA,etf,International Equity,EFA_RETURN,901762.8783313957,0.0,21321.952908844432,923084.8312402401,923084.8312402401,0.0,0.0,0.0,24,False
2024-12-03,GLD,etf,Commodity,GLD_RETURN,450881.43916569784,0.0,-3001.381502277863,447880.05766342,447880.05766342,0.0,0.0,0.0,24,False
2024-12-03,US5Y,bond,Rates,DGS5_CHANGE,1352644.3174970935,0.0,4379.29532377381,1357023.6128208672,1357023.6128208672,0.0,4.5,22.0,24,False
2024-12-03,US10Y,bond,Rates,DGS10_CHANGE,1352644.3174970935,0.0,10483.380468738267,1363127.6979658317,1363127.6979658317,0.0,8.0,70.0,24,False
2024-12-03,USD_CASH,cash,Cash,CASH_RETURN,2254407.195828489,0.0,0.0,2261206.397468175,2261206.397468175,0.0,0.0,0.0,24,False
2024-12-03,EURUSD_OVERLAY,fx_forward,FX,EURUSD_RETURN,0.0,676322.1587485467,6799.201639685743,0.0,0.0,676322.1587485467,0.0,0.0,24,False
2024-12-04,SPY,etf,US Equity,SPY_RETURN,1830998.837176041,0.0,-1108.3144231350375,1829890.522752906,1829890.522752906,0.0,0.0,0.0,24,False
2024-12-04,QQQ,etf,US Equity,QQQ_RETURN,924971.534457629,0.0,5006.159153667163,929977.6936112961,929977.6936112961,0.0,0.0,0.0,24,False
2024-12-04,EFA,etf,International Equity,EFA_RETURN,923084.8312402401,0.0,6403.761839006508,929488.5930792467,929488.5930792467,0.0,0.0,0.0,24,False
2024-12-04,GLD,etf,Commodity,GLD_RETURN,447880.05766342,0.0,2078.7803519658896,449958.83801538585,449958.83801538585,0.0,0.0,0.0,24,False
2024-12-04,US5Y,bond,Rates,DGS5_CHANGE,1357023.6128208672,0.0,-1363.000261487417,1355660.6125593798,1355660.6125593798,0.0,4.5,22.0,24,False
2024-12-04,US10Y,bond,Rates,DGS10_CHANGE,1363127.6979658317,0.0,1074.263785182545,1364201.9617510142,1364201.9617510142,0.0,8.0,70.0,24,False
2024-12-04,USD_CASH,cash,Cash,CASH_RETURN,2261206.397468175,0.0,0.0,2263236.9873650135,2263236.9873650135,0.0,0.0,0.0,24,False
2024-12-04,EURUSD_OVERLAY,fx_forward,FX,EURUSD_RETURN,0.0,676322.1587485467,2030.5898968384706,0.0,0.0,676322.1587485467,0.0,0.0,24,False
2024-12-05,SPY,etf,US Equity,SPY_RETURN,1829890.522752906,0.0,17833.785781866867,1847724.3085347728,1847724.3085347728,0.0,0.0,0.0,24,False
2024-12-05,QQQ,etf,US Equity,QQQ_RETURN,929977.6936112961,0.0,16320.156586037148,946297.8501973333,946297.8501973333,0.0,0.0,0.0,24,False
2024-12-05,EFA,etf,International Equity,EFA_RETURN,929488.5930792467,0.0,11394.453455670884,940883.0465349176,940883.0465349176,0.0,0.0,0.0,24,False
2024-12-05,GLD,etf,Commodity,GLD_RETURN,449958.83801538585,0.0,3704.749868248874,453663.5878836347,453663.5878836347,0.0,0.0,0.0,24,False
2024-12-05,US5Y,bond,Rates,DGS5_CHANGE,1355660.6125593798,0.0,-687.1593102309943,1354973.4532491488,1354973.4532491488,0.0,4.5,22.0,24,False
2024-12-05,US10Y,bond,Rates,DGS10_CHANGE,1364201.9617510142,0.0,-1171.9984717448615,1363029.9632792694,1363029.9632792694,0.0,8.0,70.0,24,False
2024-12-05,USD_CASH,cash,Cash,CASH_RETURN,2263236.9873650135,0.0,0.0,2264227.9351736726,2264227.9351736726,0.0,0.0,0.0,24,False
2024-12-05,EURUSD_OVERLAY,fx_forward,FX,EURUSD_RETURN,0.0,676322.1587485467,990.947808659369,0.0,0.0,676322.1587485467,0.0,0.0,24,False
2024-12-06,SPY,etf,US Equity,SPY_RETURN,1847724.3085347728,0.0,-9197.174590434308,1838527.1339443384,1838527.1339443384,0.0,0.0,0.0,24,False
2024-12-06,QQQ,etf,US Equity,QQQ_RETURN,946297.8501973333,0.0,3888.9999183161926,950186.8501156494,950186.8501156494,0.0,0.0,0.0,24,False
2024-12-06,EFA,etf,International Equity,EFA_RETURN,940883.0465349176,0.0,-9067.564594996798,931815.4819399208,931815.4819399208,0.0,0.0,0.0,24,False
2024-12-06,GLD,etf,Commodity,GLD_RETURN,453663.5878836347,0.0,5950.678849760573,459614.2667333953,459614.2667333953,0.0,0.0,0.0,24,False
2024-12-06,US5Y,bond,Rates,DGS5_CHANGE,1354973.4532491488,0.0,-1001.7949322554805,1353971.6583168933,1353971.6583168933,0.0,4.5,22.0,24,False
2024-12-06,US10Y,bond,Rates,DGS10_CHANGE,1363029.9632792694,0.0,290.52566728570116,1363320.4889465552,1363320.4889465552,0.0,8.0,70.0,24,False
2024-12-06,USD_CASH,cash,Cash,CASH_RETURN,2264227.9351736726,0.0,0.0,2263397.822071358,2263397.822071358,0.0,0.0,0.0,24,False
2024-12-06,EURUSD_OVERLAY,fx_forward,FX,EURUSD_RETURN,0.0,676322.1587485467,-830.1131023146582,0.0,0.0,676322.1587485467,0.0,0.0,24,False
2024-12-09,SPY,etf,US Equity,SPY_RETURN,1838527.1339443384,0.0,-6179.480621705216,1832347.6533226331,1832347.6533226331,0.0,0.0,0.0,24,False
2024-12-09,QQQ,etf,US Equity,QQQ_RETURN,950186.8501156494,0.0,-6570.899545131308,943615.9505705182,943615.9505705182,0.0,0.0,0.0,24,False
2024-12-09,EFA,etf,International Equity,EFA_RETURN,931815.4819399208,0.0,-11123.86141498596,920691.6205249348,920691.6205249348,0.0,0.0,0.0,24,False
2024-12-09,GLD,etf,Commodity,GLD_RETURN,459614.2667333953,0.0,483.68358031335583,460097.9503137086,460097.9503137086,0.0,0.0,0.0,24,False
2024-12-09,US5Y,bond,Rates,DGS5_CHANGE,1353971.6583168933,0.0,-3536.186083104428,1350435.4722337888,1350435.4722337888,0.0,4.5,22.0,24,False
2024-12-09,US10Y,bond,Rates,DGS10_CHANGE,1363320.4889465552,0.0,-6038.08981083805,1357282.3991357172,1357282.3991357172,0.0,8.0,70.0,24,False
2024-12-09,USD_CASH,cash,Cash,CASH_RETURN,2263397.822071358,0.0,0.0,2256827.1971126287,2256827.1971126287,0.0,0.0,0.0,24,False
2024-12-09,EURUSD_OVERLAY,fx_forward,FX,EURUSD_RETURN,0.0,676322.1587485467,-6570.6249587295515,0.0,0.0,676322.1587485467,0.0,0.0,24,False
2024-12-10,SPY,etf,US Equity,SPY_RETURN,1832347.6533226331,0.0,-8128.74339659209,1824218.909926041,1824218.909926041,0.0,0.0,0.0,24,False
2024-12-10,QQQ,etf,US Equity,QQQ_RETURN,943615.9505705182,0.0,8673.212026430429,952289.1625969486,952289.1625969486,0.0,0.0,0.0,24,False
2024-12-10,EFA,etf,International Equity,EFA_RETURN,920691.6205249348,0.0,2309.594024207594,923001.2145491424,923001.2145491424,0.0,0.0,0.0,24,False
2024-12-10,GLD,etf,Commodity,GLD_RETURN,460097.9503137086,0.0,-6806.3277933943355,453291.6225203143,453291.6225203143,0.0,0.0,0.0,24,False
2024-12-10,US5Y,bond,Rates,DGS5_CHANGE,1350435.4722337888,0.0,198.08118936980418,1350633.5534231586,1350633.5534231586,0.0,4.5,22.0,24,False
2024-12-10,US10Y,bond,Rates,DGS10_CHANGE,1357282.3991357172,0.0,-742.6514065604426,1356539.7477291566,1356539.7477291566,0.0,8.0,70.0,24,False
2024-12-10,USD_CASH,cash,Cash,CASH_RETURN,2256827.1971126287,0.0,0.0,2263055.4490112634,2263055.4490112634,0.0,0.0,0.0,24,False
2024-12-10,EURUSD_OVERLAY,fx_forward,FX,EURUSD_RETURN,0.0,676322.1587485467,6228.251898634928,0.0,0.0,676322.1587485467,0.0,0.0,24,False
2024-12-11,SPY,etf,US Equity,SPY_RETURN,1824218.909926041,0.0,14625.960362737369,1838844.8702887783,1838844.8702887783,0.0,0.0,0.0,24,False
2024-12-11,QQQ,etf,US Equity,QQQ_RETURN,952289.1625969486,0.0,4558.614197928281,956847.7767948768,956847.7767948768,0.0,0.0,0.0,24,False
2024-12-11,EFA,etf,International Equity,EFA_RETURN,923001.2145491424,0.0,654.0338913881928,923655.2484405306,923655.2484405306,0.0,0.0,0.0,24,False
2024-12-11,GLD,etf,Commodity,GLD_RETURN,453291.6225203143,0.0,999.7242058261846,454291.3467261405,454291.3467261405,0.0,0.0,0.0,24,False
2024-12-11,US5Y,bond,Rates,DGS5_CHANGE,1350633.5534231586,0.0,1564.4261070065438,1352197.9795301652,1352197.9795301652,0.0,4.5,22.0,24,False
2024-12-11,US10Y,bond,Rates,DGS10_CHANGE,1356539.7477291566,0.0,1948.011437619199,1358487.7591667757,1358487.7591667757,0.0,8.0,70.0,24,False
2024-12-11,USD_CASH,cash,Cash,CASH_RETURN,2263055.4490112634,0.0,0.0,2260611.925376947,2260611.925376947,0.0,0.0,0.0,24,False
2024-12-11,EURUSD_OVERLAY,fx_forward,FX,EURUSD_RETURN,0.0,676322.1587485467,-2443.523634316335,0.0,0.0,676322.1587485467,0.0,0.0,24,False
2024-12-12,SPY,etf,US Equity,SPY_RETURN,1838844.8702887783,0.0,20014.53281477313,1858859.4031035514,1858859.4031035514,0.0,0.0,0.0,24,False
2024-12-12,QQQ,etf,US Equity,QQQ_RETURN,956847.7767948768,0.0,8750.422401397931,965598.1991962747,965598.1991962747,0.0,0.0,0.0,24,False
2024-12-12,EFA,etf,International Equity,EFA_RETURN,923655.2484405306,0.0,-260.1074759905305,923395.1409645401,923395.1409645401,0.0,0.0,0.0,24,False
2024-12-12,GLD,etf,Commodity,GLD_RETURN,454291.3467261405,0.0,1764.2788270297153,456055.62555317016,456055.62555317016,0.0,0.0,0.0,24,False
2024-12-12,US5Y,bond,Rates,DGS5_CHANGE,1352197.9795301652,0.0,208.14285558775273,1352406.1223857529,1352406.1223857529,0.0,4.5,22.0,24,False
2024-12-12,US10Y,bond,Rates,DGS10_CHANGE,1358487.7591667757,0.0,1202.2515274059767,1359690.0106941818,1359690.0106941818,0.0,8.0,70.0,24,False
2024-12-12,USD_CASH,cash,Cash,CASH_RETURN,2260611.925376947,0.0,0.0,2258790.0814648904,2258790.0814648904,0.0,0.0,0.0,24,False
2024-12-12,EURUSD_OVERLAY,fx_forward,FX,EURUSD_RETURN,0.0,676322.1587485467,-1821.8439120564835,0.0,0.0,676322.1587485467,0.0,0.0,24,False
2024-12-13,SPY,etf,US Equity,SPY_RETURN,1858859.4031035514,0.0,18158.543581878173,1877017.9466854294,1877017.9466854294,0.0,0.0,0.0,24,False
2024-12-13,QQQ,etf,US Equity,QQQ_RETURN,965598.1991962747,0.0,10674.262110368163,976272.4613066429,976272.4613066429,0.0,0.0,0.0,24,False
2024-12-13,EFA,etf,International Equity,EFA_RETURN,923395.1409645401,0.0,7531.598496452358,930926.7394609924,930926.7394609924,0.0,0.0,0.0,24,False
2024-12-13,GLD,etf,Commodity,GLD_RETURN,456055.62555317016,0.0,1366.9593742908103,457422.584927461,457422.584927461,0.0,0.0,0.0,24,False
2024-12-13,US5Y,bond,Rates,DGS5_CHANGE,1352406.1223857529,0.0,2474.2083785049003,1354880.3307642578,1354880.3307642578,0.0,4.5,22.0,24,False
2024-12-13,US10Y,bond,Rates,DGS10_CHANGE,1359690.0106941818,0.0,11859.486350781466,1371549.4970449633,1371549.4970449633,0.0,8.0,70.0,24,False
2024-12-13,USD_CASH,cash,Cash,CASH_RETURN,2258790.0814648904,0.0,0.0,2265256.0193206463,2265256.0193206463,0.0,0.0,0.0,24,False
2024-12-13,EURUSD_OVERLAY,fx_forward,FX,EURUSD_RETURN,0.0,676322.1587485467,6465.937855755776,0.0,0.0,676322.1587485467,0.0,0.0,24,False
2024-12-16,SPY,etf,US Equity,SPY_RETURN,1877017.9466854294,0.0,27341.029464427917,1904358.9761498573,1904358.9761498573,0.0,0.0,0.0,24,False
2024-12-16,QQQ,etf,US Equity,QQQ_RETURN,976272.4613066429,0.0,-5156.438925177654,971116.0223814652,971116.0223814652,0.0,0.0,0.0,24,False
2024-12-16,EFA,etf,International Equity,EFA_RETURN,930926.7394609924,0.0,2463.6911442290457,933390.4306052214,933390.4306052214,0.0,0.0,0.0,24,False
2024-12-16,GLD,etf,Commodity,GLD_RETURN,457422.584927461,0.0,770.5557654460671,458193.14069290704,458193.14069290704,0.0,0.0,0.0,24,False
2024-12-16,US5Y,bond,Rates,DGS5_CHANGE,1354880.3307642578,0.0,1062.8803153451997,1355943.211079603,1355943.211079603,0.0,4.5,22.0,24,False
2024-12-16,US10Y,bond,Rates,DGS10_CHANGE,1371549.4970449633,0.0,2608.801525909093,1374158.2985708723,1374158.2985708723,0.0,8.0,70.0,24,False
2024-12-16,USD_CASH,cash,Cash,CASH_RETURN,2265256.0193206463,0.0,0.0,2266720.16969701,2266720.16969701,0.0,0.0,0.0,24,False
2024-12-16,EURUSD_OVERLAY,fx_forward,FX,EURUSD_RETURN,0.0,676322.1587485467,1464.1503763638168,0.0,0.0,676322.1587485467,0.0,0.0,24,False
2024-12-17,SPY,etf,US Equity,SPY_RETURN,1904358.9761498573,0.0,-10787.762782121965,1893571.2133677353,1893571.2133677353,0.0,0.0,0.0,24,False
2024-12-17,QQQ,etf,US Equity,QQQ_RETURN,971116.0223814652,0.0,-10840.284848611429,960275.7375328537,960275.7375328537,0.0,0.0,0.0,24,False
2024-12-17,EFA,etf,International Equity,EFA_RETURN,933390.4306052214,0.0,-2738.050539226826,930652.3800659946,930652.3800659946,0.0,0.0,0.0,24,False
2024-12-17,GLD,etf,Commodity,GLD_RETURN,458193.14069290704,0.0,-4924.723871994941,453268.4168209121,453268.4168209121,0.0,0.0,0.0,24,False
2024-12-17,US5Y,bond,Rates,DGS5_CHANGE,1355943.211079603,0.0,-3100.5082796129154,1352842.70279999,1352842.70279999,0.0,4.5,22.0,24,False
2024-12-17,US10Y,bond,Rates,DGS10_CHANGE,1374158.2985708723,0.0,-5910.374556446237,1368247.924014426,1368247.924014426,0.0,8.0,70.0,24,False
2024-12-17,USD_CASH,cash,Cash,CASH_RETURN,2266720.16969701,0.0,0.0,2271113.2930696704,2271113.2930696704,0.0,0.0,0.0,24,False
2024-12-17,EURUSD_OVERLAY,fx_forward,FX,EURUSD_RETURN,0.0,676322.1587485467,4393.123372660407,0.0,0.0,676322.1587485467,0.0,0.0,24,False
2024-12-18,SPY,etf,US Equity,SPY_RETURN,1893571.2133677353,0.0,-31952.891556697658,1861618.3218110376,1861618.3218110376,0.0,0.0,0.0,24,False
2024-12-18,QQQ,etf,US Equity,QQQ_RETURN,960275.7375328537,0.0,-15562.258683697382,944713.4788491563,944713.4788491563,0.0,0.0,0.0,24,False
2024-12-18,EFA,etf,International Equity,EFA_RETURN,930652.3800659946,0.0,-11387.367020882912,919265.0130451117,919265.0130451117,0.0,0.0,0.0,24,False
2024-12-18,GLD,etf,Commodity,GLD_RETURN,453268.4168209121,0.0,-4562.884846471872,448705.5319744402,448705.5319744402,0.0,0.0,0.0,24,False
2024-12-18,US5Y,bond,Rates,DGS5_CHANGE,1352842.70279999,0.0,-1324.6428346051923,1351518.059965385,1351518.059965385,0.0,4.5,22.0,24,False
2024-12-18,US10Y,bond,Rates,DGS10_CHANGE,1368247.924014426,0.0,-11.248498255798022,1368236.6755161702,1368236.6755161702,0.0,8.0,70.0,24,False
2024-12-18,USD_CASH,cash,Cash,CASH_RETURN,2271113.2930696704,0.0,0.0,2268689.684515967,2268689.684515967,0.0,0.0,0.0,24,False
2024-12-18,EURUSD_OVERLAY,fx_forward,FX,EURUSD_RETURN,0.0,676322.1587485467,-2423.608553703404,0.0,0.0,676322.1587485467,0.0,0.0,24,False
2024-12-19,SPY,etf,US Equity,SPY_RETURN,1861618.3218110376,0.0,-22651.235676668413,1838967.0861343693,1838967.0861343693,0.0,0.0,0.0,24,False
2024-12-19,QQQ,etf,US Equity,QQQ_RETURN,944713.4788491563,0.0,-17143.478699152132,927570.0001500042,927570.0001500042,0.0,0.0,0.0,24,False
2024-12-19,EFA,etf,International Equity,EFA_RETURN,919265.0130451117,0.0,1364.8757375385787,920629.8887826502,920629.8887826502,0.0,0.0,0.0,24,False
2024-12-19,GLD,etf,Commodity,GLD_RETURN,448705.5319744402,0.0,216.52964143567223,448922.06161587586,448922.06161587586,0.0,0.0,0.0,24,False
2024-12-19,US5Y,bond,Rates,DGS5_CHANGE,1351518.059965385,0.0,-2750.388453213807,1348767.6715121712,1348767.6715121712,0.0,4.5,22.0,24,False
2024-12-19,US10Y,bond,Rates,DGS10_CHANGE,1368236.6755161702,0.0,-1646.8845371826887,1366589.7909789875,1366589.7909789875,0.0,8.0,70.0,24,False
2024-12-19,USD_CASH,cash,Cash,CASH_RETURN,2268689.684515967,0.0,0.0,2276088.9633795894,2276088.9633795894,0.0,0.0,0.0,24,False
2024-12-19,EURUSD_OVERLAY,fx_forward,FX,EURUSD_RETURN,0.0,676322.1587485467,7399.2788636222585,0.0,0.0,676322.1587485467,0.0,0.0,24,False
2024-12-20,SPY,etf,US Equity,SPY_RETURN,1838967.0861343693,0.0,18397.57907440783,1857364.6652087772,1857364.6652087772,0.0,0.0,0.0,24,False
2024-12-20,QQQ,etf,US Equity,QQQ_RETURN,927570.0001500042,0.0,1723.9382403503364,929293.9383903545,929293.9383903545,0.0,0.0,0.0,24,False
2024-12-20,EFA,etf,International Equity,EFA_RETURN,920629.8887826502,0.0,6996.895495947566,927626.7842785978,927626.7842785978,0.0,0.0,0.0,24,False
2024-12-20,GLD,etf,Commodity,GLD_RETURN,448922.06161587586,0.0,1688.619688429571,450610.68130430544,450610.68130430544,0.0,0.0,0.0,24,False
2024-12-20,US5Y,bond,Rates,DGS5_CHANGE,1348767.6715121712,0.0,-3432.6638090717347,1345335.0077030994,1345335.0077030994,0.0,4.5,22.0,24,False
2024-12-20,US10Y,bond,Rates,DGS10_CHANGE,1366589.7909789875,0.0,-4842.8359816112925,1361746.954997376,1361746.954997376,0.0,8.0,70.0,24,False
2024-12-20,USD_CASH,cash,Cash,CASH_RETURN,2276088.9633795894,0.0,0.0,2277748.1621495453,2277748.1621495453,0.0,0.0,0.0,24,False
2024-12-20,EURUSD_OVERLAY,fx_forward,FX,EURUSD_RETURN,0.0,676322.1587485467,1659.198769955833,0.0,0.0,676322.1587485467,0.0,0.0,24,False
2024-12-23,SPY,etf,US Equity,SPY_RETURN,1857364.6652087772,0.0,-16698.167360842483,1840666.4978479347,1840666.4978479347,0.0,0.0,0.0,24,False
2024-12-23,QQQ,etf,US Equity,QQQ_RETURN,929293.9383903545,0.0,-8863.08684907034,920430.8515412841,920430.8515412841,0.0,0.0,0.0,24,False
2024-12-23,EFA,etf,International Equity,EFA_RETURN,927626.7842785978,0.0,-6339.841329695323,921286.9429489025,921286.9429489025,0.0,0.0,0.0,24,False
2024-12-23,GLD,etf,Commodity,GLD_RETURN,450610.68130430544,0.0,-3388.467638046466,447222.21366625896,447222.21366625896,0.0,0.0,0.0,24,False
2024-12-23,US5Y,bond,Rates,DGS5_CHANGE,1345335.0077030994,0.0,-246.50319475754156,1345088.504508342,1345088.504508342,0.0,4.5,22.0,24,False
2024-12-23,US10Y,bond,Rates,DGS10_CHANGE,1361746.954997376,0.0,-6186.090916893136,1355560.8640804829,1355560.8640804829,0.0,8.0,70.0,24,False
2024-12-23,USD_CASH,cash,Cash,CASH_RETURN,2277748.1621495453,0.0,0.0,2276171.8990985714,2276171.8990985714,0.0,0.0,0.0,24,False
2024-12-23,EURUSD_OVERLAY,fx_forward,FX,EURUSD_RETURN,0.0,676322.1587485467,-1576.2630509738353,0.0,0.0,676322.1587485467,0.0,0.0,24,False
2024-12-24,SPY,etf,US Equity,SPY_RETURN,1840666.4978479347,0.0,48409.58768025352,1889076.0855281882,1889076.0855281882,0.0,0.0,0.0,24,False
2024-12-24,QQQ,etf,US Equity,QQQ_RETURN,920430.8515412841,0.0,17610.49339667386,938041.3449379579,938041.3449379579,0.0,0.0,0.0,24,False
2024-12-24,EFA,etf,International Equity,EFA_RETURN,921286.9429489025,0.0,13885.708263103332,935172.6512120059,935172.6512120059,0.0,0.0,0.0,24,False
2024-12-24,GLD,etf,Commodity,GLD_RETURN,447222.21366625896,0.0,-1984.9283889012406,445237.28527735773,445237.28527735773,0.0,0.0,0.0,24,False
2024-12-24,US5Y,bond,Rates,DGS5_CHANGE,1345088.504508342,0.0,-2332.0009724421,1342756.5035358998,1342756.5035358998,0.0,4.5,22.0,24,False
2024-12-24,US10Y,bond,Rates,DGS10_CHANGE,1355560.8640804829,0.0,-7440.546409327833,1348120.317671155,1348120.317671155,0.0,8.0,70.0,24,False
2024-12-24,USD_CASH,cash,Cash,CASH_RETURN,2276171.8990985714,0.0,0.0,2279606.5509052956,2279606.5509052956,0.0,0.0,0.0,24,False
2024-12-24,EURUSD_OVERLAY,fx_forward,FX,EURUSD_RETURN,0.0,676322.1587485467,3434.651806724167,0.0,0.0,676322.1587485467,0.0,0.0,24,False
2024-12-25,SPY,etf,US Equity,SPY_RETURN,1889076.0855281882,0.0,13352.553132225237,1902428.6386604134,1902428.6386604134,0.0,0.0,0.0,24,False
2024-12-25,QQQ,etf,US Equity,QQQ_RETURN,938041.3449379579,0.0,-2720.18932292209,935321.1556150358,935321.1556150358,0.0,0.0,0.0,24,False
2024-12-25,EFA,etf,International Equity,EFA_RETURN,935172.6512120059,0.0,7683.138744126985,942855.7899561329,942855.7899561329,0.0,0.0,0.0,24,False
2024-12-25,GLD,etf,Commodity,GLD_RETURN,445237.28527735773,0.0,2030.701702150292,447267.986979508,447267.986979508,0.0,0.0,0.0,24,False
2024-12-25,US5Y,bond,Rates,DGS5_CHANGE,1342756.5035358998,0.0,3189.894103742307,1345946.397639642,1345946.397639642,0.0,4.5,22.0,24,False
2024-12-25,US10Y,bond,Rates,DGS10_CHANGE,1348120.317671155,0.0,7022.531882490412,1355142.8495536456,1355142.8495536456,0.0,8.0,70.0,24,False
2024-12-25,USD_CASH,cash,Cash,CASH_RETURN,2279606.5509052956,0.0,0.0,2283707.462120242,2283707.462120242,0.0,0.0,0.0,24,False
2024-12-25,EURUSD_OVERLAY,fx_forward,FX,EURUSD_RETURN,0.0,676322.1587485467,4100.9112149462435,0.0,0.0,676322.1587485467,0.0,0.0,24,False
2024-12-26,SPY,etf,US Equity,SPY_RETURN,1902428.6386604134,0.0,-11315.445709593501,1891113.1929508199,1891113.1929508199,0.0,0.0,0.0,24,False
2024-12-26,QQQ,etf,US Equity,QQQ_RETURN,935321.1556150358,0.0,-10924.876815321515,924396.2787997143,924396.2787997143,0.0,0.0,0.0,24,False
2024-12-26,EFA,etf,International Equity,EFA_RETURN,942855.7899561329,0.0,-5876.148221646085,936979.6417344868,936979.6417344868,0.0,0.0,0.0,24,False
2024-12-26,GLD,etf,Commodity,GLD_RETURN,447267.986979508,0.0,4821.841691539176,452089.8286710472,452089.8286710472,0.0,0.0,0.0,24,False
2024-12-26,US5Y,bond,Rates,DGS5_CHANGE,1345946.397639642,0.0,-1218.2697592181612,1344728.1278804238,1344728.1278804238,0.0,4.5,22.0,24,False
2024-12-26,US10Y,bond,Rates,DGS10_CHANGE,1355142.8495536456,0.0,1235.592428481273,1356378.4419821268,1356378.4419821268,0.0,8.0,70.0,24,False
2024-12-26,USD_CASH,cash,Cash,CASH_RETURN,2283707.462120242,0.0,0.0,2281760.3900614157,2281760.3900614157,0.0,0.0,0.0,24,False
2024-12-26,EURUSD_OVERLAY,fx_forward,FX,EURUSD_RETURN,0.0,676322.1587485467,-1947.0720588259967,0.0,0.0,676322.1587485467,0.0,0.0,24,False
2024-12-27,SPY,etf,US Equity,SPY_RETURN,1891113.1929508199,0.0,18896.62502834108,1910009.817979161,1910009.817979161,0.0,0.0,0.0,24,False
2024-12-27,QQQ,etf,US Equity,QQQ_RETURN,924396.2787997143,0.0,-1430.0673883720133,922966.2114113423,922966.2114113423,0.0,0.0,0.0,24,False
2024-12-27,EFA,etf,International Equity,EFA_RETURN,936979.6417344868,0.0,12654.198759817538,949633.8404943043,949633.8404943043,0.0,0.0,0.0,24,False
2024-12-27,GLD,etf,Commodity,GLD_RETURN,452089.8286710472,0.0,-540.5201417651436,451549.30852928205,451549.30852928205,0.0,0.0,0.0,24,False
2024-12-27,US5Y,bond,Rates,DGS5_CHANGE,1344728.1278804238,0.0,-4791.53185484658,1339936.5960255773,1339936.5960255773,0.0,4.5,22.0,24,False
2024-12-27,US10Y,bond,Rates,DGS10_CHANGE,1356378.4419821268,0.0,-2245.221644251501,1354133.2203378752,1354133.2203378752,0.0,8.0,70.0,24,False
2024-12-27,USD_CASH,cash,Cash,CASH_RETURN,2281760.3900614157,0.0,0.0,2285666.254517634,2285666.254517634,0.0,0.0,0.0,24,False
2024-12-27,EURUSD_OVERLAY,fx_forward,FX,EURUSD_RETURN,0.0,676322.1587485467,3905.8644562181103,0.0,0.0,676322.1587485467,0.0,0.0,24,False
2024-12-30,SPY,etf,US Equity,SPY_RETURN,1910009.817979161,0.0,-8380.60038080045,1901629.2175983605,1901629.2175983605,0.0,0.0,0.0,24,False
2024-12-30,QQQ,etf,US Equity,QQQ_RETURN,922966.2114113423,0.0,3484.1359595957006,926450.3473709379,926450.3473709379,0.0,0.0,0.0,24,False
2024-12-30,EFA,etf,International Equity,EFA_RETURN,949633.8404943043,0.0,-17088.647339897754,932545.1931544065,932545.1931544065,0.0,0.0,0.0,24,False
2024-12-30,GLD,etf,Commodity,GLD_RETURN,451549.30852928205,0.0,4189.564596560802,455738.87312584283,455738.87312584283,0.0,0.0,0.0,24,False
2024-12-30,US5Y,bond,Rates,DGS5_CHANGE,1339936.5960255773,0.0,-1874.6665504133864,1338061.9294751638,1338061.9294751638,0.0,4.5,22.0,24,False
2024-12-30,US10Y,bond,Rates,DGS10_CHANGE,1354133.2203378752,0.0,-6350.034783994138,1347783.185553881,1347783.185553881,0.0,8.0,70.0,24,False
2024-12-30,USD_CASH,cash,Cash,CASH_RETURN,2285666.254517634,0.0,0.0,2281119.15967758,2281119.15967758,0.0,0.0,0.0,24,False
2024-12-30,EURUSD_OVERLAY,fx_forward,FX,EURUSD_RETURN,0.0,676322.1587485467,-4547.094840053876,0.0,0.0,676322.1587485467,0.0,0.0,24,False
2024-12-31,SPY,etf,US Equity,SPY_RETURN,1901629.2175983605,0.0,-31826.914178523817,1869802.3034198368,1869802.3034198368,0.0,0.0,0.0,24,False
2024-12-31,QQQ,etf,US Equity,QQQ_RETURN,926450.3473709379,0.0,-4418.9421743643215,922031.4051965736,922031.4051965736,0.0,0.0,0.0,24,False
2024-12-31,EFA,etf,International Equity,EFA_RETURN,932545.1931544065,0.0,-14257.882712230567,918287.310442176,918287.310442176,0.0,0.0,0.0,24,False
2024-12-31,GLD,etf,Commodity,GLD_RETURN,455738.87312584283,0.0,-13303.756759523845,442435.116366319,442435.116366319,0.0,0.0,0.0,24,False
2024-12-31,US5Y,bond,Rates,DGS5_CHANGE,1338061.9294751638,0.0,-1227.33279682586,1336834.596678338,1336834.596678338,0.0,4.5,22.0,24,False
2024-12-31,US10Y,bond,Rates,DGS10_CHANGE,1347783.185553881,0.0,-7716.302776114316,1340066.8827777668,1340066.8827777668,0.0,8.0,70.0,24,False
2024-12-31,USD_CASH,cash,Cash,CASH_RETURN,2281119.15967758,0.0,0.0,2287908.897979381,2287908.897979381,0.0,0.0,0.0,24,False
2024-12-31,EURUSD_OVERLAY,fx_forward,FX,EURUSD_RETURN,0.0,676322.1587485467,6789.7383018009805,0.0,0.0,676322.1587485467,0.0,0.0,24,False
