forecast_date,realized_date,expected_next_date,max_input_date,confidence,lookback,holdings_version,model_version,hypothetical_pnl,realized_loss,principal_contributor,model,var,es,exception,breach_magnitude,seed
2023-12-19,2023-12-20,2023-12-20,2023-12-19,0.99,250,12,1.0.0,51412.06344855998,-51412.06344855998,EURUSD_OVERLAY,Historical,81811.13463403129,101247.66821965209,False,0.0,
2023-12-19,2023-12-20,2023-12-20,2023-12-19,0.99,250,12,1.0.0,51412.06344855998,-51412.06344855998,EURUSD_OVERLAY,Parametric Normal,95635.64095520966,109566.3606849006,False,0.0,
2023-12-19,2023-12-20,2023-12-20,2023-12-19,0.99,250,12,1.0.0,51412.06344855998,-51412.06344855998,EURUSD_OVERLAY,Monte Carlo Normal,94161.18553206735,107498.34618081772,False,0.0,249000789.0
2023-12-20,2023-12-21,2023-12-21,2023-12-20,0.99,250,12,1.0.0,-1374.4096188950998,1374.4096188950998,EFA,Historical,82850.3717523574,102386.2615902228,False,0.0,
2023-12-20,2023-12-21,2023-12-21,2023-12-20,0.99,250,12,1.0.0,-1374.4096188950998,1374.4096188950998,EFA,Parametric Normal,96958.86445458978,111082.3309001023,False,0.0,
2023-12-20,2023-12-21,2023-12-21,2023-12-20,0.99,250,12,1.0.0,-1374.4096188950998,1374.4096188950998,EFA,Monte Carlo Normal,97093.163605984,112702.6978613075,False,0.0,250000792.0
2023-12-21,2023-12-22,2023-12-22,2023-12-21,0.99,250,12,1.0.0,20601.808286657848,-20601.808286657848,GLD,Historical,82713.466535399,101986.38004905928,False,0.0,
2023-12-21,2023-12-22,2023-12-22,2023-12-21,0.99,250,12,1.0.0,20601.808286657848,-20601.808286657848,GLD,Parametric Normal,96693.01663380621,110777.75848412498,False,0.0,
2023-12-21,2023-12-22,2023-12-22,2023-12-21,0.99,250,12,1.0.0,20601.808286657848,-20601.808286657848,GLD,Monte Carlo Normal,97655.43140359463,109233.81536828243,False,0.0,251000795.0
2023-12-22,2023-12-25,2023-12-25,2023-12-22,0.99,250,12,1.0.0,-2370.2028406249883,2370.2028406249883,US10Y,Historical,83311.0531699332,102813.49178994211,False,0.0,
2023-12-22,2023-12-25,2023-12-25,2023-12-22,0.99,250,12,1.0.0,-2370.2028406249883,2370.2028406249883,US10Y,Parametric Normal,97208.88924489696,111368.77543146473,False,0.0,
2023-12-22,2023-12-25,2023-12-25,2023-12-22,0.99,250,12,1.0.0,-2370.2028406249883,2370.2028406249883,US10Y,Monte Carlo Normal,96982.2668307712,110773.58328881547,False,0.0,252000798.0
2023-12-25,2023-12-26,2023-12-26,2023-12-25,0.99,250,12,1.0.0,62879.25453348693,-62879.25453348693,US5Y,Historical,83324.59944748248,102861.36917623601,False,0.0,
2023-12-25,2023-12-26,2023-12-26,2023-12-25,0.99,250,12,1.0.0,62879.25453348693,-62879.25453348693,US5Y,Parametric Normal,97197.5751115778,111355.813230347,False,0.0,
2023-12-25,2023-12-26,2023-12-26,2023-12-25,0.99,250,12,1.0.0,62879.25453348693,-62879.25453348693,US5Y,Monte Carlo Normal,100953.81108965455,115060.01386712313,False,0.0,253000801.0
2023-12-26,2023-12-27,2023-12-27,2023-12-26,0.99,250,12,1.0.0,-25443.590287661777,25443.590287661777,QQQ,Historical,84753.59770495641,104437.34234743292,False,0.0,
2023-12-26,2023-12-27,2023-12-27,2023-12-26,0.99,250,12,1.0.0,-25443.590287661777,25443.590287661777,QQQ,Parametric Normal,98932.76463867529,113343.75830692853,False,0.0,
2023-12-26,2023-12-27,2023-12-27,2023-12-26,0.99,250,12,1.0.0,-25443.590287661777,25443.590287661777,QQQ,Monte Carlo Normal,102113.60641951961,115077.35930331638,False,0.0,254000804.0
2023-12-27,2023-12-28,2023-12-28,2023-12-27,0.99,250,12,1.0.0,48514.85086141715,-48514.85086141715,GLD,Historical,84462.00651626757,104040.38466221548,False,0.0,
2023-12-27,2023-12-28,2023-12-28,2023-12-27,0.99,250,12,1.0.0,48514.85086141715,-48514.85086141715,GLD,Parametric Normal,98636.76142459946,113004.63792677119,False,0.0,
2023-12-27,2023-12-28,2023-12-28,2023-12-27,0.99,250,12,1.0.0,48514.85086141715,-48514.85086141715,GLD,Monte Carlo Normal,99162.41858835184,115442.86470314002,False,0.0,255000807.0
2023-12-28,2023-12-29,2023-12-29,2023-12-28,0.99,250,12,1.0.0,33027.56877596282,-33027.56877596282,QQQ,Historical,85144.20324701048,104927.19987103212,False,0.0,
2023-12-28,2023-12-29,2023-12-29,2023-12-28,0.99,250,12,1.0.0,33027.56877596282,-33027.56877596282,QQQ,Parametric Normal,98881.69320847592,113285.24758136609,False,0.0,
2023-12-28,2023-12-29,2023-12-29,2023-12-28,0.99,250,12,1.0.0,33027.56877596282,-33027.56877596282,QQQ,Monte Carlo Normal,98390.56059207038,115210.72075836724,False,0.0,256000810.0
2023-12-29,2024-01-01,2024-01-01,2023-12-29,0.99,250,12,1.0.0,7656.513570727537,-7656.513570727537,GLD,Historical,85687.52484544685,105490.76119643886,False,0.0,
2023-12-29,2024-01-01,2024-01-01,2023-12-29,0.99,250,12,1.0.0,7656.513570727537,-7656.513570727537,GLD,Parametric Normal,99244.85531195407,113701.30951831082,False,0.0,
2023-12-29,2024-01-01,2024-01-01,2023-12-29,0.99,250,12,1.0.0,7656.513570727537,-7656.513570727537,GLD,Monte Carlo Normal,102984.27913926188,117370.62432850394,False,0.0,257000813.0
2024-01-01,2024-01-02,2024-01-02,2024-01-01,0.99,250,13,1.0.0,40247.977167222096,-40247.977167222096,GLD,Historical,84956.54793479422,105146.99525534456,False,0.0,
2024-01-01,2024-01-02,2024-01-02,2024-01-01,0.99,250,13,1.0.0,40247.977167222096,-40247.977167222096,GLD,Parametric Normal,98444.4232481893,112784.28290222649,False,0.0,
2024-01-01,2024-01-02,2024-01-02,2024-01-01,0.99,250,13,1.0.0,40247.977167222096,-40247.977167222096,GLD,Monte Carlo Normal,99762.93423978121,113678.02868577071,False,0.0,258000816.0
2024-01-02,2024-01-03,2024-01-03,2024-01-02,0.99,250,13,1.0.0,-4758.925187833525,4758.925187833525,QQQ,Historical,85747.61937784073,106312.8515765362,False,0.0,
2024-01-02,2024-01-03,2024-01-03,2024-01-02,0.99,250,13,1.0.0,-4758.925187833525,4758.925187833525,QQQ,Parametric Normal,99494.36993852704,113987.16957318362,False,0.0,
2024-01-02,2024-01-03,2024-01-03,2024-01-02,0.99,250,13,1.0.0,-4758.925187833525,4758.925187833525,QQQ,Monte Carlo Normal,100473.72975651665,112062.20279285159,False,0.0,259000819.0
2024-01-03,2024-01-04,2024-01-04,2024-01-03,0.99,250,13,1.0.0,-97705.78494200105,97705.78494200105,SPY,Historical,85697.62290311261,106114.71406444302,True,12008.162038888433,
2024-01-03,2024-01-04,2024-01-04,2024-01-03,0.99,250,13,1.0.0,-97705.78494200105,97705.78494200105,SPY,Parametric Normal,99381.60585813918,113857.97976715866,False,0.0,
2024-01-03,2024-01-04,2024-01-04,2024-01-03,0.99,250,13,1.0.0,-97705.78494200105,97705.78494200105,SPY,Monte Carlo Normal,97173.4670334996,113074.77151330994,True,532.3179085014417,260000822.0
2024-01-04,2024-01-05,2024-01-05,2024-01-04,0.99,250,13,1.0.0,-65203.18538285247,65203.18538285247,SPY,Historical,85162.76167981708,108704.80959265266,False,0.0,
2024-01-04,2024-01-05,2024-01-05,2024-01-04,0.99,250,13,1.0.0,-65203.18538285247,65203.18538285247,SPY,Parametric Normal,98438.60079984552,112777.6123297398,False,0.0,
2024-01-04,2024-01-05,2024-01-05,2024-01-04,0.99,250,13,1.0.0,-65203.18538285247,65203.18538285247,SPY,Monte Carlo Normal,97847.25473777218,109596.41481273767,False,0.0,261000825.0
2024-01-05,2024-01-08,2024-01-08,2024-01-05,0.99,250,13,1.0.0,71944.49404626693,-71944.49404626693,GLD,Historical,83489.65913755959,106467.81524294987,False,0.0,
2024-01-05,2024-01-08,2024-01-08,2024-01-05,0.99,250,13,1.0.0,71944.49404626693,-71944.49404626693,GLD,Parametric Normal,96408.21025688534,110451.46592303172,False,0.0,
2024-01-05,2024-01-08,2024-01-08,2024-01-05,0.99,250,13,1.0.0,71944.49404626693,-71944.49404626693,GLD,Monte Carlo Normal,99116.26856487441,112620.62505138159,False,0.0,262000828.0
2024-01-08,2024-01-09,2024-01-09,2024-01-08,0.99,250,13,1.0.0,-34319.29425703179,34319.29425703179,SPY,Historical,84903.86841097473,108343.9568692628,False,0.0,
2024-01-08,2024-01-09,2024-01-09,2024-01-08,0.99,250,13,1.0.0,-34319.29425703179,34319.29425703179,SPY,Parametric Normal,98595.9060289192,112957.83134949185,False,0.0,
2024-01-08,2024-01-09,2024-01-09,2024-01-08,0.99,250,13,1.0.0,-34319.29425703179,34319.29425703179,SPY,Monte Carlo Normal,98053.34652514708,111659.50177201575,False,0.0,263000831.0
2024-01-09,2024-01-10,2024-01-10,2024-01-09,0.99,250,13,1.0.0,50098.124842537676,-50098.124842537676,GLD,Historical,84184.1203500665,107741.61766974222,False,0.0,
2024-01-09,2024-01-10,2024-01-10,2024-01-09,0.99,250,13,1.0.0,50098.124842537676,-50098.124842537676,GLD,Parametric Normal,97870.81103941584,112127.11574642555,False,0.0,
2024-01-09,2024-01-10,2024-01-10,2024-01-09,0.99,250,13,1.0.0,50098.124842537676,-50098.124842537676,GLD,Monte Carlo Normal,96248.14565336252,110208.38469677146,False,0.0,264000834.0
2024-01-10,2024-01-11,2024-01-11,2024-01-10,0.99,250,13,1.0.0,-90681.83793950772,90681.83793950772,SPY,Historical,84929.19311950913,108770.6623957149,True,5752.64481999859,
2024-01-10,2024-01-11,2024-01-11,2024-01-10,0.99,250,13,1.0.0,-90681.83793950772,90681.83793950772,SPY,Parametric Normal,98996.06235815416,113416.2762583291,False,0.0,
2024-01-10,2024-01-11,2024-01-11,2024-01-10,0.99,250,13,1.0.0,-90681.83793950772,90681.83793950772,SPY,Monte Carlo Normal,98720.7737379847,112039.18003591303,False,0.0,265000837.0
2024-01-11,2024-01-12,2024-01-12,2024-01-11,0.99,250,13,1.0.0,63717.61850543669,-63717.61850543669,US5Y,Historical,88946.13895672602,107871.51340543907,False,0.0,
2024-01-11,2024-01-12,2024-01-12,2024-01-11,0.99,250,13,1.0.0,63717.61850543669,-63717.61850543669,US5Y,Parametric Normal,97869.53143191893,112125.64974551689,False,0.0,
2024-01-11,2024-01-12,2024-01-12,2024-01-11,0.99,250,13,1.0.0,63717.61850543669,-63717.61850543669,US5Y,Monte Carlo Normal,97506.57672525242,112383.33602990447,False,0.0,266000840.0
2024-01-12,2024-01-15,2024-01-15,2024-01-12,0.99,250,13,1.0.0,-37062.17064556692,37062.17064556692,QQQ,Historical,90063.60843709097,109213.97615265925,False,0.0,
2024-01-12,2024-01-15,2024-01-15,2024-01-12,0.99,250,13,1.0.0,-37062.17064556692,37062.17064556692,QQQ,Parametric Normal,99621.66382426217,114133.00566167671,False,0.0,
2024-01-12,2024-01-15,2024-01-15,2024-01-12,0.99,250,13,1.0.0,-37062.17064556692,37062.17064556692,QQQ,Monte Carlo Normal,101202.75210475984,115703.30149629424,False,0.0,267000843.0
2024-01-15,2024-01-16,2024-01-16,2024-01-15,0.99,250,13,1.0.0,83513.26051892898,-83513.26051892898,USD_CASH,Historical,89507.97509353723,108636.41913029015,False,0.0,
2024-01-15,2024-01-16,2024-01-16,2024-01-15,0.99,250,13,1.0.0,83513.26051892898,-83513.26051892898,USD_CASH,Parametric Normal,99096.96165314424,113531.87300068706,False,0.0,
2024-01-15,2024-01-16,2024-01-16,2024-01-15,0.99,250,13,1.0.0,83513.26051892898,-83513.26051892898,USD_CASH,Monte Carlo Normal,98834.68734735424,110543.112287252,False,0.0,268000846.0
2024-01-16,2024-01-17,2024-01-17,2024-01-16,0.99,250,13,1.0.0,32547.93476653944,-32547.93476653944,USD_CASH,Historical,91062.27465443479,110463.78109487305,False,0.0,
2024-01-16,2024-01-17,2024-01-17,2024-01-16,0.99,250,13,1.0.0,32547.93476653944,-32547.93476653944,USD_CASH,Parametric Normal,101349.79902816893,116112.86885046634,False,0.0,
2024-01-16,2024-01-17,2024-01-17,2024-01-16,0.99,250,13,1.0.0,32547.93476653944,-32547.93476653944,USD_CASH,Monte Carlo Normal,101702.17733613266,117165.23171789086,False,0.0,269000849.0
2024-01-17,2024-01-18,2024-01-18,2024-01-17,0.99,250,13,1.0.0,7413.918668281511,-7413.918668281511,GLD,Historical,91323.69259485844,110836.42023058786,False,0.0,
2024-01-17,2024-01-18,2024-01-18,2024-01-17,0.99,250,13,1.0.0,7413.918668281511,-7413.918668281511,GLD,Parametric Normal,101776.93777555547,116602.22655844229,False,0.0,
2024-01-17,2024-01-18,2024-01-18,2024-01-17,0.99,250,13,1.0.0,7413.918668281511,-7413.918668281511,GLD,Monte Carlo Normal,103112.43137129152,119107.46022837177,False,0.0,270000852.0
2024-01-18,2024-01-19,2024-01-19,2024-01-18,0.99,250,13,1.0.0,3946.0136365044345,-3946.0136365044345,EFA,Historical,91518.62378229667,111177.38173982657,False,0.0,
2024-01-18,2024-01-19,2024-01-19,2024-01-18,0.99,250,13,1.0.0,3946.0136365044345,-3946.0136365044345,EFA,Parametric Normal,101893.48125415725,116735.74628690768,False,0.0,
2024-01-18,2024-01-19,2024-01-19,2024-01-18,0.99,250,13,1.0.0,3946.0136365044345,-3946.0136365044345,EFA,Monte Carlo Normal,101843.56414992912,116509.41122791561,False,0.0,271000855.0
2024-01-19,2024-01-22,2024-01-22,2024-01-19,0.99,250,13,1.0.0,-13801.666630821468,13801.666630821468,US10Y,Historical,91612.11903732215,111104.90871718642,False,0.0,
2024-01-19,2024-01-22,2024-01-22,2024-01-19,0.99,250,13,1.0.0,-13801.666630821468,13801.666630821468,US10Y,Parametric Normal,101900.59446611327,116743.89564146858,False,0.0,
2024-01-19,2024-01-22,2024-01-22,2024-01-19,0.99,250,13,1.0.0,-13801.666630821468,13801.666630821468,US10Y,Monte Carlo Normal,102033.60010031049,117117.80523058517,False,0.0,272000858.0
2024-01-22,2024-01-23,2024-01-23,2024-01-22,0.99,250,13,1.0.0,-81412.31556943186,81412.31556943186,SPY,Historical,91286.73124225592,110720.16676775942,False,0.0,
2024-01-22,2024-01-23,2024-01-23,2024-01-22,0.99,250,13,1.0.0,-81412.31556943186,81412.31556943186,SPY,Parametric Normal,101456.72564756907,116235.3708845511,False,0.0,
2024-01-22,2024-01-23,2024-01-23,2024-01-22,0.99,250,13,1.0.0,-81412.31556943186,81412.31556943186,SPY,Monte Carlo Normal,103043.56902422624,118018.15426608153,False,0.0,273000861.0
2024-01-23,2024-01-24,2024-01-24,2024-01-23,0.99,250,13,1.0.0,46537.41228842498,-46537.41228842498,US5Y,Historical,90072.52558239918,109081.77261356219,False,0.0,
2024-01-23,2024-01-24,2024-01-24,2024-01-23,0.99,250,13,1.0.0,46537.41228842498,-46537.41228842498,US5Y,Parametric Normal,100553.0222300651,115200.02994256075,False,0.0,
2024-01-23,2024-01-24,2024-01-24,2024-01-23,0.99,250,13,1.0.0,46537.41228842498,-46537.41228842498,US5Y,Monte Carlo Normal,96480.66075412765,110901.31300529891,False,0.0,274000864.0
2024-01-24,2024-01-25,2024-01-25,2024-01-24,0.99,250,13,1.0.0,-11880.868361340972,11880.868361340972,QQQ,Historical,90827.75590108754,110104.66677051494,False,0.0,
2024-01-24,2024-01-25,2024-01-25,2024-01-24,0.99,250,13,1.0.0,-11880.868361340972,11880.868361340972,QQQ,Parametric Normal,101504.98622506372,116290.66131589895,False,0.0,
2024-01-24,2024-01-25,2024-01-25,2024-01-24,0.99,250,13,1.0.0,-11880.868361340972,11880.868361340972,QQQ,Monte Carlo Normal,100658.90735181826,116491.25089417944,False,0.0,275000867.0
2024-01-25,2024-01-26,2024-01-26,2024-01-25,0.99,250,13,1.0.0,7575.773586319815,-7575.773586319815,SPY,Historical,90637.19495940596,109839.31005380323,False,0.0,
2024-01-25,2024-01-26,2024-01-26,2024-01-25,0.99,250,13,1.0.0,7575.773586319815,-7575.773586319815,SPY,Parametric Normal,101161.90261717397,115897.60259896379,False,0.0,
2024-01-25,2024-01-26,2024-01-26,2024-01-25,0.99,250,13,1.0.0,7575.773586319815,-7575.773586319815,SPY,Monte Carlo Normal,100023.42234901171,115552.45878146896,False,0.0,276000870.0
2024-01-26,2024-01-29,2024-01-29,2024-01-26,0.99,250,13,1.0.0,-12886.089215203567,12886.089215203567,EFA,Historical,90796.04556558505,110113.35549308869,False,0.0,
2024-01-26,2024-01-29,2024-01-29,2024-01-26,0.99,250,13,1.0.0,-12886.089215203567,12886.089215203567,EFA,Parametric Normal,101333.21601280823,116093.87027813382,False,0.0,
2024-01-26,2024-01-29,2024-01-29,2024-01-26,0.99,250,13,1.0.0,-12886.089215203567,12886.089215203567,EFA,Monte Carlo Normal,102042.69341756024,116265.45565333618,False,0.0,277000873.0
2024-01-29,2024-01-30,2024-01-30,2024-01-29,0.99,250,13,1.0.0,61223.44915553839,-61223.44915553839,EURUSD_OVERLAY,Historical,90742.56919154788,109810.87919514155,False,0.0,
2024-01-29,2024-01-30,2024-01-30,2024-01-29,0.99,250,13,1.0.0,61223.44915553839,-61223.44915553839,EURUSD_OVERLAY,Parametric Normal,100895.5246646212,115592.4228298276,False,0.0,
2024-01-29,2024-01-30,2024-01-30,2024-01-29,0.99,250,13,1.0.0,61223.44915553839,-61223.44915553839,EURUSD_OVERLAY,Monte Carlo Normal,99771.21398555435,110929.72041746129,False,0.0,278000876.0
2024-01-30,2024-01-31,2024-01-31,2024-01-30,0.99,250,13,1.0.0,88741.29333381675,-88741.29333381675,GLD,Historical,92043.82378513612,111260.53122929273,False,0.0,
2024-01-30,2024-01-31,2024-01-31,2024-01-30,0.99,250,13,1.0.0,88741.29333381675,-88741.29333381675,GLD,Parametric Normal,102680.66054681287,117637.58967334125,False,0.0,
2024-01-30,2024-01-31,2024-01-31,2024-01-30,0.99,250,13,1.0.0,88741.29333381675,-88741.29333381675,GLD,Monte Carlo Normal,104118.67025710711,118405.46991299326,False,0.0,279000879.0
2024-01-31,2024-02-01,2024-02-01,2024-01-31,0.99,250,13,1.0.0,44281.436418717974,-44281.436418717974,US10Y,Historical,93917.68742628342,113686.1589773889,False,0.0,
2024-01-31,2024-02-01,2024-02-01,2024-01-31,0.99,250,13,1.0.0,44281.436418717974,-44281.436418717974,US10Y,Parametric Normal,105645.28436700627,121034.0539991305,False,0.0,
2024-01-31,2024-02-01,2024-02-01,2024-01-31,0.99,250,13,1.0.0,44281.436418717974,-44281.436418717974,US10Y,Monte Carlo Normal,106046.08858268986,120627.7453267924,False,0.0,280000882.0
2024-02-01,2024-02-02,2024-02-02,2024-02-01,0.99,250,14,1.0.0,19695.115457478336,-19695.115457478336,SPY,Historical,93138.5784037044,112627.22386692258,False,0.0,
2024-02-01,2024-02-02,2024-02-02,2024-02-01,0.99,250,14,1.0.0,19695.115457478336,-19695.115457478336,SPY,Parametric Normal,104807.05959871819,120073.72962236093,False,0.0,
2024-02-01,2024-02-02,2024-02-02,2024-02-01,0.99,250,14,1.0.0,19695.115457478336,-19695.115457478336,SPY,Monte Carlo Normal,102432.5998675559,118285.41700123089,False,0.0,281000885.0
2024-02-02,2024-02-05,2024-02-05,2024-02-02,0.99,250,14,1.0.0,-33062.500255882136,33062.500255882136,SPY,Historical,93171.60594620813,112585.76338915678,False,0.0,
2024-02-02,2024-02-05,2024-02-05,2024-02-02,0.99,250,14,1.0.0,-33062.500255882136,33062.500255882136,SPY,Parametric Normal,104442.80794575125,119656.41942722417,False,0.0,
2024-02-02,2024-02-05,2024-02-05,2024-02-02,0.99,250,14,1.0.0,-33062.500255882136,33062.500255882136,SPY,Monte Carlo Normal,103961.38895418533,121985.7554996955,False,0.0,282000888.0
2024-02-05,2024-02-06,2024-02-06,2024-02-05,0.99,250,14,1.0.0,-5008.393177709142,5008.393177709142,SPY,Historical,92666.98288982488,111767.24459289969,False,0.0,
2024-02-05,2024-02-06,2024-02-06,2024-02-05,0.99,250,14,1.0.0,-5008.393177709142,5008.393177709142,SPY,Parametric Normal,103833.54362163336,118958.40690781202,False,0.0,
2024-02-05,2024-02-06,2024-02-06,2024-02-05,0.99,250,14,1.0.0,-5008.393177709142,5008.393177709142,SPY,Monte Carlo Normal,103949.63932316333,116451.09249014282,False,0.0,283000891.0
2024-02-06,2024-02-07,2024-02-07,2024-02-06,0.99,250,14,1.0.0,-17441.55344736662,17441.55344736662,SPY,Historical,92499.74717407508,111473.29826294833,False,0.0,
2024-02-06,2024-02-07,2024-02-07,2024-02-06,0.99,250,14,1.0.0,-17441.55344736662,17441.55344736662,SPY,Parametric Normal,103560.57056002706,118645.67135622802,False,0.0,
2024-02-06,2024-02-07,2024-02-07,2024-02-06,0.99,250,14,1.0.0,-17441.55344736662,17441.55344736662,SPY,Monte Carlo Normal,104829.50133796025,119543.34740330766,False,0.0,284000894.0
2024-02-07,2024-02-08,2024-02-08,2024-02-07,0.99,250,14,1.0.0,-13648.53462477495,13648.53462477495,SPY,Historical,92111.94472274529,111091.02640341292,False,0.0,
2024-02-07,2024-02-08,2024-02-08,2024-02-07,0.99,250,14,1.0.0,-13648.53462477495,13648.53462477495,SPY,Parametric Normal,103116.00330038732,118136.34642012813,False,0.0,
2024-02-07,2024-02-08,2024-02-08,2024-02-07,0.99,250,14,1.0.0,-13648.53462477495,13648.53462477495,SPY,Monte Carlo Normal,104040.02808620747,119565.40312201617,False,0.0,285000897.0
2024-02-08,2024-02-09,2024-02-09,2024-02-08,0.99,250,14,1.0.0,41508.06224592291,-41508.06224592291,GLD,Historical,91723.4401380175,110743.66888846297,False,0.0,
2024-02-08,2024-02-09,2024-02-09,2024-02-08,0.99,250,14,1.0.0,41508.06224592291,-41508.06224592291,GLD,Parametric Normal,102459.64569709949,117384.38080164292,False,0.0,
2024-02-08,2024-02-09,2024-02-09,2024-02-08,0.99,250,14,1.0.0,41508.06224592291,-41508.06224592291,GLD,Monte Carlo Normal,100926.10302998348,114990.54455268344,False,0.0,286000900.0
2024-02-09,2024-02-12,2024-02-12,2024-02-09,0.99,250,14,1.0.0,-17216.688032793587,17216.688032793587,SPY,Historical,92155.5295175875,111326.74245316799,False,0.0,
2024-02-09,2024-02-12,2024-02-12,2024-02-09,0.99,250,14,1.0.0,-17216.688032793587,17216.688032793587,SPY,Parametric Normal,102653.04321579194,117605.9494770549,False,0.0,
2024-02-09,2024-02-12,2024-02-12,2024-02-09,0.99,250,14,1.0.0,-17216.688032793587,17216.688032793587,SPY,Monte Carlo Normal,101737.72897292043,116604.5736555947,False,0.0,287000903.0
2024-02-12,2024-02-13,2024-02-13,2024-02-12,0.99,250,14,1.0.0,10390.890493957413,-10390.890493957413,EFA,Historical,91542.55345344149,110527.68734633637,False,0.0,
2024-02-12,2024-02-13,2024-02-13,2024-02-12,0.99,250,14,1.0.0,10390.890493957413,-10390.890493957413,EFA,Parametric Normal,99928.886561826,114484.97985182499,False,0.0,
2024-02-12,2024-02-13,2024-02-13,2024-02-12,0.99,250,14,1.0.0,10390.890493957413,-10390.890493957413,EFA,Monte Carlo Normal,98981.62311166913,112930.95856650146,False,0.0,288000906.0
2024-02-13,2024-02-14,2024-02-14,2024-02-13,0.99,250,14,1.0.0,-3978.7613554794557,3978.7613554794557,SPY,Historical,92168.9076606627,111171.44153119068,False,0.0,
2024-02-13,2024-02-14,2024-02-14,2024-02-13,0.99,250,14,1.0.0,-3978.7613554794557,3978.7613554794557,SPY,Parametric Normal,100469.60138065927,115104.45763517254,False,0.0,
2024-02-13,2024-02-14,2024-02-14,2024-02-13,0.99,250,14,1.0.0,-3978.7613554794557,3978.7613554794557,SPY,Monte Carlo Normal,102762.70193069495,116819.37889390752,False,0.0,289000909.0
2024-02-14,2024-02-15,2024-02-15,2024-02-14,0.99,250,14,1.0.0,16774.0194568582,-16774.0194568582,EFA,Historical,92127.97946955885,111242.98299704515,False,0.0,
2024-02-14,2024-02-15,2024-02-15,2024-02-14,0.99,250,14,1.0.0,16774.0194568582,-16774.0194568582,EFA,Parametric Normal,100439.91133284968,115070.44280080152,False,0.0,
2024-02-14,2024-02-15,2024-02-15,2024-02-14,0.99,250,14,1.0.0,16774.0194568582,-16774.0194568582,EFA,Monte Carlo Normal,97678.9541339382,113742.60835516066,False,0.0,290000912.0
2024-02-15,2024-02-16,2024-02-16,2024-02-15,0.99,250,14,1.0.0,34525.883502719546,-34525.883502719546,USD_CASH,Historical,92513.41733400742,111504.36129452844,False,0.0,
2024-02-15,2024-02-16,2024-02-16,2024-02-15,0.99,250,14,1.0.0,34525.883502719546,-34525.883502719546,USD_CASH,Parametric Normal,100824.65856375692,115511.23405240034,False,0.0,
2024-02-15,2024-02-16,2024-02-16,2024-02-15,0.99,250,14,1.0.0,34525.883502719546,-34525.883502719546,USD_CASH,Monte Carlo Normal,101148.65986306853,115108.59669125309,False,0.0,291000915.0
2024-02-16,2024-02-19,2024-02-19,2024-02-16,0.99,250,14,1.0.0,-17254.59666027531,17254.59666027531,GLD,Historical,93034.63372970221,112254.63813538947,False,0.0,
2024-02-16,2024-02-19,2024-02-19,2024-02-16,0.99,250,14,1.0.0,-17254.59666027531,17254.59666027531,GLD,Parametric Normal,101546.44363105728,116338.15759503485,False,0.0,
2024-02-16,2024-02-19,2024-02-19,2024-02-16,0.99,250,14,1.0.0,-17254.59666027531,17254.59666027531,GLD,Monte Carlo Normal,102793.59131802792,118250.36803249476,False,0.0,292000918.0
2024-02-19,2024-02-20,2024-02-20,2024-02-19,0.99,250,14,1.0.0,-3896.573029359235,3896.573029359235,GLD,Historical,92754.76857614348,111894.80114097343,False,0.0,
2024-02-19,2024-02-20,2024-02-20,2024-02-19,0.99,250,14,1.0.0,-3896.573029359235,3896.573029359235,GLD,Parametric Normal,100963.96805271643,115670.83599119337,False,0.0,
2024-02-19,2024-02-20,2024-02-20,2024-02-19,0.99,250,14,1.0.0,-3896.573029359235,3896.573029359235,GLD,Monte Carlo Normal,100628.89175039009,114446.83233869176,False,0.0,293000921.0
2024-02-20,2024-02-21,2024-02-21,2024-02-20,0.99,250,14,1.0.0,37666.30201588394,-37666.30201588394,GLD,Historical,92978.28625882353,112213.45471075294,False,0.0,
2024-02-20,2024-02-21,2024-02-21,2024-02-20,0.99,250,14,1.0.0,37666.30201588394,-37666.30201588394,GLD,Parametric Normal,101112.3372586081,115840.81732623637,False,0.0,
2024-02-20,2024-02-21,2024-02-21,2024-02-20,0.99,250,14,1.0.0,37666.30201588394,-37666.30201588394,GLD,Monte Carlo Normal,99364.64014091532,115421.87195359461,False,0.0,294000924.0
2024-02-21,2024-02-22,2024-02-22,2024-02-21,0.99,250,14,1.0.0,29055.72916327193,-29055.72916327193,GLD,Historical,93564.12904977349,112906.71962461565,False,0.0,
2024-02-21,2024-02-22,2024-02-22,2024-02-21,0.99,250,14,1.0.0,29055.72916327193,-29055.72916327193,GLD,Parametric Normal,101861.10131105475,116698.64973493721,False,0.0,
2024-02-21,2024-02-22,2024-02-22,2024-02-21,0.99,250,14,1.0.0,29055.72916327193,-29055.72916327193,GLD,Monte Carlo Normal,102082.9311877168,115217.27577470416,False,0.0,295000927.0
2024-02-22,2024-02-23,2024-02-23,2024-02-22,0.99,250,14,1.0.0,-7429.174262860148,7429.174262860148,SPY,Historical,94024.74371701988,113414.14560090902,False,0.0,
2024-02-22,2024-02-23,2024-02-23,2024-02-22,0.99,250,14,1.0.0,-7429.174262860148,7429.174262860148,SPY,Parametric Normal,102206.4142752697,117094.26254631647,False,0.0,
2024-02-22,2024-02-23,2024-02-23,2024-02-22,0.99,250,14,1.0.0,-7429.174262860148,7429.174262860148,SPY,Monte Carlo Normal,100136.61338407542,115875.77289598681,False,0.0,296000930.0
2024-02-23,2024-02-26,2024-02-26,2024-02-23,0.99,250,14,1.0.0,-50799.41617787248,50799.41617787248,SPY,Historical,93611.88384276746,112912.83738970205,False,0.0,
2024-02-23,2024-02-26,2024-02-26,2024-02-23,0.99,250,14,1.0.0,-50799.41617787248,50799.41617787248,SPY,Parametric Normal,101399.87076878273,116170.23426713962,False,0.0,
2024-02-23,2024-02-26,2024-02-26,2024-02-23,0.99,250,14,1.0.0,-50799.41617787248,50799.41617787248,SPY,Monte Carlo Normal,99931.32003348254,115151.7812776569,False,0.0,297000933.0
2024-02-26,2024-02-27,2024-02-27,2024-02-26,0.99,250,14,1.0.0,-33444.50510599048,33444.50510599048,SPY,Historical,92657.79356024686,111695.28815148477,False,0.0,
2024-02-26,2024-02-27,2024-02-27,2024-02-26,0.99,250,14,1.0.0,-33444.50510599048,33444.50510599048,SPY,Parametric Normal,100566.63993040437,115215.63125868276,False,0.0,
2024-02-26,2024-02-27,2024-02-27,2024-02-26,0.99,250,14,1.0.0,-33444.50510599048,33444.50510599048,SPY,Monte Carlo Normal,100951.26845854272,114186.17243838425,False,0.0,298000936.0
2024-02-27,2024-02-28,2024-02-28,2024-02-27,0.99,250,14,1.0.0,-48772.323281328994,48772.323281328994,QQQ,Historical,91895.38722521902,110659.05574310894,False,0.0,
2024-02-27,2024-02-28,2024-02-28,2024-02-27,0.99,250,14,1.0.0,-48772.323281328994,48772.323281328994,QQQ,Parametric Normal,99148.39906990863,113590.80302407179,False,0.0,
2024-02-27,2024-02-28,2024-02-28,2024-02-27,0.99,250,14,1.0.0,-48772.323281328994,48772.323281328994,QQQ,Monte Carlo Normal,99040.83130880492,111586.1374957542,False,0.0,299000939.0
2024-02-28,2024-02-29,2024-02-29,2024-02-28,0.99,250,14,1.0.0,1436.1811167252338,-1436.1811167252338,QQQ,Historical,91037.86992252636,109564.62466894228,False,0.0,
2024-02-28,2024-02-29,2024-02-29,2024-02-28,0.99,250,14,1.0.0,1436.1811167252338,-1436.1811167252338,QQQ,Parametric Normal,98248.59714858496,112559.93188782994,False,0.0,
2024-02-28,2024-02-29,2024-02-29,2024-02-28,0.99,250,14,1.0.0,1436.1811167252338,-1436.1811167252338,QQQ,Monte Carlo Normal,98978.66461093455,112870.54091576894,False,0.0,300000942.0
2024-02-29,2024-03-01,2024-03-01,2024-02-29,0.99,250,14,1.0.0,-17508.77855182013,17508.77855182013,EFA,Historical,90776.88926665628,109333.20563678551,False,0.0,
2024-02-29,2024-03-01,2024-03-01,2024-02-29,0.99,250,14,1.0.0,-17508.77855182013,17508.77855182013,EFA,Parametric Normal,97998.20894473096,112273.07100646081,False,0.0,
2024-02-29,2024-03-01,2024-03-01,2024-02-29,0.99,250,14,1.0.0,-17508.77855182013,17508.77855182013,EFA,Monte Carlo Normal,99597.40676025758,111799.48902936747,False,0.0,301000945.0
2024-03-01,2024-03-04,2024-03-04,2024-03-01,0.99,250,15,1.0.0,-21888.73932506114,21888.73932506114,EURUSD_OVERLAY,Historical,92417.01572133797,111754.678857607,False,0.0,
2024-03-01,2024-03-04,2024-03-04,2024-03-01,0.99,250,15,1.0.0,-21888.73932506114,21888.73932506114,EURUSD_OVERLAY,Parametric Normal,100141.3826055123,114728.42902970577,False,0.0,
2024-03-01,2024-03-04,2024-03-04,2024-03-01,0.99,250,15,1.0.0,-21888.73932506114,21888.73932506114,EURUSD_OVERLAY,Monte Carlo Normal,102184.08051895702,117196.27737080597,False,0.0,302000948.0
2024-03-04,2024-03-05,2024-03-05,2024-03-04,0.99,250,15,1.0.0,-55307.12295060579,55307.12295060579,QQQ,Historical,92297.04213685746,111584.6519730168,False,0.0,
2024-03-04,2024-03-05,2024-03-05,2024-03-04,0.99,250,15,1.0.0,-55307.12295060579,55307.12295060579,QQQ,Parametric Normal,100004.13731156674,114571.19196590246,False,0.0,
2024-03-04,2024-03-05,2024-03-05,2024-03-04,0.99,250,15,1.0.0,-55307.12295060579,55307.12295060579,QQQ,Monte Carlo Normal,102312.37348365306,115385.89607760381,False,0.0,303000951.0
2024-03-05,2024-03-06,2024-03-06,2024-03-05,0.99,250,15,1.0.0,57401.32509312664,-57401.32509312664,GLD,Historical,91145.038524574,110091.94314094118,False,0.0,
2024-03-05,2024-03-06,2024-03-06,2024-03-05,0.99,250,15,1.0.0,57401.32509312664,-57401.32509312664,GLD,Parametric Normal,99004.59172523284,113426.04805156877,False,0.0,
2024-03-05,2024-03-06,2024-03-06,2024-03-05,0.99,250,15,1.0.0,57401.32509312664,-57401.32509312664,GLD,Monte Carlo Normal,100060.70182606997,112435.5610910958,False,0.0,304000954.0
2024-03-06,2024-03-07,2024-03-07,2024-03-06,0.99,250,15,1.0.0,23532.10157301572,-23532.10157301572,US10Y,Historical,92264.23593897214,111568.76462994337,False,0.0,
2024-03-06,2024-03-07,2024-03-07,2024-03-06,0.99,250,15,1.0.0,23532.10157301572,-23532.10157301572,US10Y,Parametric Normal,100600.06181883777,115253.92153045058,False,0.0,
2024-03-06,2024-03-07,2024-03-07,2024-03-06,0.99,250,15,1.0.0,23532.10157301572,-23532.10157301572,US10Y,Monte Carlo Normal,100343.9250465111,114539.31607413241,False,0.0,305000957.0
2024-03-07,2024-03-08,2024-03-08,2024-03-07,0.99,250,15,1.0.0,-3017.869968358472,3017.869968358472,QQQ,Historical,92891.98995906058,112415.02077657013,False,0.0,
2024-03-07,2024-03-08,2024-03-08,2024-03-07,0.99,250,15,1.0.0,-3017.869968358472,3017.869968358472,QQQ,Parametric Normal,101360.13329783805,116124.70845656584,False,0.0,
2024-03-07,2024-03-08,2024-03-08,2024-03-07,0.99,250,15,1.0.0,-3017.869968358472,3017.869968358472,QQQ,Monte Carlo Normal,102772.42795188553,116120.04451509597,False,0.0,306000960.0
2024-03-08,2024-03-11,2024-03-11,2024-03-08,0.99,250,15,1.0.0,13358.448395140933,-13358.448395140933,GLD,Historical,92562.65897267257,112076.09235676855,False,0.0,
2024-03-08,2024-03-11,2024-03-11,2024-03-08,0.99,250,15,1.0.0,13358.448395140933,-13358.448395140933,GLD,Parametric Normal,100976.64645114068,115685.36118243779,False,0.0,
2024-03-08,2024-03-11,2024-03-11,2024-03-08,0.99,250,15,1.0.0,13358.448395140933,-13358.448395140933,GLD,Monte Carlo Normal,101753.78822295502,114255.00535960855,False,0.0,307000963.0
2024-03-11,2024-03-12,2024-03-12,2024-03-11,0.99,250,15,1.0.0,-3480.4321388982853,3480.4321388982853,QQQ,Historical,92859.61334205695,112500.81346195209,False,0.0,
2024-03-11,2024-03-12,2024-03-12,2024-03-11,0.99,250,15,1.0.0,-3480.4321388982853,3480.4321388982853,QQQ,Parametric Normal,101149.05508492605,115882.88363709845,False,0.0,
2024-03-11,2024-03-12,2024-03-12,2024-03-11,0.99,250,15,1.0.0,-3480.4321388982853,3480.4321388982853,QQQ,Monte Carlo Normal,104100.4109028356,119421.36330898912,False,0.0,308000966.0
2024-03-12,2024-03-13,2024-03-13,2024-03-12,0.99,250,15,1.0.0,-79487.69711258917,79487.69711258917,SPY,Historical,92447.79217041959,112033.0487119377,False,0.0,
2024-03-12,2024-03-13,2024-03-13,2024-03-12,0.99,250,15,1.0.0,-79487.69711258917,79487.69711258917,SPY,Parametric Normal,100689.45965004181,115356.34145382138,False,0.0,
2024-03-12,2024-03-13,2024-03-13,2024-03-12,0.99,250,15,1.0.0,-79487.69711258917,79487.69711258917,SPY,Monte Carlo Normal,102266.50585531171,115934.31186687294,False,0.0,309000969.0
2024-03-13,2024-03-14,2024-03-14,2024-03-13,0.99,250,15,1.0.0,-29001.028121936946,29001.028121936946,SPY,Historical,90894.93044036561,110063.12732219386,False,0.0,
2024-03-13,2024-03-14,2024-03-14,2024-03-13,0.99,250,15,1.0.0,-29001.028121936946,29001.028121936946,SPY,Parametric Normal,99435.82898863473,113920.10128392793,False,0.0,
2024-03-13,2024-03-14,2024-03-14,2024-03-13,0.99,250,15,1.0.0,-29001.028121936946,29001.028121936946,SPY,Monte Carlo Normal,98942.39287645054,111823.17799156903,False,0.0,310000972.0
2024-03-14,2024-03-15,2024-03-15,2024-03-14,0.99,250,15,1.0.0,-1802.7513973742552,1802.7513973742552,EFA,Historical,90218.68407578042,109261.13689484498,False,0.0,
2024-03-14,2024-03-15,2024-03-15,2024-03-14,0.99,250,15,1.0.0,-1802.7513973742552,1802.7513973742552,EFA,Parametric Normal,98742.22653438646,113125.46556114659,False,0.0,
2024-03-14,2024-03-15,2024-03-15,2024-03-14,0.99,250,15,1.0.0,-1802.7513973742552,1802.7513973742552,EFA,Monte Carlo Normal,96409.80978739374,111018.02669236386,False,0.0,311000975.0
2024-03-15,2024-03-18,2024-03-18,2024-03-15,0.99,250,15,1.0.0,-36452.002578697306,36452.002578697306,SPY,Historical,90327.0372958163,109206.72663056775,False,0.0,
2024-03-15,2024-03-18,2024-03-18,2024-03-15,0.99,250,15,1.0.0,-36452.002578697306,36452.002578697306,SPY,Parametric Normal,98679.74021981745,113053.87720756256,False,0.0,
2024-03-15,2024-03-18,2024-03-18,2024-03-15,0.99,250,15,1.0.0,-36452.002578697306,36452.002578697306,SPY,Monte Carlo Normal,100166.47970594642,112981.31030554426,False,0.0,312000978.0
2024-03-18,2024-03-19,2024-03-19,2024-03-18,0.99,250,15,1.0.0,9587.204140927472,-9587.204140927472,US10Y,Historical,89507.79230818189,108169.50920863134,False,0.0,
2024-03-18,2024-03-19,2024-03-19,2024-03-18,0.99,250,15,1.0.0,9587.204140927472,-9587.204140927472,US10Y,Parametric Normal,97901.9050503076,112162.73905148714,False,0.0,
2024-03-18,2024-03-19,2024-03-19,2024-03-18,0.99,250,15,1.0.0,9587.204140927472,-9587.204140927472,US10Y,Monte Carlo Normal,97614.13544539794,111625.14470649943,False,0.0,313000981.0
2024-03-19,2024-03-20,2024-03-20,2024-03-19,0.99,250,15,1.0.0,-67818.75531316664,67818.75531316664,SPY,Historical,89850.14250772409,108620.52085049564,False,0.0,
2024-03-19,2024-03-20,2024-03-20,2024-03-19,0.99,250,15,1.0.0,-67818.75531316664,67818.75531316664,SPY,Parametric Normal,98298.80539636574,112617.45369592114,False,0.0,
2024-03-19,2024-03-20,2024-03-20,2024-03-19,0.99,250,15,1.0.0,-67818.75531316664,67818.75531316664,SPY,Monte Carlo Normal,97994.36497618059,114213.69977886036,False,0.0,314000984.0
2024-03-20,2024-03-21,2024-03-21,2024-03-20,0.99,250,15,1.0.0,36528.04073298317,-36528.04073298317,GLD,Historical,88724.39772584874,107398.24613167549,False,0.0,
2024-03-20,2024-03-21,2024-03-21,2024-03-20,0.99,250,15,1.0.0,36528.04073298317,-36528.04073298317,GLD,Parametric Normal,97560.412826912,111771.50352730452,False,0.0,
2024-03-20,2024-03-21,2024-03-21,2024-03-20,0.99,250,15,1.0.0,36528.04073298317,-36528.04073298317,GLD,Monte Carlo Normal,95274.23233113786,109148.38079942609,False,0.0,315000987.0
2024-03-21,2024-03-22,2024-03-22,2024-03-21,0.99,250,15,1.0.0,-73200.82636807958,73200.82636807958,SPY,Historical,89484.29921981698,108342.59031775035,False,0.0,
2024-03-21,2024-03-22,2024-03-22,2024-03-21,0.99,250,15,1.0.0,-73200.82636807958,73200.82636807958,SPY,Parametric Normal,98246.19331799683,112557.17790441314,False,0.0,
2024-03-21,2024-03-22,2024-03-22,2024-03-21,0.99,250,15,1.0.0,-73200.82636807958,73200.82636807958,SPY,Monte Carlo Normal,97920.58782311119,111524.02135123248,False,0.0,316000990.0
2024-03-22,2024-03-25,2024-03-25,2024-03-22,0.99,250,15,1.0.0,-38603.669415088996,38603.669415088996,SPY,Historical,88157.12008462107,106913.30680538886,False,0.0,
2024-03-22,2024-03-25,2024-03-25,2024-03-22,0.99,250,15,1.0.0,-38603.669415088996,38603.669415088996,SPY,Parametric Normal,97161.55881574735,111314.55063807411,False,0.0,
2024-03-22,2024-03-25,2024-03-25,2024-03-22,0.99,250,15,1.0.0,-38603.669415088996,38603.669415088996,SPY,Monte Carlo Normal,96961.9421391835,109744.66545098322,False,0.0,317000993.0
2024-03-25,2024-03-26,2024-03-26,2024-03-25,0.99,250,15,1.0.0,26235.261380732318,-26235.261380732318,EURUSD_OVERLAY,Historical,87171.71533904984,105821.09382209575,False,0.0,
2024-03-25,2024-03-26,2024-03-26,2024-03-25,0.99,250,15,1.0.0,26235.261380732318,-26235.261380732318,EURUSD_OVERLAY,Parametric Normal,96071.7407849326,110065.98478696968,False,0.0,
2024-03-25,2024-03-26,2024-03-26,2024-03-25,0.99,250,15,1.0.0,26235.261380732318,-26235.261380732318,EURUSD_OVERLAY,Monte Carlo Normal,100423.57977664279,115377.41978235777,False,0.0,318000996.0
2024-03-26,2024-03-27,2024-03-27,2024-03-26,0.99,250,15,1.0.0,-11873.237218147502,11873.237218147502,US10Y,Historical,87666.3712435152,106315.56200318641,False,0.0,
2024-03-26,2024-03-27,2024-03-27,2024-03-26,0.99,250,15,1.0.0,-11873.237218147502,11873.237218147502,US10Y,Parametric Normal,95947.85715442736,109924.05570689744,False,0.0,
2024-03-26,2024-03-27,2024-03-27,2024-03-26,0.99,250,15,1.0.0,-11873.237218147502,11873.237218147502,US10Y,Monte Carlo Normal,95333.3451035302,110031.24054055676,False,0.0,319000999.0
2024-03-27,2024-03-28,2024-03-28,2024-03-27,0.99,250,15,1.0.0,50779.40775814052,-50779.40775814052,EURUSD_OVERLAY,Historical,87622.25322921616,106399.72632368802,False,0.0,
2024-03-27,2024-03-28,2024-03-28,2024-03-27,0.99,250,15,1.0.0,50779.40775814052,-50779.40775814052,EURUSD_OVERLAY,Parametric Normal,95722.1250229547,109665.44241285694,False,0.0,
2024-03-27,2024-03-28,2024-03-28,2024-03-27,0.99,250,15,1.0.0,50779.40775814052,-50779.40775814052,EURUSD_OVERLAY,Monte Carlo Normal,94440.2142288701,107728.11999022802,False,0.0,320001002.0
2024-03-28,2024-03-29,2024-03-29,2024-03-28,0.99,250,15,1.0.0,9577.25767260405,-9577.25767260405,QQQ,Historical,88653.54464533398,107631.92850179676,False,0.0,
2024-03-28,2024-03-29,2024-03-29,2024-03-28,0.99,250,15,1.0.0,9577.25767260405,-9577.25767260405,QQQ,Parametric Normal,97159.92912313547,111312.68355707027,False,0.0,
2024-03-28,2024-03-29,2024-03-29,2024-03-28,0.99,250,15,1.0.0,9577.25767260405,-9577.25767260405,QQQ,Monte Carlo Normal,98272.22092944621,111809.21357519714,False,0.0,321001005.0
2024-03-29,2024-04-01,2024-04-01,2024-03-29,0.99,250,15,1.0.0,57404.05694091487,-57404.05694091487,EURUSD_OVERLAY,Historical,88690.07525476794,107629.25147230475,False,0.0,
2024-03-29,2024-04-01,2024-04-01,2024-03-29,0.99,250,15,1.0.0,57404.05694091487,-57404.05694091487,EURUSD_OVERLAY,Parametric Normal,97219.55690426531,111380.99699031397,False,0.0,
2024-03-29,2024-04-01,2024-04-01,2024-03-29,0.99,250,15,1.0.0,57404.05694091487,-57404.05694091487,EURUSD_OVERLAY,Monte Carlo Normal,96661.58971136659,107480.81445375897,False,0.0,322001008.0
2024-04-01,2024-04-02,2024-04-02,2024-04-01,0.99,250,16,1.0.0,20339.528449397007,-20339.528449397007,US10Y,Historical,91151.38958287761,110224.22863095274,False,0.0,
2024-04-01,2024-04-02,2024-04-02,2024-04-01,0.99,250,16,1.0.0,20339.528449397007,-20339.528449397007,US10Y,Parametric Normal,99798.34527670841,114335.42333307728,False,0.0,
2024-04-01,2024-04-02,2024-04-02,2024-04-01,0.99,250,16,1.0.0,20339.528449397007,-20339.528449397007,US10Y,Monte Carlo Normal,99999.8485438077,115209.25541810531,False,0.0,323001011.0
2024-04-02,2024-04-03,2024-04-03,2024-04-02,0.99,250,16,1.0.0,10648.400166152847,-10648.400166152847,US10Y,Historical,91449.8623250473,110679.91461545424,False,0.0,
2024-04-02,2024-04-03,2024-04-03,2024-04-02,0.99,250,16,1.0.0,10648.400166152847,-10648.400166152847,US10Y,Parametric Normal,100162.97545493298,114753.16719117163,False,0.0,
2024-04-02,2024-04-03,2024-04-03,2024-04-02,0.99,250,16,1.0.0,10648.400166152847,-10648.400166152847,US10Y,Monte Carlo Normal,99698.10258866083,116496.32894480479,False,0.0,324001014.0
2024-04-03,2024-04-04,2024-04-04,2024-04-03,0.99,250,16,1.0.0,-47198.088675859166,47198.088675859166,SPY,Historical,91761.16848469207,111124.2656712962,False,0.0,
2024-04-03,2024-04-04,2024-04-04,2024-04-03,0.99,250,16,1.0.0,-47198.088675859166,47198.088675859166,SPY,Parametric Normal,99281.10122304116,113742.83517263649,False,0.0,
2024-04-03,2024-04-04,2024-04-04,2024-04-03,0.99,250,16,1.0.0,-47198.088675859166,47198.088675859166,SPY,Monte Carlo Normal,98246.41693997246,111756.92955965144,False,0.0,325001017.0
2024-04-04,2024-04-05,2024-04-05,2024-04-04,0.99,250,16,1.0.0,21034.88289040927,-21034.88289040927,US10Y,Historical,90607.9168756479,109651.09585925916,False,0.0,
2024-04-04,2024-04-05,2024-04-05,2024-04-04,0.99,250,16,1.0.0,21034.88289040927,-21034.88289040927,US10Y,Parametric Normal,98228.3594183148,112536.74623829512,False,0.0,
2024-04-04,2024-04-05,2024-04-05,2024-04-04,0.99,250,16,1.0.0,21034.88289040927,-21034.88289040927,US10Y,Monte Carlo Normal,98080.86040336208,111558.31979609525,False,0.0,326001020.0
2024-04-05,2024-04-08,2024-04-08,2024-04-05,0.99,250,16,1.0.0,-27569.645281594676,27569.645281594676,SPY,Historical,91029.81656889222,110255.37042654792,False,0.0,
2024-04-05,2024-04-08,2024-04-08,2024-04-05,0.99,250,16,1.0.0,-27569.645281594676,27569.645281594676,SPY,Parametric Normal,98666.50706903035,113038.71645621865,False,0.0,
2024-04-05,2024-04-08,2024-04-08,2024-04-05,0.99,250,16,1.0.0,-27569.645281594676,27569.645281594676,SPY,Monte Carlo Normal,97850.88342186419,112176.26623990435,False,0.0,327001023.0
2024-04-08,2024-04-09,2024-04-09,2024-04-08,0.99,250,16,1.0.0,-13192.847374205263,13192.847374205263,SPY,Historical,90219.91255251165,109010.7547665214,False,0.0,
2024-04-08,2024-04-09,2024-04-09,2024-04-08,0.99,250,16,1.0.0,-13192.847374205263,13192.847374205263,SPY,Parametric Normal,97470.10940101248,111668.04609622165,False,0.0,
2024-04-08,2024-04-09,2024-04-09,2024-04-08,0.99,250,16,1.0.0,-13192.847374205263,13192.847374205263,SPY,Monte Carlo Normal,95483.21164211919,112072.86130271763,False,0.0,328001026.0
2024-04-09,2024-04-10,2024-04-10,2024-04-09,0.99,250,16,1.0.0,-24182.946482347514,24182.946482347514,SPY,Historical,90032.41925876343,108855.83460711566,False,0.0,
2024-04-09,2024-04-10,2024-04-10,2024-04-09,0.99,250,16,1.0.0,-24182.946482347514,24182.946482347514,SPY,Parametric Normal,97338.47863357895,111517.2413962395,False,0.0,
2024-04-09,2024-04-10,2024-04-10,2024-04-09,0.99,250,16,1.0.0,-24182.946482347514,24182.946482347514,SPY,Monte Carlo Normal,97461.67361638129,110457.38756063374,False,0.0,329001029.0
2024-04-10,2024-04-11,2024-04-11,2024-04-10,0.99,250,16,1.0.0,-27123.35378262077,27123.35378262077,SPY,Historical,89738.08335949102,108611.97166273861,False,0.0,
2024-04-10,2024-04-11,2024-04-11,2024-04-10,0.99,250,16,1.0.0,-27123.35378262077,27123.35378262077,SPY,Parametric Normal,96996.79386783694,111125.78528312202,False,0.0,
2024-04-10,2024-04-11,2024-04-11,2024-04-10,0.99,250,16,1.0.0,-27123.35378262077,27123.35378262077,SPY,Monte Carlo Normal,96904.74010088945,111118.18704630871,False,0.0,330001032.0
2024-04-11,2024-04-12,2024-04-12,2024-04-11,0.99,250,16,1.0.0,93834.82019174505,-93834.82019174505,US5Y,Historical,88868.08047623129,107510.01646625639,False,0.0,
2024-04-11,2024-04-12,2024-04-12,2024-04-11,0.99,250,16,1.0.0,93834.82019174505,-93834.82019174505,US5Y,Parametric Normal,95946.17783208356,109922.13176687062,False,0.0,
2024-04-11,2024-04-12,2024-04-12,2024-04-11,0.99,250,16,1.0.0,93834.82019174505,-93834.82019174505,US5Y,Monte Carlo Normal,96304.08436146325,108640.78598348635,False,0.0,331001035.0
2024-04-12,2024-04-15,2024-04-15,2024-04-12,0.99,250,16,1.0.0,-22563.691021096663,22563.691021096663,SPY,Historical,90493.10691643317,109550.52185948142,False,0.0,
2024-04-12,2024-04-15,2024-04-15,2024-04-12,0.99,250,16,1.0.0,-22563.691021096663,22563.691021096663,SPY,Parametric Normal,98459.70130785617,112801.78643312048,False,0.0,
2024-04-12,2024-04-15,2024-04-15,2024-04-12,0.99,250,16,1.0.0,-22563.691021096663,22563.691021096663,SPY,Monte Carlo Normal,99800.95005152542,113000.57723290379,False,0.0,332001038.0
2024-04-15,2024-04-16,2024-04-16,2024-04-15,0.99,250,16,1.0.0,-21917.679162170098,21917.679162170098,SPY,Historical,89967.09555228817,108856.43644221597,False,0.0,
2024-04-15,2024-04-16,2024-04-16,2024-04-15,0.99,250,16,1.0.0,-21917.679162170098,21917.679162170098,SPY,Parametric Normal,97901.96307894017,112162.8055328326,False,0.0,
2024-04-15,2024-04-16,2024-04-16,2024-04-15,0.99,250,16,1.0.0,-21917.679162170098,21917.679162170098,SPY,Monte Carlo Normal,97327.13272641005,111583.29780480672,False,0.0,333001041.0
2024-04-16,2024-04-17,2024-04-17,2024-04-16,0.99,250,16,1.0.0,-57333.972460192825,57333.972460192825,SPY,Historical,89640.53811964435,108466.7063050579,False,0.0,
2024-04-16,2024-04-17,2024-04-17,2024-04-16,0.99,250,16,1.0.0,-57333.972460192825,57333.972460192825,SPY,Parametric Normal,97549.56892380406,111759.080052256,False,0.0,
2024-04-16,2024-04-17,2024-04-17,2024-04-16,0.99,250,16,1.0.0,-57333.972460192825,57333.972460192825,SPY,Monte Carlo Normal,96663.92043535135,112471.36154202525,False,0.0,334001044.0
2024-04-17,2024-04-18,2024-04-18,2024-04-17,0.99,250,16,1.0.0,-31237.900555892185,31237.900555892185,SPY,Historical,88704.67193917217,107428.48759642668,False,0.0,
2024-04-17,2024-04-18,2024-04-18,2024-04-17,0.99,250,16,1.0.0,-31237.900555892185,31237.900555892185,SPY,Parametric Normal,96767.29404790766,110862.85548209451,False,0.0,
2024-04-17,2024-04-18,2024-04-18,2024-04-17,0.99,250,16,1.0.0,-31237.900555892185,31237.900555892185,SPY,Monte Carlo Normal,99080.28953393866,111577.53727810505,False,0.0,335001047.0
2024-04-18,2024-04-19,2024-04-19,2024-04-18,0.99,250,16,1.0.0,17997.36604336735,-17997.36604336735,US10Y,Historical,87854.71341359126,106269.31992995385,False,0.0,
2024-04-18,2024-04-19,2024-04-19,2024-04-18,0.99,250,16,1.0.0,17997.36604336735,-17997.36604336735,US10Y,Parametric Normal,95861.62960822613,109825.26786657248,False,0.0,
2024-04-18,2024-04-19,2024-04-19,2024-04-18,0.99,250,16,1.0.0,17997.36604336735,-17997.36604336735,US10Y,Monte Carlo Normal,93608.296602804,106083.04466882991,False,0.0,336001050.0
2024-04-19,2024-04-22,2024-04-22,2024-04-19,0.99,250,16,1.0.0,-24568.59075960316,24568.59075960316,SPY,Historical,88076.64712413863,106694.63878833564,False,0.0,
2024-04-19,2024-04-22,2024-04-22,2024-04-19,0.99,250,16,1.0.0,-24568.59075960316,24568.59075960316,SPY,Parametric Normal,96186.28460475824,110197.2135773233,False,0.0,
2024-04-19,2024-04-22,2024-04-22,2024-04-19,0.99,250,16,1.0.0,-24568.59075960316,24568.59075960316,SPY,Monte Carlo Normal,95549.49189038723,108012.6367796833,False,0.0,337001053.0
2024-04-22,2024-04-23,2024-04-23,2024-04-22,0.99,250,16,1.0.0,-14237.395101788132,14237.395101788132,US10Y,Historical,87413.43695333396,105805.05967261404,False,0.0,
2024-04-22,2024-04-23,2024-04-23,2024-04-22,0.99,250,16,1.0.0,-14237.395101788132,14237.395101788132,US10Y,Parametric Normal,95466.36785547632,109372.43050035447,False,0.0,
2024-04-22,2024-04-23,2024-04-23,2024-04-22,0.99,250,16,1.0.0,-14237.395101788132,14237.395101788132,US10Y,Monte Carlo Normal,94974.64135794497,108680.49525256554,False,0.0,338001056.0
2024-04-23,2024-04-24,2024-04-24,2024-04-23,0.99,250,16,1.0.0,-42990.68502972968,42990.68502972968,SPY,Historical,87549.1937544345,106150.32681314666,False,0.0,
2024-04-23,2024-04-24,2024-04-24,2024-04-23,0.99,250,16,1.0.0,-42990.68502972968,42990.68502972968,SPY,Parametric Normal,95574.88748832466,109496.75759342662,False,0.0,
2024-04-23,2024-04-24,2024-04-24,2024-04-23,0.99,250,16,1.0.0,-42990.68502972968,42990.68502972968,SPY,Monte Carlo Normal,94965.64590216971,109198.26757013585,False,0.0,339001059.0
2024-04-24,2024-04-25,2024-04-25,2024-04-24,0.99,250,16,1.0.0,59278.925190530914,-59278.925190530914,US10Y,Historical,87055.24363837509,105551.97144577536,False,0.0,
2024-04-24,2024-04-25,2024-04-25,2024-04-24,0.99,250,16,1.0.0,59278.925190530914,-59278.925190530914,US10Y,Parametric Normal,95063.9392049232,108911.38227360506,False,0.0,
2024-04-24,2024-04-25,2024-04-25,2024-04-24,0.99,250,16,1.0.0,59278.925190530914,-59278.925190530914,US10Y,Monte Carlo Normal,98046.87365188189,110602.7126420666,False,0.0,340001062.0
2024-04-25,2024-04-26,2024-04-26,2024-04-25,0.99,250,16,1.0.0,-70111.65852877169,70111.65852877169,SPY,Historical,88089.99944929579,106917.9315377847,False,0.0,
2024-04-25,2024-04-26,2024-04-26,2024-04-25,0.99,250,16,1.0.0,-70111.65852877169,70111.65852877169,SPY,Parametric Normal,96642.47107780448,110719.85023397273,False,0.0,
2024-04-25,2024-04-26,2024-04-26,2024-04-25,0.99,250,16,1.0.0,-70111.65852877169,70111.65852877169,SPY,Monte Carlo Normal,96513.93340857005,110999.75423715232,False,0.0,341001065.0
2024-04-26,2024-04-29,2024-04-29,2024-04-26,0.99,250,16,1.0.0,-11913.413612046525,11913.413612046525,EURUSD_OVERLAY,Historical,86923.12061075943,105379.34959157681,False,0.0,
2024-04-26,2024-04-29,2024-04-29,2024-04-26,0.99,250,16,1.0.0,-11913.413612046525,11913.413612046525,EURUSD_OVERLAY,Parametric Normal,95824.87067743372,109783.15446377241,False,0.0,
2024-04-26,2024-04-29,2024-04-29,2024-04-26,0.99,250,16,1.0.0,-11913.413612046525,11913.413612046525,EURUSD_OVERLAY,Monte Carlo Normal,96151.77680393985,111413.74990159027,False,0.0,342001068.0
2024-04-29,2024-04-30,2024-04-30,2024-04-29,0.99,250,16,1.0.0,29367.184710335183,-29367.184710335183,QQQ,Historical,86664.78888187153,105004.30811888198,False,0.0,
2024-04-29,2024-04-30,2024-04-30,2024-04-29,0.99,250,16,1.0.0,29367.184710335183,-29367.184710335183,QQQ,Parametric Normal,95323.98794284285,109209.31088609695,False,0.0,
2024-04-29,2024-04-30,2024-04-30,2024-04-29,0.99,250,16,1.0.0,29367.184710335183,-29367.184710335183,QQQ,Monte Carlo Normal,96633.81303613436,112709.76706813085,False,0.0,343001071.0
2024-04-30,2024-05-01,2024-05-01,2024-04-30,0.99,250,16,1.0.0,12125.321026935257,-12125.321026935257,EFA,Historical,86936.70568279139,105381.2188904942,False,0.0,
2024-04-30,2024-05-01,2024-05-01,2024-04-30,0.99,250,16,1.0.0,12125.321026935257,-12125.321026935257,EFA,Parametric Normal,95728.06633682804,109672.2491653635,False,0.0,
2024-04-30,2024-05-01,2024-05-01,2024-04-30,0.99,250,16,1.0.0,12125.321026935257,-12125.321026935257,EFA,Monte Carlo Normal,95169.02476856345,107532.05950334149,False,0.0,344001074.0
2024-05-01,2024-05-02,2024-05-02,2024-05-01,0.99,250,17,1.0.0,-10875.074107755821,10875.074107755821,GLD,Historical,89573.02268081899,108315.59865754074,False,0.0,
2024-05-01,2024-05-02,2024-05-02,2024-05-01,0.99,250,17,1.0.0,-10875.074107755821,10875.074107755821,GLD,Parametric Normal,98286.44796831008,112603.29622903997,False,0.0,
2024-05-01,2024-05-02,2024-05-02,2024-05-01,0.99,250,17,1.0.0,-10875.074107755821,10875.074107755821,GLD,Monte Carlo Normal,97795.581213527,111725.27010269935,False,0.0,345001077.0
2024-05-02,2024-05-03,2024-05-03,2024-05-02,0.99,250,17,1.0.0,9899.133172941483,-9899.133172941483,GLD,Historical,89526.70934412672,108277.68777432512,False,0.0,
2024-05-02,2024-05-03,2024-05-03,2024-05-02,0.99,250,17,1.0.0,9899.133172941483,-9899.133172941483,GLD,Parametric Normal,98145.0069966542,112441.25232614683,False,0.0,
2024-05-02,2024-05-03,2024-05-03,2024-05-02,0.99,250,17,1.0.0,9899.133172941483,-9899.133172941483,GLD,Monte Carlo Normal,98436.5657010578,111969.38940096697,False,0.0,346001080.0
2024-05-03,2024-05-06,2024-05-06,2024-05-03,0.99,250,17,1.0.0,-10105.820406936447,10105.820406936447,EFA,Historical,89786.76544535067,108643.2696491846,False,0.0,
2024-05-03,2024-05-06,2024-05-06,2024-05-03,0.99,250,17,1.0.0,-10105.820406936447,10105.820406936447,EFA,Parametric Normal,98399.81335247897,112733.17492747257,False,0.0,
2024-05-03,2024-05-06,2024-05-06,2024-05-03,0.99,250,17,1.0.0,-10105.820406936447,10105.820406936447,EFA,Monte Carlo Normal,98783.62608713217,115231.48733914761,False,0.0,347001083.0
2024-05-06,2024-05-07,2024-05-07,2024-05-06,0.99,250,17,1.0.0,-27814.31676481705,27814.31676481705,QQQ,Historical,89895.02629013831,108729.30276763512,False,0.0,
2024-05-06,2024-05-07,2024-05-07,2024-05-06,0.99,250,17,1.0.0,-27814.31676481705,27814.31676481705,QQQ,Parametric Normal,98154.66362438428,112452.31558191951,False,0.0,
2024-05-06,2024-05-07,2024-05-07,2024-05-06,0.99,250,17,1.0.0,-27814.31676481705,27814.31676481705,QQQ,Monte Carlo Normal,96934.25236298199,110372.26217317188,False,0.0,348001086.0
2024-05-07,2024-05-08,2024-05-08,2024-05-07,0.99,250,17,1.0.0,-14351.50893165263,14351.50893165263,SPY,Historical,89262.18002665477,108043.71315452765,False,0.0,
2024-05-07,2024-05-08,2024-05-08,2024-05-07,0.99,250,17,1.0.0,-14351.50893165263,14351.50893165263,SPY,Parametric Normal,97554.00988606483,111764.16790515259,False,0.0,
2024-05-07,2024-05-08,2024-05-08,2024-05-07,0.99,250,17,1.0.0,-14351.50893165263,14351.50893165263,SPY,Monte Carlo Normal,98263.0762085015,113482.00703192085,False,0.0,349001089.0
2024-05-08,2024-05-09,2024-05-09,2024-05-08,0.99,250,17,1.0.0,7599.19100084272,-7599.19100084272,US10Y,Historical,88755.70244741751,107530.27947220954,False,0.0,
2024-05-08,2024-05-09,2024-05-09,2024-05-08,0.99,250,17,1.0.0,7599.19100084272,-7599.19100084272,US10Y,Parametric Normal,97021.12284192542,111153.65812554193,False,0.0,
2024-05-08,2024-05-09,2024-05-09,2024-05-08,0.99,250,17,1.0.0,7599.19100084272,-7599.19100084272,US10Y,Monte Carlo Normal,95810.00919703687,110447.13297720754,False,0.0,350001092.0
2024-05-09,2024-05-10,2024-05-10,2024-05-09,0.99,250,17,1.0.0,-52297.10454440777,52297.10454440777,SPY,Historical,89322.48420236367,108186.80190467155,False,0.0,
2024-05-09,2024-05-10,2024-05-10,2024-05-09,0.99,250,17,1.0.0,-52297.10454440777,52297.10454440777,SPY,Parametric Normal,97636.56421387538,111858.74746949332,False,0.0,
2024-05-09,2024-05-10,2024-05-10,2024-05-09,0.99,250,17,1.0.0,-52297.10454440777,52297.10454440777,SPY,Monte Carlo Normal,100635.54980905533,114271.78712083174,False,0.0,351001095.0
2024-05-10,2024-05-13,2024-05-13,2024-05-10,0.99,250,17,1.0.0,-6816.566396229074,6816.566396229074,QQQ,Historical,88502.08393613892,107145.08118878624,False,0.0,
2024-05-10,2024-05-13,2024-05-13,2024-05-10,0.99,250,17,1.0.0,-6816.566396229074,6816.566396229074,QQQ,Parametric Normal,96756.3486671318,110850.31574768228,False,0.0,
2024-05-10,2024-05-13,2024-05-13,2024-05-10,0.99,250,17,1.0.0,-6816.566396229074,6816.566396229074,QQQ,Monte Carlo Normal,98162.06020170018,113742.22285306538,False,0.0,352001098.0
2024-05-13,2024-05-14,2024-05-14,2024-05-13,0.99,250,17,1.0.0,-4099.384432785251,4099.384432785251,SPY,Historical,88178.52353555536,106857.5479174672,False,0.0,
2024-05-13,2024-05-14,2024-05-14,2024-05-13,0.99,250,17,1.0.0,-4099.384432785251,4099.384432785251,SPY,Parametric Normal,96294.81735696725,110321.5557007815,False,0.0,
2024-05-13,2024-05-14,2024-05-14,2024-05-13,0.99,250,17,1.0.0,-4099.384432785251,4099.384432785251,SPY,Monte Carlo Normal,97143.98840314822,109778.02779816138,False,0.0,353001101.0
2024-05-14,2024-05-15,2024-05-15,2024-05-14,0.99,250,17,1.0.0,7129.770679627194,-7129.770679627194,QQQ,Historical,87757.16776468552,106367.71951019138,False,0.0,
2024-05-14,2024-05-15,2024-05-15,2024-05-14,0.99,250,17,1.0.0,7129.770679627194,-7129.770679627194,QQQ,Parametric Normal,95697.1183233635,109636.79312437426,False,0.0,
2024-05-14,2024-05-15,2024-05-15,2024-05-14,0.99,250,17,1.0.0,7129.770679627194,-7129.770679627194,QQQ,Monte Carlo Normal,96698.12196705192,112019.29420033352,False,0.0,354001104.0
2024-05-15,2024-05-16,2024-05-16,2024-05-15,0.99,250,17,1.0.0,45046.151395364584,-45046.151395364584,USD_CASH,Historical,87782.83824952923,106602.4843325277,False,0.0,
2024-05-15,2024-05-16,2024-05-16,2024-05-15,0.99,250,17,1.0.0,45046.151395364584,-45046.151395364584,USD_CASH,Parametric Normal,95799.21967175783,109753.76701666854,False,0.0,
2024-05-15,2024-05-16,2024-05-16,2024-05-15,0.99,250,17,1.0.0,45046.151395364584,-45046.151395364584,USD_CASH,Monte Carlo Normal,94129.37599288633,108687.18654723898,False,0.0,355001107.0
2024-05-16,2024-05-17,2024-05-17,2024-05-16,0.99,250,17,1.0.0,62735.797481297006,-62735.797481297006,USD_CASH,Historical,88348.84759619737,107308.82645622661,False,0.0,
2024-05-16,2024-05-17,2024-05-17,2024-05-16,0.99,250,17,1.0.0,62735.797481297006,-62735.797481297006,USD_CASH,Parametric Normal,96652.64350770846,110731.50442599539,False,0.0,
2024-05-16,2024-05-17,2024-05-17,2024-05-16,0.99,250,17,1.0.0,62735.797481297006,-62735.797481297006,USD_CASH,Monte Carlo Normal,96361.32532529099,111156.44417722097,False,0.0,356001110.0
2024-05-17,2024-05-20,2024-05-20,2024-05-17,0.99,250,17,1.0.0,-68882.83886981514,68882.83886981514,SPY,Historical,89302.75681559036,108491.73449328112,False,0.0,
2024-05-17,2024-05-20,2024-05-20,2024-05-17,0.99,250,17,1.0.0,-68882.83886981514,68882.83886981514,SPY,Parametric Normal,98122.51840082985,112415.48793980741,False,0.0,
2024-05-17,2024-05-20,2024-05-20,2024-05-17,0.99,250,17,1.0.0,-68882.83886981514,68882.83886981514,SPY,Monte Carlo Normal,98640.62501654236,112361.74814555906,False,0.0,357001113.0
2024-05-20,2024-05-21,2024-05-21,2024-05-20,0.99,250,17,1.0.0,-102.81214579378417,102.81214579378417,SPY,Historical,88012.14398609845,106894.7558307057,False,0.0,
2024-05-20,2024-05-21,2024-05-21,2024-05-20,0.99,250,17,1.0.0,-102.81214579378417,102.81214579378417,SPY,Parametric Normal,96832.30936788775,110937.34122744878,False,0.0,
2024-05-20,2024-05-21,2024-05-21,2024-05-20,0.99,250,17,1.0.0,-102.81214579378417,102.81214579378417,SPY,Monte Carlo Normal,96865.28150879816,112868.93537684315,False,0.0,358001116.0
2024-05-21,2024-05-22,2024-05-22,2024-05-21,0.99,250,17,1.0.0,2355.9918647008735,-2355.9918647008735,EFA,Historical,87920.14638206588,106930.17645359132,False,0.0,
2024-05-21,2024-05-22,2024-05-22,2024-05-21,0.99,250,17,1.0.0,2355.9918647008735,-2355.9918647008735,EFA,Parametric Normal,96749.87292330166,110842.89671773583,False,0.0,
2024-05-21,2024-05-22,2024-05-22,2024-05-21,0.99,250,17,1.0.0,2355.9918647008735,-2355.9918647008735,EFA,Monte Carlo Normal,98292.78314828314,110256.2775392068,False,0.0,359001119.0
2024-05-22,2024-05-23,2024-05-23,2024-05-22,0.99,250,17,1.0.0,-78154.66702743416,78154.66702743416,SPY,Historical,88079.67521819776,106730.638449308,False,0.0,
2024-05-22,2024-05-23,2024-05-23,2024-05-22,0.99,250,17,1.0.0,-78154.66702743416,78154.66702743416,SPY,Parametric Normal,96699.84663660101,110785.58337599813,False,0.0,
2024-05-22,2024-05-23,2024-05-23,2024-05-22,0.99,250,17,1.0.0,-78154.66702743416,78154.66702743416,SPY,Monte Carlo Normal,97432.22094825612,110448.44666864675,False,0.0,360001122.0
2024-05-23,2024-05-24,2024-05-24,2024-05-23,0.99,250,17,1.0.0,-90568.18693979528,90568.18693979528,SPY,Historical,86582.42576893856,105040.45695014938,True,3985.7611708567274,
2024-05-23,2024-05-24,2024-05-24,2024-05-23,0.99,250,17,1.0.0,-90568.18693979528,90568.18693979528,SPY,Parametric Normal,95684.51875427086,109622.3582450982,False,0.0,
2024-05-23,2024-05-24,2024-05-24,2024-05-23,0.99,250,17,1.0.0,-90568.18693979528,90568.18693979528,SPY,Monte Carlo Normal,97047.48771041271,111802.00489473973,False,0.0,361001125.0
2024-05-24,2024-05-27,2024-05-27,2024-05-24,0.99,250,17,1.0.0,-34577.801230334844,34577.801230334844,SPY,Historical,88657.83423276033,103571.04220618011,False,0.0,
2024-05-24,2024-05-27,2024-05-27,2024-05-24,0.99,250,17,1.0.0,-34577.801230334844,34577.801230334844,SPY,Parametric Normal,94612.83653597822,108394.5699509408,False,0.0,
2024-05-24,2024-05-27,2024-05-27,2024-05-24,0.99,250,17,1.0.0,-34577.801230334844,34577.801230334844,SPY,Monte Carlo Normal,96344.17954242851,111182.81829760455,False,0.0,362001128.0
2024-05-27,2024-05-28,2024-05-28,2024-05-27,0.99,250,17,1.0.0,-75635.99409273262,75635.99409273262,SPY,Historical,87996.22957794224,102720.42255780323,False,0.0,
2024-05-27,2024-05-28,2024-05-28,2024-05-27,0.99,250,17,1.0.0,-75635.99409273262,75635.99409273262,SPY,Parametric Normal,93968.92841634821,107656.86726417407,False,0.0,
2024-05-27,2024-05-28,2024-05-28,2024-05-27,0.99,250,17,1.0.0,-75635.99409273262,75635.99409273262,SPY,Monte Carlo Normal,90319.13340467111,105344.81096600834,False,0.0,363001131.0
2024-05-28,2024-05-29,2024-05-29,2024-05-28,0.99,250,17,1.0.0,11863.746803909391,-11863.746803909391,US10Y,Historical,86668.73034088397,101123.2377881307,False,0.0,
2024-05-28,2024-05-29,2024-05-29,2024-05-28,0.99,250,17,1.0.0,11863.746803909391,-11863.746803909391,US10Y,Parametric Normal,92930.83778284566,106467.56365687952,False,0.0,
2024-05-28,2024-05-29,2024-05-29,2024-05-28,0.99,250,17,1.0.0,11863.746803909391,-11863.746803909391,US10Y,Monte Carlo Normal,93573.3599484612,106983.64939178315,False,0.0,364001134.0
2024-05-29,2024-05-30,2024-05-30,2024-05-29,0.99,250,17,1.0.0,33594.65902800903,-33594.65902800903,GLD,Historical,87261.36934929201,101829.96462959601,False,0.0,
2024-05-29,2024-05-30,2024-05-30,2024-05-29,0.99,250,17,1.0.0,33594.65902800903,-33594.65902800903,GLD,Parametric Normal,93502.01094426386,107121.93648266306,False,0.0,
2024-05-29,2024-05-30,2024-05-30,2024-05-29,0.99,250,17,1.0.0,33594.65902800903,-33594.65902800903,GLD,Monte Carlo Normal,95817.58619298512,108586.74338774211,False,0.0,365001137.0
2024-05-30,2024-05-31,2024-05-31,2024-05-30,0.99,250,17,1.0.0,-7600.3567750206885,7600.3567750206885,EFA,Historical,87780.68833964158,102474.83621441931,False,0.0,
2024-05-30,2024-05-31,2024-05-31,2024-05-30,0.99,250,17,1.0.0,-7600.3567750206885,7600.3567750206885,EFA,Parametric Normal,93528.3016449449,107152.05680563793,False,0.0,
2024-05-30,2024-05-31,2024-05-31,2024-05-30,0.99,250,17,1.0.0,-7600.3567750206885,7600.3567750206885,EFA,Monte Carlo Normal,94282.14094438207,107058.52900606097,False,0.0,366001140.0
2024-05-31,2024-06-03,2024-06-03,2024-05-31,0.99,250,17,1.0.0,-30626.315966585054,30626.315966585054,EFA,Historical,87561.96627611532,102125.9889568288,False,0.0,
2024-05-31,2024-06-03,2024-06-03,2024-05-31,0.99,250,17,1.0.0,-30626.315966585054,30626.315966585054,EFA,Parametric Normal,92684.36054059003,106185.18342545253,False,0.0,
2024-05-31,2024-06-03,2024-06-03,2024-05-31,0.99,250,17,1.0.0,-30626.315966585054,30626.315966585054,EFA,Monte Carlo Normal,92296.08685472951,105351.32420273936,False,0.0,367001143.0
2024-06-03,2024-06-04,2024-06-04,2024-06-03,0.99,250,18,1.0.0,-46850.789085051205,46850.789085051205,SPY,Historical,90391.61074558501,105393.21229927914,False,0.0,
2024-06-03,2024-06-04,2024-06-04,2024-06-03,0.99,250,18,1.0.0,-46850.789085051205,46850.789085051205,SPY,Parametric Normal,95542.01879500241,109459.10109767025,False,0.0,
2024-06-03,2024-06-04,2024-06-04,2024-06-03,0.99,250,18,1.0.0,-46850.789085051205,46850.789085051205,SPY,Monte Carlo Normal,95376.58502363888,108822.20813381711,False,0.0,368001146.0
2024-06-04,2024-06-05,2024-06-05,2024-06-04,0.99,250,18,1.0.0,8041.737873948283,-8041.737873948283,EFA,Historical,89215.37331022679,104061.97973529881,False,0.0,
2024-06-04,2024-06-05,2024-06-05,2024-06-04,0.99,250,18,1.0.0,8041.737873948283,-8041.737873948283,EFA,Parametric Normal,94452.49166910864,108210.86852601249,False,0.0,
2024-06-04,2024-06-05,2024-06-05,2024-06-04,0.99,250,18,1.0.0,8041.737873948283,-8041.737873948283,EFA,Monte Carlo Normal,95663.44497310516,110878.12172849062,False,0.0,369001149.0
2024-06-05,2024-06-06,2024-06-06,2024-06-05,0.99,250,18,1.0.0,-39597.49214102521,39597.49214102521,EFA,Historical,89157.40816372269,103974.1605800538,False,0.0,
2024-06-05,2024-06-06,2024-06-06,2024-06-05,0.99,250,18,1.0.0,-39597.49214102521,39597.49214102521,EFA,Parametric Normal,94472.9089863583,108234.25992197797,False,0.0,
2024-06-05,2024-06-06,2024-06-06,2024-06-05,0.99,250,18,1.0.0,-39597.49214102521,39597.49214102521,EFA,Monte Carlo Normal,94970.23216823701,108130.54625704033,False,0.0,370001152.0
2024-06-06,2024-06-07,2024-06-07,2024-06-06,0.99,250,18,1.0.0,-8933.424935532315,8933.424935532315,EFA,Historical,88508.20742998587,103155.78678015519,False,0.0,
2024-06-06,2024-06-07,2024-06-07,2024-06-06,0.99,250,18,1.0.0,-8933.424935532315,8933.424935532315,EFA,Parametric Normal,94021.4056559584,107716.98857570029,False,0.0,
2024-06-06,2024-06-07,2024-06-07,2024-06-06,0.99,250,18,1.0.0,-8933.424935532315,8933.424935532315,EFA,Monte Carlo Normal,93933.4076238817,110057.82606859709,False,0.0,371001155.0
2024-06-07,2024-06-10,2024-06-10,2024-06-07,0.99,250,18,1.0.0,-828.8732965532922,828.8732965532922,US10Y,Historical,88398.24280737524,102952.33515065114,False,0.0,
2024-06-07,2024-06-10,2024-06-10,2024-06-07,0.99,250,18,1.0.0,-828.8732965532922,828.8732965532922,US10Y,Parametric Normal,93936.62205429895,107619.85501140561,False,0.0,
2024-06-07,2024-06-10,2024-06-10,2024-06-07,0.99,250,18,1.0.0,-828.8732965532922,828.8732965532922,US10Y,Monte Carlo Normal,97067.98336221467,111261.71789956983,False,0.0,372001158.0
2024-06-10,2024-06-11,2024-06-11,2024-06-10,0.99,250,18,1.0.0,34917.84498224963,-34917.84498224963,GLD,Historical,88464.14493983943,103089.81518905127,False,0.0,
2024-06-10,2024-06-11,2024-06-11,2024-06-10,0.99,250,18,1.0.0,34917.84498224963,-34917.84498224963,GLD,Parametric Normal,93783.92826619536,107444.91915595884,False,0.0,
2024-06-10,2024-06-11,2024-06-11,2024-06-10,0.99,250,18,1.0.0,34917.84498224963,-34917.84498224963,GLD,Monte Carlo Normal,96622.78350855054,110428.5549517015,False,0.0,373001161.0
2024-06-11,2024-06-12,2024-06-12,2024-06-11,0.99,250,18,1.0.0,-77386.16225536518,77386.16225536518,SPY,Historical,89370.2096445586,104239.54374613432,False,0.0,
2024-06-11,2024-06-12,2024-06-12,2024-06-11,0.99,250,18,1.0.0,-77386.16225536518,77386.16225536518,SPY,Parametric Normal,94977.18539442102,108811.9915109424,False,0.0,
2024-06-11,2024-06-12,2024-06-12,2024-06-11,0.99,250,18,1.0.0,-77386.16225536518,77386.16225536518,SPY,Monte Carlo Normal,96673.80032241355,108964.59469373025,False,0.0,374001164.0
2024-06-12,2024-06-13,2024-06-13,2024-06-12,0.99,250,18,1.0.0,28496.543589297587,-28496.543589297587,EURUSD_OVERLAY,Historical,87948.79085692788,102486.70447513368,False,0.0,
2024-06-12,2024-06-13,2024-06-13,2024-06-12,0.99,250,18,1.0.0,28496.543589297587,-28496.543589297587,EURUSD_OVERLAY,Parametric Normal,93759.52259315627,107416.95844227249,False,0.0,
2024-06-12,2024-06-13,2024-06-13,2024-06-12,0.99,250,18,1.0.0,28496.543589297587,-28496.543589297587,EURUSD_OVERLAY,Monte Carlo Normal,93938.08546069157,108112.39362000534,False,0.0,375001167.0
2024-06-13,2024-06-14,2024-06-14,2024-06-13,0.99,250,18,1.0.0,-5162.087655335549,5162.087655335549,GLD,Historical,88564.88569072148,103201.29511747826,False,0.0,
2024-06-13,2024-06-14,2024-06-14,2024-06-13,0.99,250,18,1.0.0,-5162.087655335549,5162.087655335549,GLD,Parametric Normal,93998.5135891287,107690.7619469452,False,0.0,
2024-06-13,2024-06-14,2024-06-14,2024-06-13,0.99,250,18,1.0.0,-5162.087655335549,5162.087655335549,GLD,Monte Carlo Normal,95892.86375130138,111153.38525782964,False,0.0,376001170.0
2024-06-14,2024-06-17,2024-06-17,2024-06-14,0.99,250,18,1.0.0,86318.54913930467,-86318.54913930467,GLD,Historical,88613.96257888587,103300.5613969517,False,0.0,
2024-06-14,2024-06-17,2024-06-17,2024-06-14,0.99,250,18,1.0.0,86318.54913930467,-86318.54913930467,GLD,Parametric Normal,94006.42377144705,107699.82436217366,False,0.0,
2024-06-14,2024-06-17,2024-06-17,2024-06-14,0.99,250,18,1.0.0,86318.54913930467,-86318.54913930467,GLD,Monte Carlo Normal,94884.3071175095,109609.5179002991,False,0.0,377001173.0
2024-06-17,2024-06-18,2024-06-18,2024-06-17,0.99,250,18,1.0.0,-46564.2916374193,46564.2916374193,QQQ,Historical,90533.11278018984,105761.11923177628,False,0.0,
2024-06-17,2024-06-18,2024-06-18,2024-06-17,0.99,250,18,1.0.0,-46564.2916374193,46564.2916374193,QQQ,Parametric Normal,96663.03553348541,110743.41020121842,False,0.0,
2024-06-17,2024-06-18,2024-06-18,2024-06-17,0.99,250,18,1.0.0,-46564.2916374193,46564.2916374193,QQQ,Monte Carlo Normal,96865.14772969668,109542.21238613494,False,0.0,378001176.0
2024-06-18,2024-06-19,2024-06-19,2024-06-18,0.99,250,18,1.0.0,-7679.801131217277,7679.801131217277,US10Y,Historical,89512.57260455903,104718.2798551885,False,0.0,
2024-06-18,2024-06-19,2024-06-19,2024-06-18,0.99,250,18,1.0.0,-7679.801131217277,7679.801131217277,US10Y,Parametric Normal,95914.442153319,109885.77332569356,False,0.0,
2024-06-18,2024-06-19,2024-06-19,2024-06-18,0.99,250,18,1.0.0,-7679.801131217277,7679.801131217277,US10Y,Monte Carlo Normal,95375.77546118552,110171.86422345495,False,0.0,379001179.0
2024-06-19,2024-06-20,2024-06-20,2024-06-19,0.99,250,18,1.0.0,-19436.810417365345,19436.810417365345,SPY,Historical,89466.12244192058,104706.41556373946,False,0.0,
2024-06-19,2024-06-20,2024-06-20,2024-06-19,0.99,250,18,1.0.0,-19436.810417365345,19436.810417365345,SPY,Parametric Normal,95517.24309812392,109430.71646079958,False,0.0,
2024-06-19,2024-06-20,2024-06-20,2024-06-19,0.99,250,18,1.0.0,-19436.810417365345,19436.810417365345,SPY,Monte Carlo Normal,93069.07238177606,106879.0503562782,False,0.0,380001182.0
2024-06-20,2024-06-21,2024-06-21,2024-06-20,0.99,250,18,1.0.0,-38643.38637843547,38643.38637843547,SPY,Historical,89068.72956470054,104276.53571251112,False,0.0,
2024-06-20,2024-06-21,2024-06-21,2024-06-20,0.99,250,18,1.0.0,-38643.38637843547,38643.38637843547,SPY,Parametric Normal,95008.82712849017,108848.24232301507,False,0.0,
2024-06-20,2024-06-21,2024-06-21,2024-06-20,0.99,250,18,1.0.0,-38643.38637843547,38643.38637843547,SPY,Monte Carlo Normal,94318.99353612916,108152.57270354859,False,0.0,381001185.0
2024-06-21,2024-06-24,2024-06-24,2024-06-21,0.99,250,18,1.0.0,-119781.6270507549,119781.6270507549,SPY,Historical,88512.55910054856,103659.19500190667,True,31269.067950206343,
2024-06-21,2024-06-24,2024-06-24,2024-06-21,0.99,250,18,1.0.0,-119781.6270507549,119781.6270507549,SPY,Parametric Normal,94210.48146705148,107933.60602405007,True,25571.14558370343,
2024-06-21,2024-06-24,2024-06-24,2024-06-21,0.99,250,18,1.0.0,-119781.6270507549,119781.6270507549,SPY,Monte Carlo Normal,92475.51299555111,105407.92610919889,True,27306.114055203798,382001188.0
2024-06-24,2024-06-25,2024-06-25,2024-06-24,0.99,250,18,1.0.0,6392.115957282928,-6392.115957282928,QQQ,Historical,86982.45374801046,112801.59254093739,False,0.0,
2024-06-24,2024-06-25,2024-06-25,2024-06-24,0.99,250,18,1.0.0,6392.115957282928,-6392.115957282928,QQQ,Parametric Normal,92749.7382015398,106260.0842919999,False,0.0,
2024-06-24,2024-06-25,2024-06-25,2024-06-24,0.99,250,18,1.0.0,6392.115957282928,-6392.115957282928,QQQ,Monte Carlo Normal,90274.12629468313,101306.92702473601,False,0.0,383001191.0
2024-06-25,2024-06-26,2024-06-26,2024-06-25,0.99,250,18,1.0.0,-28652.864236180845,28652.864236180845,SPY,Historical,86856.928065563,112130.71599613767,False,0.0,
2024-06-25,2024-06-26,2024-06-26,2024-06-25,0.99,250,18,1.0.0,-28652.864236180845,28652.864236180845,SPY,Parametric Normal,92359.6907605386,105813.22077774817,False,0.0,
2024-06-25,2024-06-26,2024-06-26,2024-06-25,0.99,250,18,1.0.0,-28652.864236180845,28652.864236180845,SPY,Monte Carlo Normal,91139.99527105571,106249.32456961148,False,0.0,384001194.0
2024-06-26,2024-06-27,2024-06-27,2024-06-26,0.99,250,18,1.0.0,-53714.58339587978,53714.58339587978,SPY,Historical,86136.32907026091,110807.42945503308,False,0.0,
2024-06-26,2024-06-27,2024-06-27,2024-06-26,0.99,250,18,1.0.0,-53714.58339587978,53714.58339587978,SPY,Parametric Normal,91302.39351492775,104601.91283641274,False,0.0,
2024-06-26,2024-06-27,2024-06-27,2024-06-26,0.99,250,18,1.0.0,-53714.58339587978,53714.58339587978,SPY,Monte Carlo Normal,94669.02938855682,107591.61767518992,False,0.0,385001197.0
2024-06-27,2024-06-28,2024-06-28,2024-06-27,0.99,250,18,1.0.0,52493.05464960187,-52493.05464960187,GLD,Historical,85096.60089561909,108746.2613600535,False,0.0,
2024-06-27,2024-06-28,2024-06-28,2024-06-27,0.99,250,18,1.0.0,52493.05464960187,-52493.05464960187,GLD,Parametric Normal,90116.27924915896,103243.02380551687,False,0.0,
2024-06-27,2024-06-28,2024-06-28,2024-06-27,0.99,250,18,1.0.0,52493.05464960187,-52493.05464960187,GLD,Monte Carlo Normal,91127.56548743973,106034.36191715654,False,0.0,386001200.0
2024-06-28,2024-07-01,2024-07-01,2024-06-28,0.99,250,18,1.0.0,-48447.51752881974,48447.51752881974,SPY,Historical,85989.9887301044,110234.52915732384,False,0.0,
2024-06-28,2024-07-01,2024-07-01,2024-06-28,0.99,250,18,1.0.0,-48447.51752881974,48447.51752881974,SPY,Parametric Normal,91618.74655778035,104964.34729338666,False,0.0,
2024-06-28,2024-07-01,2024-07-01,2024-06-28,0.99,250,18,1.0.0,-48447.51752881974,48447.51752881974,SPY,Monte Carlo Normal,93168.28936505735,105733.14259745539,False,0.0,387001203.0
2024-07-01,2024-07-02,2024-07-02,2024-07-01,0.99,250,19,1.0.0,-53045.09461788253,53045.09461788253,SPY,Historical,88465.60819523988,113705.90459678556,False,0.0,
2024-07-01,2024-07-02,2024-07-02,2024-07-01,0.99,250,19,1.0.0,-53045.09461788253,53045.09461788253,SPY,Parametric Normal,94625.46742035652,108409.0407070286,False,0.0,
2024-07-01,2024-07-02,2024-07-02,2024-07-01,0.99,250,19,1.0.0,-53045.09461788253,53045.09461788253,SPY,Monte Carlo Normal,93498.85584597089,107257.95275070365,False,0.0,388001206.0
2024-07-02,2024-07-03,2024-07-03,2024-07-02,0.99,250,19,1.0.0,6083.678647224207,-6083.678647224207,SPY,Historical,87184.56200410836,111900.6539472588,False,0.0,
2024-07-02,2024-07-03,2024-07-03,2024-07-02,0.99,250,19,1.0.0,6083.678647224207,-6083.678647224207,SPY,Parametric Normal,93290.12083083922,106879.18149758464,False,0.0,
2024-07-02,2024-07-03,2024-07-03,2024-07-02,0.99,250,19,1.0.0,6083.678647224207,-6083.678647224207,SPY,Monte Carlo Normal,91711.41500507337,103679.05881162349,False,0.0,389001209.0
2024-07-03,2024-07-04,2024-07-04,2024-07-03,0.99,250,19,1.0.0,-12538.719786951797,12538.719786951797,SPY,Historical,87119.20409279596,111829.69632650883,False,0.0,
2024-07-03,2024-07-04,2024-07-04,2024-07-03,0.99,250,19,1.0.0,-12538.719786951797,12538.719786951797,SPY,Parametric Normal,93058.69694413674,106614.04736152105,False,0.0,
2024-07-03,2024-07-04,2024-07-04,2024-07-03,0.99,250,19,1.0.0,-12538.719786951797,12538.719786951797,SPY,Monte Carlo Normal,91458.1684168473,105851.09590607697,False,0.0,390001212.0
2024-07-04,2024-07-05,2024-07-05,2024-07-04,0.99,250,19,1.0.0,10359.356577072704,-10359.356577072704,EURUSD_OVERLAY,Historical,86889.20984634975,111383.13429501685,False,0.0,
2024-07-04,2024-07-05,2024-07-05,2024-07-04,0.99,250,19,1.0.0,10359.356577072704,-10359.356577072704,EURUSD_OVERLAY,Parametric Normal,92417.5862961613,105879.54963877451,False,0.0,
2024-07-04,2024-07-05,2024-07-05,2024-07-04,0.99,250,19,1.0.0,10359.356577072704,-10359.356577072704,EURUSD_OVERLAY,Monte Carlo Normal,93815.76864024205,106531.58646154044,False,0.0,391001215.0
2024-07-05,2024-07-08,2024-07-08,2024-07-05,0.99,250,19,1.0.0,27324.258810435997,-27324.258810435997,US10Y,Historical,87058.73380310295,111593.36076642154,False,0.0,
2024-07-05,2024-07-08,2024-07-08,2024-07-05,0.99,250,19,1.0.0,27324.258810435997,-27324.258810435997,US10Y,Parametric Normal,92566.03660308618,106049.62388839378,False,0.0,
2024-07-05,2024-07-08,2024-07-08,2024-07-05,0.99,250,19,1.0.0,27324.258810435997,-27324.258810435997,US10Y,Monte Carlo Normal,93951.02141350794,108112.01923932243,False,0.0,392001218.0
2024-07-08,2024-07-09,2024-07-09,2024-07-08,0.99,250,19,1.0.0,-17776.99934419821,17776.99934419821,EFA,Historical,87620.62395661417,112399.44831952805,False,0.0,
2024-07-08,2024-07-09,2024-07-09,2024-07-08,0.99,250,19,1.0.0,-17776.99934419821,17776.99934419821,EFA,Parametric Normal,92768.80083600299,106281.92367596111,False,0.0,
2024-07-08,2024-07-09,2024-07-09,2024-07-08,0.99,250,19,1.0.0,-17776.99934419821,17776.99934419821,EFA,Monte Carlo Normal,91150.60677684261,103517.46892061863,False,0.0,393001221.0
2024-07-09,2024-07-10,2024-07-10,2024-07-09,0.99,250,19,1.0.0,25511.024207528175,-25511.024207528175,US10Y,Historical,87310.54022355682,111659.96320631533,False,0.0,
2024-07-09,2024-07-10,2024-07-10,2024-07-09,0.99,250,19,1.0.0,25511.024207528175,-25511.024207528175,US10Y,Parametric Normal,92354.93152196708,105807.76828697482,False,0.0,
2024-07-09,2024-07-10,2024-07-10,2024-07-09,0.99,250,19,1.0.0,25511.024207528175,-25511.024207528175,US10Y,Monte Carlo Normal,92305.88602654787,106912.36661483582,False,0.0,394001224.0
2024-07-10,2024-07-11,2024-07-11,2024-07-10,0.99,250,19,1.0.0,3997.131442303233,-3997.131442303233,SPY,Historical,87831.32807210756,112219.1617683577,False,0.0,
2024-07-10,2024-07-11,2024-07-11,2024-07-10,0.99,250,19,1.0.0,3997.131442303233,-3997.131442303233,SPY,Parametric Normal,92834.75214343697,106357.48174893242,False,0.0,
2024-07-10,2024-07-11,2024-07-11,2024-07-10,0.99,250,19,1.0.0,3997.131442303233,-3997.131442303233,SPY,Monte Carlo Normal,93372.13358715475,108519.85452198936,False,0.0,395001227.0
2024-07-11,2024-07-12,2024-07-12,2024-07-11,0.99,250,19,1.0.0,7740.4559199183705,-7740.4559199183705,EFA,Historical,87986.27774110169,112352.72471445361,False,0.0,
2024-07-11,2024-07-12,2024-07-12,2024-07-11,0.99,250,19,1.0.0,7740.4559199183705,-7740.4559199183705,EFA,Parametric Normal,92918.38506317003,106453.2970177703,False,0.0,
2024-07-11,2024-07-12,2024-07-12,2024-07-11,0.99,250,19,1.0.0,7740.4559199183705,-7740.4559199183705,EFA,Monte Carlo Normal,94897.84418425243,109168.4462538655,False,0.0,396001230.0
2024-07-12,2024-07-15,2024-07-15,2024-07-12,0.99,250,19,1.0.0,44607.88449486827,-44607.88449486827,US10Y,Historical,88147.47101023389,112416.72857532252,False,0.0,
2024-07-12,2024-07-15,2024-07-15,2024-07-12,0.99,250,19,1.0.0,44607.88449486827,-44607.88449486827,US10Y,Parametric Normal,93027.28384645192,106578.05849004186,False,0.0,
2024-07-12,2024-07-15,2024-07-15,2024-07-12,0.99,250,19,1.0.0,44607.88449486827,-44607.88449486827,US10Y,Monte Carlo Normal,93911.48654337291,107153.3083409669,False,0.0,397001233.0
2024-07-15,2024-07-16,2024-07-16,2024-07-15,0.99,250,19,1.0.0,32886.83269417856,-32886.83269417856,GLD,Historical,89034.12837989535,113573.2091560571,False,0.0,
2024-07-15,2024-07-16,2024-07-16,2024-07-15,0.99,250,19,1.0.0,32886.83269417856,-32886.83269417856,GLD,Parametric Normal,93572.44889276382,107202.6347411174,False,0.0,
2024-07-15,2024-07-16,2024-07-16,2024-07-15,0.99,250,19,1.0.0,32886.83269417856,-32886.83269417856,GLD,Monte Carlo Normal,93293.98067680302,107763.63602549984,False,0.0,398001236.0
2024-07-16,2024-07-17,2024-07-17,2024-07-16,0.99,250,19,1.0.0,-37776.76779898592,37776.76779898592,SPY,Historical,89481.02204115,114412.4385687782,False,0.0,
2024-07-16,2024-07-17,2024-07-17,2024-07-16,0.99,250,19,1.0.0,-37776.76779898592,37776.76779898592,SPY,Parametric Normal,94212.08316699315,107935.44103484487,False,0.0,
2024-07-16,2024-07-17,2024-07-17,2024-07-16,0.99,250,19,1.0.0,-37776.76779898592,37776.76779898592,SPY,Monte Carlo Normal,93291.12172294826,106645.52715426545,False,0.0,399001239.0
2024-07-17,2024-07-18,2024-07-18,2024-07-17,0.99,250,19,1.0.0,57271.159830697674,-57271.159830697674,USD_CASH,Historical,88953.39843942491,113469.29285124622,False,0.0,
2024-07-17,2024-07-18,2024-07-18,2024-07-17,0.99,250,19,1.0.0,57271.159830697674,-57271.159830697674,USD_CASH,Parametric Normal,93586.43502828124,107218.6581603509,False,0.0,
2024-07-17,2024-07-18,2024-07-18,2024-07-17,0.99,250,19,1.0.0,57271.159830697674,-57271.159830697674,USD_CASH,Monte Carlo Normal,94311.51528753417,109259.0962668797,False,0.0,400001242.0
2024-07-18,2024-07-19,2024-07-19,2024-07-18,0.99,250,19,1.0.0,-9797.382282370907,9797.382282370907,SPY,Historical,89859.14456008191,114620.45330544366,False,0.0,
2024-07-18,2024-07-19,2024-07-19,2024-07-18,0.99,250,19,1.0.0,-9797.382282370907,9797.382282370907,SPY,Parametric Normal,94880.08332290231,108700.74511278994,False,0.0,
2024-07-18,2024-07-19,2024-07-19,2024-07-18,0.99,250,19,1.0.0,-9797.382282370907,9797.382282370907,SPY,Monte Carlo Normal,94931.10757874628,108203.49560505625,False,0.0,401001245.0
2024-07-19,2024-07-22,2024-07-22,2024-07-19,0.99,250,19,1.0.0,21251.83943097258,-21251.83943097258,USD_CASH,Historical,89711.96026070738,114087.00693389506,False,0.0,
2024-07-19,2024-07-22,2024-07-22,2024-07-19,0.99,250,19,1.0.0,21251.83943097258,-21251.83943097258,USD_CASH,Parametric Normal,94107.38819697306,107815.4957222758,False,0.0,
2024-07-19,2024-07-22,2024-07-22,2024-07-19,0.99,250,19,1.0.0,21251.83943097258,-21251.83943097258,USD_CASH,Monte Carlo Normal,92567.91531047471,109202.5798879019,False,0.0,402001248.0
2024-07-22,2024-07-23,2024-07-23,2024-07-22,0.99,250,19,1.0.0,-28970.88898349536,28970.88898349536,QQQ,Historical,90041.15839939065,114452.81992647983,False,0.0,
2024-07-22,2024-07-23,2024-07-23,2024-07-22,0.99,250,19,1.0.0,-28970.88898349536,28970.88898349536,QQQ,Parametric Normal,94136.93500002421,107849.34644620938,False,0.0,
2024-07-22,2024-07-23,2024-07-23,2024-07-22,0.99,250,19,1.0.0,-28970.88898349536,28970.88898349536,QQQ,Monte Carlo Normal,94358.42486003895,106243.50079788259,False,0.0,403001251.0
2024-07-23,2024-07-24,2024-07-24,2024-07-23,0.99,250,19,1.0.0,-40618.2813924474,40618.2813924474,SPY,Historical,89493.74357910846,113786.3858219798,False,0.0,
2024-07-23,2024-07-24,2024-07-24,2024-07-23,0.99,250,19,1.0.0,-40618.2813924474,40618.2813924474,SPY,Parametric Normal,88521.90166776138,101416.40197910866,False,0.0,
2024-07-23,2024-07-24,2024-07-24,2024-07-23,0.99,250,19,1.0.0,-40618.2813924474,40618.2813924474,SPY,Monte Carlo Normal,87586.45701944114,100834.94784864856,False,0.0,404001254.0
2024-07-24,2024-07-25,2024-07-25,2024-07-24,0.99,250,19,1.0.0,39661.59356338816,-39661.59356338816,GLD,Historical,88389.44651463887,112348.96050208437,False,0.0,
2024-07-24,2024-07-25,2024-07-25,2024-07-24,0.99,250,19,1.0.0,39661.59356338816,-39661.59356338816,GLD,Parametric Normal,87461.65483815526,100201.71480404121,False,0.0,
2024-07-24,2024-07-25,2024-07-25,2024-07-24,0.99,250,19,1.0.0,39661.59356338816,-39661.59356338816,GLD,Monte Carlo Normal,86550.58180301508,99682.76287050903,False,0.0,405001257.0
2024-07-25,2024-07-26,2024-07-26,2024-07-25,0.99,250,19,1.0.0,4511.798566893708,-4511.798566893708,US10Y,Historical,89169.36491492759,113943.9358593082,False,0.0,
2024-07-25,2024-07-26,2024-07-26,2024-07-25,0.99,250,19,1.0.0,4511.798566893708,-4511.798566893708,US10Y,Parametric Normal,88573.44331841696,101475.45141956431,False,0.0,
2024-07-25,2024-07-26,2024-07-26,2024-07-25,0.99,250,19,1.0.0,4511.798566893708,-4511.798566893708,US10Y,Monte Carlo Normal,88591.55409878468,101100.20546999093,False,0.0,406001260.0
2024-07-26,2024-07-29,2024-07-29,2024-07-26,0.99,250,19,1.0.0,8140.579527144037,-8140.579527144037,US10Y,Historical,89368.00406654725,114350.26543196417,False,0.0,
2024-07-26,2024-07-29,2024-07-29,2024-07-26,0.99,250,19,1.0.0,8140.579527144037,-8140.579527144037,US10Y,Parametric Normal,88825.53823776865,101764.26762432478,False,0.0,
2024-07-26,2024-07-29,2024-07-29,2024-07-26,0.99,250,19,1.0.0,8140.579527144037,-8140.579527144037,US10Y,Monte Carlo Normal,87629.8441814044,100239.26023195105,False,0.0,407001263.0
2024-07-29,2024-07-30,2024-07-30,2024-07-29,0.99,250,19,1.0.0,-23962.955594964642,23962.955594964642,SPY,Historical,89920.51121803602,115054.61194410958,False,0.0,
2024-07-29,2024-07-30,2024-07-30,2024-07-29,0.99,250,19,1.0.0,-23962.955594964642,23962.955594964642,SPY,Parametric Normal,89151.72306016945,102137.96600229503,False,0.0,
2024-07-29,2024-07-30,2024-07-30,2024-07-29,0.99,250,19,1.0.0,-23962.955594964642,23962.955594964642,SPY,Monte Carlo Normal,88373.03913067034,102987.5160473639,False,0.0,408001266.0
2024-07-30,2024-07-31,2024-07-31,2024-07-30,0.99,250,19,1.0.0,16758.776894624978,-16758.776894624978,US10Y,Historical,89613.02500958892,114481.58246952231,False,0.0,
2024-07-30,2024-07-31,2024-07-31,2024-07-30,0.99,250,19,1.0.0,16758.776894624978,-16758.776894624978,US10Y,Parametric Normal,88760.47538013647,101689.72741676915,False,0.0,
2024-07-30,2024-07-31,2024-07-31,2024-07-30,0.99,250,19,1.0.0,16758.776894624978,-16758.776894624978,US10Y,Monte Carlo Normal,89406.87685602228,104325.48625527533,False,0.0,409001269.0
2024-07-31,2024-08-01,2024-08-01,2024-07-31,0.99,250,19,1.0.0,52940.381726755346,-52940.381726755346,EFA,Historical,89892.84877852714,114571.20764925543,False,0.0,
2024-07-31,2024-08-01,2024-08-01,2024-07-31,0.99,250,19,1.0.0,52940.381726755346,-52940.381726755346,EFA,Parametric Normal,88940.86654194536,101896.39517056585,False,0.0,
2024-07-31,2024-08-01,2024-08-01,2024-07-31,0.99,250,19,1.0.0,52940.381726755346,-52940.381726755346,EFA,Monte Carlo Normal,90898.60587759213,101763.10039186997,False,0.0,410001272.0
2024-08-01,2024-08-02,2024-08-02,2024-08-01,0.99,250,20,1.0.0,-43268.65868656244,43268.65868656244,SPY,Historical,89777.14897373029,115391.6436503701,False,0.0,
2024-08-01,2024-08-02,2024-08-02,2024-08-01,0.99,250,20,1.0.0,-43268.65868656244,43268.65868656244,SPY,Parametric Normal,89646.93984707819,102705.31830473916,False,0.0,
2024-08-01,2024-08-02,2024-08-02,2024-08-01,0.99,250,20,1.0.0,-43268.65868656244,43268.65868656244,SPY,Monte Carlo Normal,90875.21295182103,101751.62791667393,False,0.0,411001275.0
2024-08-02,2024-08-05,2024-08-05,2024-08-02,0.99,250,20,1.0.0,9897.966140531697,-9897.966140531697,GLD,Historical,89036.11896323001,114170.3350230711,False,0.0,
2024-08-02,2024-08-05,2024-08-05,2024-08-02,0.99,250,20,1.0.0,9897.966140531697,-9897.966140531697,GLD,Parametric Normal,88908.19312260527,101858.9623932825,False,0.0,
2024-08-02,2024-08-05,2024-08-05,2024-08-02,0.99,250,20,1.0.0,9897.966140531697,-9897.966140531697,GLD,Monte Carlo Normal,90765.61376801667,104305.0173284732,False,0.0,412001278.0
2024-08-05,2024-08-06,2024-08-06,2024-08-05,0.99,250,20,1.0.0,-10310.033837709527,10310.033837709527,QQQ,Historical,89284.95511041161,114557.64677132692,False,0.0,
2024-08-05,2024-08-06,2024-08-06,2024-08-05,0.99,250,20,1.0.0,-10310.033837709527,10310.033837709527,QQQ,Parametric Normal,89193.30579002088,102185.6058605284,False,0.0,
2024-08-05,2024-08-06,2024-08-06,2024-08-05,0.99,250,20,1.0.0,-10310.033837709527,10310.033837709527,QQQ,Monte Carlo Normal,86573.85103551364,99281.12687893356,False,0.0,413001281.0
2024-08-06,2024-08-07,2024-08-07,2024-08-06,0.99,250,20,1.0.0,-53302.65365530477,53302.65365530477,SPY,Historical,88649.99893276031,113819.59101280328,False,0.0,
2024-08-06,2024-08-07,2024-08-07,2024-08-06,0.99,250,20,1.0.0,-53302.65365530477,53302.65365530477,SPY,Parametric Normal,88502.50244122976,101394.17697355694,False,0.0,
2024-08-06,2024-08-07,2024-08-07,2024-08-06,0.99,250,20,1.0.0,-53302.65365530477,53302.65365530477,SPY,Monte Carlo Normal,88579.3145687854,100279.32014724692,False,0.0,414001284.0
2024-08-07,2024-08-08,2024-08-08,2024-08-07,0.99,250,20,1.0.0,26995.502113366616,-26995.502113366616,SPY,Historical,87660.47337812469,112624.84467549488,False,0.0,
2024-08-07,2024-08-08,2024-08-08,2024-08-07,0.99,250,20,1.0.0,26995.502113366616,-26995.502113366616,SPY,Parametric Normal,87771.51960774734,100556.71587654483,False,0.0,
2024-08-07,2024-08-08,2024-08-08,2024-08-07,0.99,250,20,1.0.0,26995.502113366616,-26995.502113366616,SPY,Monte Carlo Normal,89327.26791475994,102763.24203916105,False,0.0,415001287.0
2024-08-08,2024-08-09,2024-08-09,2024-08-08,0.99,250,20,1.0.0,23565.2370881161,-23565.2370881161,GLD,Historical,88000.5363594933,113083.7441001073,False,0.0,
2024-08-08,2024-08-09,2024-08-09,2024-08-08,0.99,250,20,1.0.0,23565.2370881161,-23565.2370881161,GLD,Parametric Normal,88002.4559720614,100821.29147550532,False,0.0,
2024-08-08,2024-08-09,2024-08-09,2024-08-08,0.99,250,20,1.0.0,23565.2370881161,-23565.2370881161,GLD,Monte Carlo Normal,89416.8096526822,101735.98602304976,False,0.0,416001290.0
2024-08-09,2024-08-12,2024-08-12,2024-08-09,0.99,250,20,1.0.0,33307.75487338948,-33307.75487338948,USD_CASH,Historical,88318.92025062373,113737.57968773723,False,0.0,
2024-08-09,2024-08-12,2024-08-12,2024-08-09,0.99,250,20,1.0.0,33307.75487338948,-33307.75487338948,USD_CASH,Parametric Normal,88397.16944692029,101273.50069919665,False,0.0,
2024-08-09,2024-08-12,2024-08-12,2024-08-09,0.99,250,20,1.0.0,33307.75487338948,-33307.75487338948,USD_CASH,Monte Carlo Normal,89700.77219339761,101670.79312980086,False,0.0,417001293.0
2024-08-12,2024-08-13,2024-08-13,2024-08-12,0.99,250,20,1.0.0,52435.57901309583,-52435.57901309583,GLD,Historical,88958.29837592447,114577.21233818127,False,0.0,
2024-08-12,2024-08-13,2024-08-13,2024-08-12,0.99,250,20,1.0.0,52435.57901309583,-52435.57901309583,GLD,Parametric Normal,89146.78916448005,102132.31341305855,False,0.0,
2024-08-12,2024-08-13,2024-08-13,2024-08-12,0.99,250,20,1.0.0,52435.57901309583,-52435.57901309583,GLD,Monte Carlo Normal,89343.12946169397,100444.77004082494,False,0.0,418001296.0
2024-08-13,2024-08-14,2024-08-14,2024-08-13,0.99,250,20,1.0.0,6036.7775945086,-6036.7775945086,QQQ,Historical,89739.32553319653,116065.79956326455,False,0.0,
2024-08-13,2024-08-14,2024-08-14,2024-08-13,0.99,250,20,1.0.0,6036.7775945086,-6036.7775945086,QQQ,Parametric Normal,90360.00026045437,103522.24632092395,False,0.0,
2024-08-13,2024-08-14,2024-08-14,2024-08-13,0.99,250,20,1.0.0,6036.7775945086,-6036.7775945086,QQQ,Monte Carlo Normal,89546.79806699856,102266.91396765996,False,0.0,419001299.0
2024-08-14,2024-08-15,2024-08-15,2024-08-14,0.99,250,20,1.0.0,5438.112626166943,-5438.112626166943,SPY,Historical,89735.76167912177,115847.01728347584,False,0.0,
2024-08-14,2024-08-15,2024-08-15,2024-08-14,0.99,250,20,1.0.0,5438.112626166943,-5438.112626166943,SPY,Parametric Normal,90250.39528087263,103396.6757846075,False,0.0,
2024-08-14,2024-08-15,2024-08-15,2024-08-14,0.99,250,20,1.0.0,5438.112626166943,-5438.112626166943,SPY,Monte Carlo Normal,92399.80743629606,104762.12539223215,False,0.0,420001302.0
2024-08-15,2024-08-16,2024-08-16,2024-08-15,0.99,250,20,1.0.0,10258.078949965522,-10258.078949965522,US10Y,Historical,89803.20088653639,115888.05879295268,False,0.0,
2024-08-15,2024-08-16,2024-08-16,2024-08-15,0.99,250,20,1.0.0,10258.078949965522,-10258.078949965522,US10Y,Parametric Normal,90222.1896599459,103364.36160544863,False,0.0,
2024-08-15,2024-08-16,2024-08-16,2024-08-15,0.99,250,20,1.0.0,10258.078949965522,-10258.078949965522,US10Y,Monte Carlo Normal,88564.36124492344,102828.14553773747,False,0.0,421001305.0
2024-08-16,2024-08-19,2024-08-19,2024-08-16,0.99,250,20,1.0.0,2848.984258066766,-2848.984258066766,EFA,Historical,90115.04332158608,116334.38110532293,False,0.0,
2024-08-16,2024-08-19,2024-08-19,2024-08-16,0.99,250,20,1.0.0,2848.984258066766,-2848.984258066766,EFA,Parametric Normal,90215.1507914474,103356.29742354933,False,0.0,
2024-08-16,2024-08-19,2024-08-19,2024-08-16,0.99,250,20,1.0.0,2848.984258066766,-2848.984258066766,EFA,Monte Carlo Normal,90330.69252073418,103599.6521441339,False,0.0,422001308.0
2024-08-19,2024-08-20,2024-08-20,2024-08-19,0.99,250,20,1.0.0,14739.425731461897,-14739.425731461897,EFA,Historical,90045.08611089025,116282.91893556254,False,0.0,
2024-08-19,2024-08-20,2024-08-20,2024-08-19,0.99,250,20,1.0.0,14739.425731461897,-14739.425731461897,EFA,Parametric Normal,90131.60957312252,103260.58721376123,False,0.0,
2024-08-19,2024-08-20,2024-08-20,2024-08-19,0.99,250,20,1.0.0,14739.425731461897,-14739.425731461897,EFA,Monte Carlo Normal,89322.05919557849,100477.37181569009,False,0.0,423001311.0
2024-08-20,2024-08-21,2024-08-21,2024-08-20,0.99,250,20,1.0.0,24127.06970124606,-24127.06970124606,GLD,Historical,90337.84447895088,116425.65772065871,False,0.0,
2024-08-20,2024-08-21,2024-08-21,2024-08-20,0.99,250,20,1.0.0,24127.06970124606,-24127.06970124606,GLD,Parametric Normal,90362.13677904184,103524.69405446584,False,0.0,
2024-08-20,2024-08-21,2024-08-21,2024-08-20,0.99,250,20,1.0.0,24127.06970124606,-24127.06970124606,GLD,Monte Carlo Normal,91500.41272309753,103503.7779389317,False,0.0,424001314.0
2024-08-21,2024-08-22,2024-08-22,2024-08-21,0.99,250,20,1.0.0,32770.59372871384,-32770.59372871384,EFA,Historical,90611.29066307901,116893.33467633367,False,0.0,
2024-08-21,2024-08-22,2024-08-22,2024-08-21,0.99,250,20,1.0.0,32770.59372871384,-32770.59372871384,EFA,Parametric Normal,90556.5921539031,103747.47467815761,False,0.0,
2024-08-21,2024-08-22,2024-08-22,2024-08-21,0.99,250,20,1.0.0,32770.59372871384,-32770.59372871384,EFA,Monte Carlo Normal,90813.20752262734,105003.4456425665,False,0.0,425001317.0
2024-08-22,2024-08-23,2024-08-23,2024-08-22,0.99,250,20,1.0.0,136.1050175060093,-136.1050175060093,US10Y,Historical,91352.09803869945,117790.3675745779,False,0.0,
2024-08-22,2024-08-23,2024-08-23,2024-08-22,0.99,250,20,1.0.0,136.1050175060093,-136.1050175060093,US10Y,Parametric Normal,91451.32771629002,104772.54146672033,False,0.0,
2024-08-22,2024-08-23,2024-08-23,2024-08-22,0.99,250,20,1.0.0,136.1050175060093,-136.1050175060093,US10Y,Monte Carlo Normal,91576.55614988356,106988.57258915012,False,0.0,426001320.0
2024-08-23,2024-08-26,2024-08-26,2024-08-23,0.99,250,20,1.0.0,-26691.113010479363,26691.113010479363,US10Y,Historical,91445.18101220914,118009.37176545091,False,0.0,
2024-08-23,2024-08-26,2024-08-26,2024-08-23,0.99,250,20,1.0.0,-26691.113010479363,26691.113010479363,US10Y,Parametric Normal,91547.61082661468,104882.84961008957,False,0.0,
2024-08-23,2024-08-26,2024-08-26,2024-08-23,0.99,250,20,1.0.0,-26691.113010479363,26691.113010479363,US10Y,Monte Carlo Normal,91555.1825387216,103396.80631834772,False,0.0,427001323.0
2024-08-26,2024-08-27,2024-08-27,2024-08-26,0.99,250,20,1.0.0,-30863.73529946959,30863.73529946959,QQQ,Historical,91201.57565653815,117637.05922907978,False,0.0,
2024-08-26,2024-08-27,2024-08-27,2024-08-26,0.99,250,20,1.0.0,-30863.73529946959,30863.73529946959,QQQ,Parametric Normal,91049.55695756094,104312.2469632917,False,0.0,
2024-08-26,2024-08-27,2024-08-27,2024-08-26,0.99,250,20,1.0.0,-30863.73529946959,30863.73529946959,QQQ,Monte Carlo Normal,92586.33704284487,104631.64074619804,False,0.0,428001326.0
2024-08-27,2024-08-28,2024-08-28,2024-08-27,0.99,250,20,1.0.0,5551.8995795066985,-5551.8995795066985,EFA,Historical,90583.78988293157,116847.16550651455,False,0.0,
2024-08-27,2024-08-28,2024-08-28,2024-08-27,0.99,250,20,1.0.0,5551.8995795066985,-5551.8995795066985,EFA,Parametric Normal,90428.71927397797,103600.97525656379,False,0.0,
2024-08-27,2024-08-28,2024-08-28,2024-08-27,0.99,250,20,1.0.0,5551.8995795066985,-5551.8995795066985,EFA,Monte Carlo Normal,91918.55369859716,104468.50086788695,False,0.0,429001329.0
2024-08-28,2024-08-29,2024-08-29,2024-08-28,0.99,250,20,1.0.0,27953.13078584173,-27953.13078584173,GLD,Historical,90555.57118390978,117010.86597570103,False,0.0,
2024-08-28,2024-08-29,2024-08-29,2024-08-28,0.99,250,20,1.0.0,27953.13078584173,-27953.13078584173,GLD,Parametric Normal,90492.82319306135,103674.41684224727,False,0.0,
2024-08-28,2024-08-29,2024-08-29,2024-08-28,0.99,250,20,1.0.0,27953.13078584173,-27953.13078584173,GLD,Monte Carlo Normal,93161.9071203722,107982.21350355893,False,0.0,430001332.0
2024-08-29,2024-08-30,2024-08-30,2024-08-29,0.99,250,20,1.0.0,-29106.931228912887,29106.931228912887,SPY,Historical,91006.0023309993,117715.351135425,False,0.0,
2024-08-29,2024-08-30,2024-08-30,2024-08-29,0.99,250,20,1.0.0,-29106.931228912887,29106.931228912887,SPY,Parametric Normal,90591.79403695499,103787.80422660554,False,0.0,
2024-08-29,2024-08-30,2024-08-30,2024-08-29,0.99,250,20,1.0.0,-29106.931228912887,29106.931228912887,SPY,Monte Carlo Normal,92266.90476709156,104959.66192994188,False,0.0,431001335.0
2024-08-30,2024-09-02,2024-09-02,2024-08-30,0.99,250,20,1.0.0,56362.60072753308,-56362.60072753308,USD_CASH,Historical,90541.61635493278,116882.89616410091,False,0.0,
2024-08-30,2024-09-02,2024-09-02,2024-08-30,0.99,250,20,1.0.0,56362.60072753308,-56362.60072753308,USD_CASH,Parametric Normal,90022.63485525196,103135.73874592557,False,0.0,
2024-08-30,2024-09-02,2024-09-02,2024-08-30,0.99,250,20,1.0.0,56362.60072753308,-56362.60072753308,USD_CASH,Monte Carlo Normal,90075.61910649014,103639.41704387442,False,0.0,432001338.0
2024-09-02,2024-09-03,2024-09-03,2024-09-02,0.99,250,21,1.0.0,-26440.192645776337,26440.192645776337,SPY,Historical,91130.81618195213,117131.52830807997,False,0.0,
2024-09-02,2024-09-03,2024-09-03,2024-09-02,0.99,250,21,1.0.0,-26440.192645776337,26440.192645776337,SPY,Parametric Normal,90726.30292727587,103941.9062898638,False,0.0,
2024-09-02,2024-09-03,2024-09-03,2024-09-02,0.99,250,21,1.0.0,-26440.192645776337,26440.192645776337,SPY,Monte Carlo Normal,90222.49246941463,105258.15928661595,False,0.0,433001341.0
2024-09-03,2024-09-04,2024-09-04,2024-09-03,0.99,250,21,1.0.0,-22372.329584588482,22372.329584588482,US10Y,Historical,90420.78206674362,116310.35478866001,False,0.0,
2024-09-03,2024-09-04,2024-09-04,2024-09-03,0.99,250,21,1.0.0,-22372.329584588482,22372.329584588482,US10Y,Parametric Normal,90016.30208015926,103128.48351018903,False,0.0,
2024-09-03,2024-09-04,2024-09-04,2024-09-03,0.99,250,21,1.0.0,-22372.329584588482,22372.329584588482,US10Y,Monte Carlo Normal,89345.82886357208,102124.22960231671,False,0.0,434001344.0
2024-09-04,2024-09-05,2024-09-05,2024-09-04,0.99,250,21,1.0.0,68604.62519369576,-68604.62519369576,EURUSD_OVERLAY,Historical,90250.08463929711,115969.16361718334,False,0.0,
2024-09-04,2024-09-05,2024-09-05,2024-09-04,0.99,250,21,1.0.0,68604.62519369576,-68604.62519369576,EURUSD_OVERLAY,Parametric Normal,89549.33253363067,102593.4930688349,False,0.0,
2024-09-04,2024-09-05,2024-09-05,2024-09-04,0.99,250,21,1.0.0,68604.62519369576,-68604.62519369576,EURUSD_OVERLAY,Monte Carlo Normal,88627.38602912097,100352.46900382919,False,0.0,435001347.0
2024-09-05,2024-09-06,2024-09-06,2024-09-05,0.99,250,21,1.0.0,22111.01217573341,-22111.01217573341,US10Y,Historical,91418.57750253867,117838.32830420739,False,0.0,
2024-09-05,2024-09-06,2024-09-06,2024-09-05,0.99,250,21,1.0.0,22111.01217573341,-22111.01217573341,US10Y,Parametric Normal,91529.94517137941,104862.61069566487,False,0.0,
2024-09-05,2024-09-06,2024-09-06,2024-09-05,0.99,250,21,1.0.0,22111.01217573341,-22111.01217573341,US10Y,Monte Carlo Normal,91398.10875047895,103600.4140777144,False,0.0,436001350.0
2024-09-06,2024-09-09,2024-09-09,2024-09-06,0.99,250,21,1.0.0,10844.055589534559,-10844.055589534559,SPY,Historical,91764.72147576527,118355.9887985944,False,0.0,
2024-09-06,2024-09-09,2024-09-09,2024-09-06,0.99,250,21,1.0.0,10844.055589534559,-10844.055589534559,SPY,Parametric Normal,91952.97591772002,105347.26201259457,False,0.0,
2024-09-06,2024-09-09,2024-09-09,2024-09-06,0.99,250,21,1.0.0,10844.055589534559,-10844.055589534559,SPY,Monte Carlo Normal,94299.51124029479,106171.27278828163,False,0.0,437001353.0
2024-09-09,2024-09-10,2024-09-10,2024-09-09,0.99,250,21,1.0.0,-83678.57495778671,83678.57495778671,SPY,Historical,91813.90856998863,118222.13963812767,False,0.0,
2024-09-09,2024-09-10,2024-09-10,2024-09-09,0.99,250,21,1.0.0,-83678.57495778671,83678.57495778671,SPY,Parametric Normal,91899.78779784383,105286.32627076967,False,0.0,
2024-09-09,2024-09-10,2024-09-10,2024-09-09,0.99,250,21,1.0.0,-83678.57495778671,83678.57495778671,SPY,Monte Carlo Normal,92902.98298438865,106406.33302088176,False,0.0,438001356.0
2024-09-10,2024-09-11,2024-09-11,2024-09-10,0.99,250,21,1.0.0,-14139.086564136998,14139.086564136998,SPY,Historical,90216.1721035286,115720.46686897457,False,0.0,
2024-09-10,2024-09-11,2024-09-11,2024-09-10,0.99,250,21,1.0.0,-14139.086564136998,14139.086564136998,SPY,Parametric Normal,90746.65970959661,103965.22833310899,False,0.0,
2024-09-10,2024-09-11,2024-09-11,2024-09-10,0.99,250,21,1.0.0,-14139.086564136998,14139.086564136998,SPY,Monte Carlo Normal,89821.74364867863,103371.10018535034,False,0.0,439001359.0
2024-09-11,2024-09-12,2024-09-12,2024-09-11,0.99,250,21,1.0.0,-33056.40816335551,33056.40816335551,SPY,Historical,89902.79192577909,114960.26476355895,False,0.0,
2024-09-11,2024-09-12,2024-09-12,2024-09-11,0.99,250,21,1.0.0,-33056.40816335551,33056.40816335551,SPY,Parametric Normal,89771.93372954243,102848.51936108906,False,0.0,
2024-09-11,2024-09-12,2024-09-12,2024-09-11,0.99,250,21,1.0.0,-33056.40816335551,33056.40816335551,SPY,Monte Carlo Normal,89378.30460302366,103518.85466486058,False,0.0,440001362.0
2024-09-12,2024-09-13,2024-09-13,2024-09-12,0.99,250,21,1.0.0,23105.22287599384,-23105.22287599384,US10Y,Historical,89420.25242218858,114150.3524105424,False,0.0,
2024-09-12,2024-09-13,2024-09-13,2024-09-12,0.99,250,21,1.0.0,23105.22287599384,-23105.22287599384,US10Y,Parametric Normal,89238.61199453702,102237.51157157606,False,0.0,
2024-09-12,2024-09-13,2024-09-13,2024-09-12,0.99,250,21,1.0.0,23105.22287599384,-23105.22287599384,US10Y,Monte Carlo Normal,87616.60305598979,101898.26186000927,False,0.0,441001365.0
2024-09-13,2024-09-16,2024-09-16,2024-09-13,0.99,250,21,1.0.0,251.79237474953874,-251.79237474953874,GLD,Historical,90194.3104195213,114952.72601954502,False,0.0,
2024-09-13,2024-09-16,2024-09-16,2024-09-13,0.99,250,21,1.0.0,251.79237474953874,-251.79237474953874,GLD,Parametric Normal,89651.69145030223,102710.76204796584,False,0.0,
2024-09-13,2024-09-16,2024-09-16,2024-09-13,0.99,250,21,1.0.0,251.79237474953874,-251.79237474953874,GLD,Monte Carlo Normal,91131.67651928292,103859.99888579574,False,0.0,442001368.0
2024-09-16,2024-09-17,2024-09-17,2024-09-16,0.99,250,21,1.0.0,-11505.156306722865,11505.156306722865,EURUSD_OVERLAY,Historical,90216.94106981144,115173.93510897417,False,0.0,
2024-09-16,2024-09-17,2024-09-17,2024-09-16,0.99,250,21,1.0.0,-11505.156306722865,11505.156306722865,EURUSD_OVERLAY,Parametric Normal,89632.40670964554,102688.66820481906,False,0.0,
2024-09-16,2024-09-17,2024-09-17,2024-09-16,0.99,250,21,1.0.0,-11505.156306722865,11505.156306722865,EURUSD_OVERLAY,Monte Carlo Normal,90546.43461460846,102051.27420200878,False,0.0,443001371.0
2024-09-17,2024-09-18,2024-09-18,2024-09-17,0.99,250,21,1.0.0,24412.85041162909,-24412.85041162909,US10Y,Historical,90098.71405829424,115110.82436237269,False,0.0,
2024-09-17,2024-09-18,2024-09-18,2024-09-17,0.99,250,21,1.0.0,24412.85041162909,-24412.85041162909,US10Y,Parametric Normal,89548.1923815223,102592.18683701697,False,0.0,
2024-09-17,2024-09-18,2024-09-18,2024-09-17,0.99,250,21,1.0.0,24412.85041162909,-24412.85041162909,US10Y,Monte Carlo Normal,90185.99605890583,101731.6895942132,False,0.0,444001374.0
2024-09-18,2024-09-19,2024-09-19,2024-09-18,0.99,250,21,1.0.0,23936.947465217374,-23936.947465217374,QQQ,Historical,90585.08759854156,115416.18305101068,False,0.0,
2024-09-18,2024-09-19,2024-09-19,2024-09-18,0.99,250,21,1.0.0,23936.947465217374,-23936.947465217374,QQQ,Parametric Normal,89995.94782149653,103105.16435820932,False,0.0,
2024-09-18,2024-09-19,2024-09-19,2024-09-18,0.99,250,21,1.0.0,23936.947465217374,-23936.947465217374,QQQ,Monte Carlo Normal,87907.01487793088,101663.42327374066,False,0.0,445001377.0
2024-09-19,2024-09-20,2024-09-20,2024-09-19,0.99,250,21,1.0.0,-38839.4162694382,38839.4162694382,SPY,Historical,90822.21398965942,115502.94310811913,False,0.0,
2024-09-19,2024-09-20,2024-09-20,2024-09-19,0.99,250,21,1.0.0,-38839.4162694382,38839.4162694382,SPY,Parametric Normal,90262.67583709359,103410.74518215508,False,0.0,
2024-09-19,2024-09-20,2024-09-20,2024-09-19,0.99,250,21,1.0.0,-38839.4162694382,38839.4162694382,SPY,Monte Carlo Normal,88853.23328940115,103756.24751846844,False,0.0,446001380.0
2024-09-20,2024-09-23,2024-09-23,2024-09-20,0.99,250,21,1.0.0,56323.542570884645,-56323.542570884645,USD_CASH,Historical,90000.64447268947,114558.0335100404,False,0.0,
2024-09-20,2024-09-23,2024-09-23,2024-09-20,0.99,250,21,1.0.0,56323.542570884645,-56323.542570884645,USD_CASH,Parametric Normal,89633.7312859205,102690.18572486125,False,0.0,
2024-09-20,2024-09-23,2024-09-23,2024-09-20,0.99,250,21,1.0.0,56323.542570884645,-56323.542570884645,USD_CASH,Monte Carlo Normal,90877.71402915535,104906.86095544983,False,0.0,447001383.0
2024-09-23,2024-09-24,2024-09-24,2024-09-23,0.99,250,21,1.0.0,-2805.705975530919,2805.705975530919,QQQ,Historical,90854.29279321291,115544.28586885554,False,0.0,
2024-09-23,2024-09-24,2024-09-24,2024-09-23,0.99,250,21,1.0.0,-2805.705975530919,2805.705975530919,QQQ,Parametric Normal,90816.79093884026,104045.57519419379,False,0.0,
2024-09-23,2024-09-24,2024-09-24,2024-09-23,0.99,250,21,1.0.0,-2805.705975530919,2805.705975530919,QQQ,Monte Carlo Normal,90595.27148848442,101725.76959183253,False,0.0,448001386.0
2024-09-24,2024-09-25,2024-09-25,2024-09-24,0.99,250,21,1.0.0,-38456.98129952652,38456.98129952652,QQQ,Historical,90547.81868193822,115043.49776339554,False,0.0,
2024-09-24,2024-09-25,2024-09-25,2024-09-24,0.99,250,21,1.0.0,-38456.98129952652,38456.98129952652,QQQ,Parametric Normal,90462.19205324107,103639.32383214957,False,0.0,
2024-09-24,2024-09-25,2024-09-25,2024-09-24,0.99,250,21,1.0.0,-38456.98129952652,38456.98129952652,QQQ,Monte Carlo Normal,90525.78422675937,105975.70123816995,False,0.0,449001389.0
2024-09-25,2024-09-26,2024-09-26,2024-09-25,0.99,250,21,1.0.0,-40311.008458489436,40311.008458489436,SPY,Historical,89706.58248324192,114378.29880424077,False,0.0,
2024-09-25,2024-09-26,2024-09-26,2024-09-25,0.99,250,21,1.0.0,-40311.008458489436,40311.008458489436,SPY,Parametric Normal,89970.38816284091,103075.88156414559,False,0.0,
2024-09-25,2024-09-26,2024-09-26,2024-09-25,0.99,250,21,1.0.0,-40311.008458489436,40311.008458489436,SPY,Monte Carlo Normal,90714.6566197888,102667.17991404765,False,0.0,450001392.0
2024-09-26,2024-09-27,2024-09-27,2024-09-26,0.99,250,21,1.0.0,-88373.12494536162,88373.12494536162,SPY,Historical,89001.66670231338,113274.8735820017,False,0.0,
2024-09-26,2024-09-27,2024-09-27,2024-09-26,0.99,250,21,1.0.0,-88373.12494536162,88373.12494536162,SPY,Parametric Normal,89177.89349450632,102167.94854038642,False,0.0,
2024-09-26,2024-09-27,2024-09-27,2024-09-26,0.99,250,21,1.0.0,-88373.12494536162,88373.12494536162,SPY,Monte Carlo Normal,88631.21615762656,101862.37730710933,False,0.0,451001395.0
2024-09-27,2024-09-30,2024-09-30,2024-09-27,0.99,250,21,1.0.0,25991.746141623193,-25991.746141623193,GLD,Historical,87365.57576386335,110734.60426240251,False,0.0,
2024-09-27,2024-09-30,2024-09-30,2024-09-27,0.99,250,21,1.0.0,25991.746141623193,-25991.746141623193,GLD,Parametric Normal,87862.7517219737,100661.23727289385,False,0.0,
2024-09-27,2024-09-30,2024-09-30,2024-09-27,0.99,250,21,1.0.0,25991.746141623193,-25991.746141623193,GLD,Monte Carlo Normal,87554.45607148785,102191.52933102292,False,0.0,452001398.0
2024-09-30,2024-10-01,2024-10-01,2024-09-30,0.99,250,21,1.0.0,-6864.876052718025,6864.876052718025,SPY,Historical,87975.58228414989,112207.54295132443,False,0.0,
2024-09-30,2024-10-01,2024-10-01,2024-09-30,0.99,250,21,1.0.0,-6864.876052718025,6864.876052718025,SPY,Parametric Normal,88848.68341122371,101790.7842283603,False,0.0,
2024-09-30,2024-10-01,2024-10-01,2024-09-30,0.99,250,21,1.0.0,-6864.876052718025,6864.876052718025,SPY,Monte Carlo Normal,87895.52856794537,101768.44545795309,False,0.0,453001401.0
2024-10-01,2024-10-02,2024-10-02,2024-10-01,0.99,250,22,1.0.0,-129366.76953391357,129366.76953391357,SPY,Historical,89661.80572069366,115237.62057091876,True,39704.9638132199,
2024-10-01,2024-10-02,2024-10-02,2024-10-01,0.99,250,22,1.0.0,-129366.76953391357,129366.76953391357,SPY,Parametric Normal,90940.71401724643,104187.54946832653,True,38426.05551666714,
2024-10-01,2024-10-02,2024-10-02,2024-10-01,0.99,250,22,1.0.0,-129366.76953391357,129366.76953391357,SPY,Monte Carlo Normal,89121.39839138223,101277.66851292983,True,40245.37114253134,454001404.0
2024-10-02,2024-10-03,2024-10-03,2024-10-02,0.99,250,22,1.0.0,37344.040525810204,-37344.040525810204,US10Y,Historical,116237.42974219193,121795.71514605434,False,0.0,
2024-10-02,2024-10-03,2024-10-03,2024-10-02,0.99,250,22,1.0.0,37344.040525810204,-37344.040525810204,US10Y,Parametric Normal,90292.79045701475,103445.24643373047,False,0.0,
2024-10-02,2024-10-03,2024-10-03,2024-10-02,0.99,250,22,1.0.0,37344.040525810204,-37344.040525810204,US10Y,Monte Carlo Normal,88237.60666472345,99757.54934915582,False,0.0,455001407.0
2024-10-03,2024-10-04,2024-10-04,2024-10-03,0.99,250,22,1.0.0,2160.1663311120096,-2160.1663311120096,EFA,Historical,117333.63941854966,122944.42762651335,False,0.0,
2024-10-03,2024-10-04,2024-10-04,2024-10-03,0.99,250,22,1.0.0,2160.1663311120096,-2160.1663311120096,EFA,Parametric Normal,91021.1171624323,104279.66449905823,False,0.0,
2024-10-03,2024-10-04,2024-10-04,2024-10-03,0.99,250,22,1.0.0,2160.1663311120096,-2160.1663311120096,EFA,Monte Carlo Normal,91266.3378805865,103632.93965200959,False,0.0,456001410.0
2024-10-04,2024-10-07,2024-10-07,2024-10-04,0.99,250,22,1.0.0,29946.444742748456,-29946.444742748456,US10Y,Historical,117834.69532964402,123406.1065089078,False,0.0,
2024-10-04,2024-10-07,2024-10-07,2024-10-04,0.99,250,22,1.0.0,29946.444742748456,-29946.444742748456,US10Y,Parametric Normal,91225.92828553148,104514.30933608374,False,0.0,
2024-10-04,2024-10-07,2024-10-07,2024-10-04,0.99,250,22,1.0.0,29946.444742748456,-29946.444742748456,US10Y,Monte Carlo Normal,89326.59664427003,102959.62757572051,False,0.0,457001413.0
2024-10-07,2024-10-08,2024-10-08,2024-10-07,0.99,250,22,1.0.0,43780.70618589471,-43780.70618589471,GLD,Historical,118805.30391079297,124460.82779772549,False,0.0,
2024-10-07,2024-10-08,2024-10-08,2024-10-07,0.99,250,22,1.0.0,43780.70618589471,-43780.70618589471,GLD,Parametric Normal,92058.40793718475,105468.0517365618,False,0.0,
2024-10-07,2024-10-08,2024-10-08,2024-10-07,0.99,250,22,1.0.0,43780.70618589471,-43780.70618589471,GLD,Monte Carlo Normal,94591.40265244315,110538.59256591513,False,0.0,458001416.0
2024-10-08,2024-10-09,2024-10-09,2024-10-08,0.99,250,22,1.0.0,17263.426390709858,-17263.426390709858,QQQ,Historical,120129.99059656472,125814.50818454541,False,0.0,
2024-10-08,2024-10-09,2024-10-09,2024-10-08,0.99,250,22,1.0.0,17263.426390709858,-17263.426390709858,QQQ,Parametric Normal,93264.82484216955,106850.20078086876,False,0.0,
2024-10-08,2024-10-09,2024-10-09,2024-10-08,0.99,250,22,1.0.0,17263.426390709858,-17263.426390709858,QQQ,Monte Carlo Normal,94790.06291347966,107960.56480183692,False,0.0,459001419.0
2024-10-09,2024-10-10,2024-10-10,2024-10-09,0.99,250,22,1.0.0,-10606.135682201133,10606.135682201133,EFA,Historical,90293.53683096445,118113.48343196735,False,0.0,
2024-10-09,2024-10-10,2024-10-10,2024-10-09,0.99,250,22,1.0.0,-10606.135682201133,10606.135682201133,EFA,Parametric Normal,91537.3164665159,104871.05572696883,False,0.0,
2024-10-09,2024-10-10,2024-10-10,2024-10-09,0.99,250,22,1.0.0,-10606.135682201133,10606.135682201133,EFA,Monte Carlo Normal,91619.96211256448,105551.08815574674,False,0.0,460001422.0
2024-10-10,2024-10-11,2024-10-11,2024-10-10,0.99,250,22,1.0.0,21922.389763930973,-21922.389763930973,US10Y,Historical,90016.24885566499,117732.9416234344,False,0.0,
2024-10-10,2024-10-11,2024-10-11,2024-10-10,0.99,250,22,1.0.0,21922.389763930973,-21922.389763930973,US10Y,Parametric Normal,90984.31955791687,104237.5067891458,False,0.0,
2024-10-10,2024-10-11,2024-10-11,2024-10-10,0.99,250,22,1.0.0,21922.389763930973,-21922.389763930973,US10Y,Monte Carlo Normal,89623.34520207168,102482.36591384362,False,0.0,461001425.0
2024-10-11,2024-10-14,2024-10-14,2024-10-11,0.99,250,22,1.0.0,20889.11817377807,-20889.11817377807,US5Y,Historical,90470.58682205874,118345.1463257878,False,0.0,
2024-10-11,2024-10-14,2024-10-14,2024-10-11,0.99,250,22,1.0.0,20889.11817377807,-20889.11817377807,US5Y,Parametric Normal,91519.54296198476,104850.69325343236,False,0.0,
2024-10-11,2024-10-14,2024-10-14,2024-10-11,0.99,250,22,1.0.0,20889.11817377807,-20889.11817377807,US5Y,Monte Carlo Normal,91633.12498347643,105903.87443645962,False,0.0,462001428.0
2024-10-14,2024-10-15,2024-10-15,2024-10-14,0.99,250,22,1.0.0,-944.2459459525892,944.2459459525892,EURUSD_OVERLAY,Historical,90826.97292639142,118670.31725230445,False,0.0,
2024-10-14,2024-10-15,2024-10-15,2024-10-14,0.99,250,22,1.0.0,-944.2459459525892,944.2459459525892,EURUSD_OVERLAY,Parametric Normal,91798.24202312621,105169.98887952502,False,0.0,
2024-10-14,2024-10-15,2024-10-15,2024-10-14,0.99,250,22,1.0.0,-944.2459459525892,944.2459459525892,EURUSD_OVERLAY,Monte Carlo Normal,91395.52639915296,107354.42460003227,False,0.0,463001431.0
2024-10-15,2024-10-16,2024-10-16,2024-10-15,0.99,250,22,1.0.0,12328.045632452186,-12328.045632452186,US10Y,Historical,91271.71290532294,119165.54420094212,False,0.0,
2024-10-15,2024-10-16,2024-10-16,2024-10-15,0.99,250,22,1.0.0,12328.045632452186,-12328.045632452186,US10Y,Parametric Normal,92174.15537989393,105600.65947494846,False,0.0,
2024-10-15,2024-10-16,2024-10-16,2024-10-15,0.99,250,22,1.0.0,12328.045632452186,-12328.045632452186,US10Y,Monte Carlo Normal,93608.49837481618,106465.06243890169,False,0.0,464001434.0
2024-10-16,2024-10-17,2024-10-17,2024-10-16,0.99,250,22,1.0.0,-50891.443796662265,50891.443796662265,SPY,Historical,91480.47257512769,119488.35875973788,False,0.0,
2024-10-16,2024-10-17,2024-10-17,2024-10-16,0.99,250,22,1.0.0,-50891.443796662265,50891.443796662265,SPY,Parametric Normal,92463.97510643028,105932.6956528223,False,0.0,
2024-10-16,2024-10-17,2024-10-17,2024-10-16,0.99,250,22,1.0.0,-50891.443796662265,50891.443796662265,SPY,Monte Carlo Normal,91608.52039675372,106455.81232720842,False,0.0,465001437.0
2024-10-17,2024-10-18,2024-10-18,2024-10-17,0.99,250,22,1.0.0,14543.200005082263,-14543.200005082263,EFA,Historical,90528.21601956656,118147.02953938684,False,0.0,
2024-10-17,2024-10-18,2024-10-18,2024-10-17,0.99,250,22,1.0.0,14543.200005082263,-14543.200005082263,EFA,Parametric Normal,91599.78288685513,104942.62128843965,False,0.0,
2024-10-17,2024-10-18,2024-10-18,2024-10-17,0.99,250,22,1.0.0,14543.200005082263,-14543.200005082263,EFA,Monte Carlo Normal,91895.20156948,104551.25290463067,False,0.0,466001440.0
2024-10-18,2024-10-21,2024-10-21,2024-10-18,0.99,250,22,1.0.0,51112.37668916034,-51112.37668916034,USD_CASH,Historical,90999.91930471997,118608.27579863969,False,0.0,
2024-10-18,2024-10-21,2024-10-21,2024-10-18,0.99,250,22,1.0.0,51112.37668916034,-51112.37668916034,USD_CASH,Parametric Normal,92016.92694684135,105420.52843767307,False,0.0,
2024-10-18,2024-10-21,2024-10-21,2024-10-18,0.99,250,22,1.0.0,51112.37668916034,-51112.37668916034,USD_CASH,Monte Carlo Normal,90527.89047528619,104378.91796637644,False,0.0,467001443.0
2024-10-21,2024-10-22,2024-10-22,2024-10-21,0.99,250,22,1.0.0,-20338.826895507933,20338.826895507933,SPY,Historical,91864.96694090702,119764.67894337069,False,0.0,
2024-10-21,2024-10-22,2024-10-22,2024-10-21,0.99,250,22,1.0.0,-20338.826895507933,20338.826895507933,SPY,Parametric Normal,93098.51098967758,106659.66090089282,False,0.0,
2024-10-21,2024-10-22,2024-10-22,2024-10-21,0.99,250,22,1.0.0,-20338.826895507933,20338.826895507933,SPY,Monte Carlo Normal,92311.27829121999,104691.06561418144,False,0.0,468001446.0
2024-10-22,2024-10-23,2024-10-23,2024-10-22,0.99,250,22,1.0.0,10821.261297096664,-10821.261297096664,EURUSD_OVERLAY,Historical,91324.60239138726,118939.74643217197,False,0.0,
2024-10-22,2024-10-23,2024-10-23,2024-10-22,0.99,250,22,1.0.0,10821.261297096664,-10821.261297096664,EURUSD_OVERLAY,Parametric Normal,92068.41512690028,105479.51661876327,False,0.0,
2024-10-22,2024-10-23,2024-10-23,2024-10-22,0.99,250,22,1.0.0,10821.261297096664,-10821.261297096664,EURUSD_OVERLAY,Monte Carlo Normal,93490.5367991105,107604.53069440041,False,0.0,469001449.0
2024-10-23,2024-10-24,2024-10-24,2024-10-23,0.99,250,22,1.0.0,-64039.34774316086,64039.34774316086,SPY,Historical,91737.75286387601,119522.14725038895,False,0.0,
2024-10-23,2024-10-24,2024-10-24,2024-10-23,0.99,250,22,1.0.0,-64039.34774316086,64039.34774316086,SPY,Parametric Normal,91771.3187138512,105139.14379932905,False,0.0,
2024-10-23,2024-10-24,2024-10-24,2024-10-23,0.99,250,22,1.0.0,-64039.34774316086,64039.34774316086,SPY,Monte Carlo Normal,92377.90281740605,104776.7455039672,False,0.0,470001452.0
2024-10-24,2024-10-25,2024-10-25,2024-10-24,0.99,250,22,1.0.0,62586.51545741486,-62586.51545741486,GLD,Historical,90460.63318699061,117608.26693079693,False,0.0,
2024-10-24,2024-10-25,2024-10-25,2024-10-24,0.99,250,22,1.0.0,62586.51545741486,-62586.51545741486,GLD,Parametric Normal,90534.39289937165,103722.04177987164,False,0.0,
2024-10-24,2024-10-25,2024-10-25,2024-10-24,0.99,250,22,1.0.0,62586.51545741486,-62586.51545741486,GLD,Monte Carlo Normal,91208.26912583654,103330.22872361621,False,0.0,471001455.0
2024-10-25,2024-10-28,2024-10-28,2024-10-25,0.99,250,22,1.0.0,71182.1385386326,-71182.1385386326,GLD,Historical,91461.14517188152,119003.57967174766,False,0.0,
2024-10-25,2024-10-28,2024-10-28,2024-10-25,0.99,250,22,1.0.0,71182.1385386326,-71182.1385386326,GLD,Parametric Normal,91962.84935224563,105358.5736562206,False,0.0,
2024-10-25,2024-10-28,2024-10-28,2024-10-25,0.99,250,22,1.0.0,71182.1385386326,-71182.1385386326,GLD,Monte Carlo Normal,91182.41371878854,102653.37536495336,False,0.0,472001458.0
2024-10-28,2024-10-29,2024-10-29,2024-10-28,0.99,250,22,1.0.0,-25288.988403125648,25288.988403125648,SPY,Historical,92846.02676279993,121022.7158359733,False,0.0,
2024-10-28,2024-10-29,2024-10-29,2024-10-28,0.99,250,22,1.0.0,-25288.988403125648,25288.988403125648,SPY,Parametric Normal,94103.90167683823,107811.50133985923,False,0.0,
2024-10-28,2024-10-29,2024-10-29,2024-10-28,0.99,250,22,1.0.0,-25288.988403125648,25288.988403125648,SPY,Monte Carlo Normal,93271.04582761767,109308.97759030251,False,0.0,473001461.0
2024-10-29,2024-10-30,2024-10-30,2024-10-29,0.99,250,22,1.0.0,-70884.43455484902,70884.43455484902,SPY,Historical,92410.9317341366,120204.13739977518,False,0.0,
2024-10-29,2024-10-30,2024-10-30,2024-10-29,0.99,250,22,1.0.0,-70884.43455484902,70884.43455484902,SPY,Parametric Normal,93359.03307815449,106958.13181432363,False,0.0,
2024-10-29,2024-10-30,2024-10-30,2024-10-29,0.99,250,22,1.0.0,-70884.43455484902,70884.43455484902,SPY,Monte Carlo Normal,92176.0210620474,107132.87008136,False,0.0,474001464.0
2024-10-30,2024-10-31,2024-10-31,2024-10-30,0.99,250,22,1.0.0,27938.391112060017,-27938.391112060017,USD_CASH,Historical,91030.63967669719,118121.87671121254,False,0.0,
2024-10-30,2024-10-31,2024-10-31,2024-10-30,0.99,250,22,1.0.0,27938.391112060017,-27938.391112060017,USD_CASH,Parametric Normal,92152.00833069588,105575.28638646072,False,0.0,
2024-10-30,2024-10-31,2024-10-31,2024-10-30,0.99,250,22,1.0.0,27938.391112060017,-27938.391112060017,USD_CASH,Monte Carlo Normal,93464.43536895422,106484.34816467245,False,0.0,475001467.0
2024-10-31,2024-11-01,2024-11-01,2024-10-31,0.99,250,22,1.0.0,-20861.091350562827,20861.091350562827,SPY,Historical,91439.22096560492,118664.88440542493,False,0.0,
2024-10-31,2024-11-01,2024-11-01,2024-10-31,0.99,250,22,1.0.0,-20861.091350562827,20861.091350562827,SPY,Parametric Normal,92575.18231071344,106060.10180113217,False,0.0,
2024-10-31,2024-11-01,2024-11-01,2024-10-31,0.99,250,22,1.0.0,-20861.091350562827,20861.091350562827,SPY,Monte Carlo Normal,91806.54114224302,104918.03122818837,False,0.0,476001470.0
2024-11-01,2024-11-04,2024-11-04,2024-11-01,0.99,250,23,1.0.0,-42925.42247510535,42925.42247510535,SPY,Historical,89960.04896634111,117806.47646279873,False,0.0,
2024-11-01,2024-11-04,2024-11-04,2024-11-01,0.99,250,23,1.0.0,-42925.42247510535,42925.42247510535,SPY,Parametric Normal,90296.7672783952,103449.80253688822,False,0.0,
2024-11-01,2024-11-04,2024-11-04,2024-11-01,0.99,250,23,1.0.0,-42925.42247510535,42925.42247510535,SPY,Monte Carlo Normal,89902.01340575588,104831.78450633997,False,0.0,477001473.0
2024-11-04,2024-11-05,2024-11-05,2024-11-04,0.99,250,23,1.0.0,-29079.46801506435,29079.46801506435,SPY,Historical,89004.8313098072,116427.2302657841,False,0.0,
2024-11-04,2024-11-05,2024-11-05,2024-11-04,0.99,250,23,1.0.0,-29079.46801506435,29079.46801506435,SPY,Parametric Normal,89140.95170410765,102125.62564182328,False,0.0,
2024-11-04,2024-11-05,2024-11-05,2024-11-04,0.99,250,23,1.0.0,-29079.46801506435,29079.46801506435,SPY,Monte Carlo Normal,88144.88599256294,99022.27072372712,False,0.0,478001476.0
2024-11-05,2024-11-06,2024-11-06,2024-11-05,0.99,250,23,1.0.0,-18306.735290607437,18306.735290607437,SPY,Historical,88446.75023111595,115608.12732459899,False,0.0,
2024-11-05,2024-11-06,2024-11-06,2024-11-05,0.99,250,23,1.0.0,-18306.735290607437,18306.735290607437,SPY,Parametric Normal,88359.97657270687,101230.89014281543,False,0.0,
2024-11-05,2024-11-06,2024-11-06,2024-11-05,0.99,250,23,1.0.0,-18306.735290607437,18306.735290607437,SPY,Monte Carlo Normal,89543.54881972603,102755.80813417377,False,0.0,479001479.0
2024-11-06,2024-11-07,2024-11-07,2024-11-06,0.99,250,23,1.0.0,-64186.751266800056,64186.751266800056,SPY,Historical,88320.05785879795,115264.8784537935,False,0.0,
2024-11-06,2024-11-07,2024-11-07,2024-11-06,0.99,250,23,1.0.0,-64186.751266800056,64186.751266800056,SPY,Parametric Normal,87945.39139023748,100755.91460876394,False,0.0,
2024-11-06,2024-11-07,2024-11-07,2024-11-06,0.99,250,23,1.0.0,-64186.751266800056,64186.751266800056,SPY,Monte Carlo Normal,87838.46141914513,101444.99237039719,False,0.0,480001482.0
2024-11-07,2024-11-08,2024-11-08,2024-11-07,0.99,250,23,1.0.0,-10347.148939860022,10347.148939860022,SPY,Historical,86987.02139603945,113689.52513721469,False,0.0,
2024-11-07,2024-11-08,2024-11-08,2024-11-07,0.99,250,23,1.0.0,-10347.148939860022,10347.148939860022,SPY,Parametric Normal,87135.115402604,99827.6101583662,False,0.0,
2024-11-07,2024-11-08,2024-11-08,2024-11-07,0.99,250,23,1.0.0,-10347.148939860022,10347.148939860022,SPY,Monte Carlo Normal,86304.88453173538,100231.84561207221,False,0.0,481001485.0
2024-11-08,2024-11-11,2024-11-11,2024-11-08,0.99,250,23,1.0.0,22216.7950388466,-22216.7950388466,EURUSD_OVERLAY,Historical,86654.79405365374,113326.92661286092,False,0.0,
2024-11-08,2024-11-11,2024-11-11,2024-11-08,0.99,250,23,1.0.0,22216.7950388466,-22216.7950388466,EURUSD_OVERLAY,Parametric Normal,86668.45325659344,99292.97189487894,False,0.0,
2024-11-08,2024-11-11,2024-11-11,2024-11-08,0.99,250,23,1.0.0,22216.7950388466,-22216.7950388466,EURUSD_OVERLAY,Monte Carlo Normal,88690.87726977795,101079.51323552005,False,0.0,482001488.0
2024-11-11,2024-11-12,2024-11-12,2024-11-11,0.99,250,23,1.0.0,-77861.5587640841,77861.5587640841,SPY,Historical,87140.4424124417,114017.34167529448,False,0.0,
2024-11-11,2024-11-12,2024-11-12,2024-11-11,0.99,250,23,1.0.0,-77861.5587640841,77861.5587640841,SPY,Parametric Normal,87278.5249114815,99991.90934451035,False,0.0,
2024-11-11,2024-11-12,2024-11-12,2024-11-11,0.99,250,23,1.0.0,-77861.5587640841,77861.5587640841,SPY,Monte Carlo Normal,87351.96693587114,100619.5346136449,False,0.0,483001491.0
2024-11-12,2024-11-13,2024-11-13,2024-11-12,0.99,250,23,1.0.0,87007.55836668068,-87007.55836668068,USD_CASH,Historical,85785.62113877546,112182.71267782523,False,0.0,
2024-11-12,2024-11-13,2024-11-13,2024-11-12,0.99,250,23,1.0.0,87007.55836668068,-87007.55836668068,USD_CASH,Parametric Normal,86242.27453707896,98804.7140567742,False,0.0,
2024-11-12,2024-11-13,2024-11-13,2024-11-12,0.99,250,23,1.0.0,87007.55836668068,-87007.55836668068,USD_CASH,Monte Carlo Normal,88763.79254845486,102582.37527474329,False,0.0,484001494.0
2024-11-13,2024-11-14,2024-11-14,2024-11-13,0.99,250,23,1.0.0,-33188.56481756525,33188.56481756525,SPY,Historical,87428.7784292917,114370.11905605829,False,0.0,
2024-11-13,2024-11-14,2024-11-14,2024-11-13,0.99,250,23,1.0.0,-33188.56481756525,33188.56481756525,SPY,Parametric Normal,88797.12519822903,101731.71581302035,False,0.0,
2024-11-13,2024-11-14,2024-11-14,2024-11-13,0.99,250,23,1.0.0,-33188.56481756525,33188.56481756525,SPY,Monte Carlo Normal,86804.23484821153,99108.21304156542,False,0.0,485001497.0
2024-11-14,2024-11-15,2024-11-15,2024-11-14,0.99,250,23,1.0.0,-60707.12012026282,60707.12012026282,SPY,Historical,86724.19949672016,113394.71696601293,False,0.0,
2024-11-14,2024-11-15,2024-11-15,2024-11-14,0.99,250,23,1.0.0,-60707.12012026282,60707.12012026282,SPY,Parametric Normal,88042.39542620031,100867.04869105836,False,0.0,
2024-11-14,2024-11-15,2024-11-15,2024-11-14,0.99,250,23,1.0.0,-60707.12012026282,60707.12012026282,SPY,Monte Carlo Normal,86652.95331262876,97451.05411192929,False,0.0,486001500.0
2024-11-15,2024-11-18,2024-11-18,2024-11-15,0.99,250,23,1.0.0,30727.99233735705,-30727.99233735705,USD_CASH,Historical,85552.12777736038,111743.83587303996,False,0.0,
2024-11-15,2024-11-18,2024-11-18,2024-11-15,0.99,250,23,1.0.0,30727.99233735705,-30727.99233735705,USD_CASH,Parametric Normal,86929.20735348458,99591.7086121183,False,0.0,
2024-11-15,2024-11-18,2024-11-18,2024-11-15,0.99,250,23,1.0.0,30727.99233735705,-30727.99233735705,USD_CASH,Monte Carlo Normal,88525.26611459859,100453.65080085405,False,0.0,487001503.0
2024-11-18,2024-11-19,2024-11-19,2024-11-18,0.99,250,23,1.0.0,75551.4807619628,-75551.4807619628,US10Y,Historical,86064.02731074308,112354.07743377906,False,0.0,
2024-11-18,2024-11-19,2024-11-19,2024-11-18,0.99,250,23,1.0.0,75551.4807619628,-75551.4807619628,US10Y,Parametric Normal,87228.16330638889,99934.21184038809,False,0.0,
2024-11-18,2024-11-19,2024-11-19,2024-11-18,0.99,250,23,1.0.0,75551.4807619628,-75551.4807619628,US10Y,Monte Carlo Normal,89044.32336396097,101721.52677300741,False,0.0,488001506.0
2024-11-19,2024-11-20,2024-11-20,2024-11-19,0.99,250,23,1.0.0,-23404.85894005377,23404.85894005377,QQQ,Historical,87410.07149658223,114282.9919670884,False,0.0,
2024-11-19,2024-11-20,2024-11-20,2024-11-19,0.99,250,23,1.0.0,-23404.85894005377,23404.85894005377,QQQ,Parametric Normal,89159.66887541942,102147.069240909,False,0.0,
2024-11-19,2024-11-20,2024-11-20,2024-11-19,0.99,250,23,1.0.0,-23404.85894005377,23404.85894005377,QQQ,Monte Carlo Normal,90118.23483053205,101820.36281604027,False,0.0,489001509.0
2024-11-20,2024-11-21,2024-11-21,2024-11-20,0.99,250,23,1.0.0,-5568.246722147543,5568.246722147543,EURUSD_OVERLAY,Historical,86877.60548150665,113701.24806146539,False,0.0,
2024-11-20,2024-11-21,2024-11-21,2024-11-20,0.99,250,23,1.0.0,-5568.246722147543,5568.246722147543,EURUSD_OVERLAY,Parametric Normal,88306.15337829123,101169.22681862315,False,0.0,
2024-11-20,2024-11-21,2024-11-21,2024-11-20,0.99,250,23,1.0.0,-5568.246722147543,5568.246722147543,EURUSD_OVERLAY,Monte Carlo Normal,88290.31377897288,102033.77338586526,False,0.0,490001512.0
2024-11-21,2024-11-22,2024-11-22,2024-11-21,0.99,250,23,1.0.0,-63963.10933897748,63963.10933897748,SPY,Historical,87121.2861531836,114389.52625251406,False,0.0,
2024-11-21,2024-11-22,2024-11-22,2024-11-21,0.99,250,23,1.0.0,-63963.10933897748,63963.10933897748,SPY,Parametric Normal,88951.06801910857,101908.08264100281,False,0.0,
2024-11-21,2024-11-22,2024-11-22,2024-11-21,0.99,250,23,1.0.0,-63963.10933897748,63963.10933897748,SPY,Monte Carlo Normal,90478.0485822372,103629.61104779961,False,0.0,491001515.0
2024-11-22,2024-11-25,2024-11-25,2024-11-22,0.99,250,23,1.0.0,-29148.089691025983,29148.089691025983,QQQ,Historical,85862.62759188832,112751.68839339896,False,0.0,
2024-11-22,2024-11-25,2024-11-25,2024-11-22,0.99,250,23,1.0.0,-29148.089691025983,29148.089691025983,QQQ,Parametric Normal,88049.82494310288,100875.560424974,False,0.0,
2024-11-22,2024-11-25,2024-11-25,2024-11-22,0.99,250,23,1.0.0,-29148.089691025983,29148.089691025983,QQQ,Monte Carlo Normal,90710.93972254518,103366.82517552609,False,0.0,492001518.0
2024-11-25,2024-11-26,2024-11-26,2024-11-25,0.99,250,23,1.0.0,-16151.49910507998,16151.49910507998,SPY,Historical,85349.17255464502,112029.83772924352,False,0.0,
2024-11-25,2024-11-26,2024-11-26,2024-11-25,0.99,250,23,1.0.0,-16151.49910507998,16151.49910507998,SPY,Parametric Normal,87506.39255986542,100252.96922450786,False,0.0,
2024-11-25,2024-11-26,2024-11-26,2024-11-25,0.99,250,23,1.0.0,-16151.49910507998,16151.49910507998,SPY,Monte Carlo Normal,86658.95337467181,99261.90751760588,False,0.0,493001521.0
2024-11-26,2024-11-27,2024-11-27,2024-11-26,0.99,250,23,1.0.0,-9525.381188782894,9525.381188782894,SPY,Historical,85183.74692926458,111647.7897600625,False,0.0,
2024-11-26,2024-11-27,2024-11-27,2024-11-26,0.99,250,23,1.0.0,-9525.381188782894,9525.381188782894,SPY,Parametric Normal,87190.69334266268,99891.28383238324,False,0.0,
2024-11-26,2024-11-27,2024-11-27,2024-11-26,0.99,250,23,1.0.0,-9525.381188782894,9525.381188782894,SPY,Monte Carlo Normal,89366.36407108717,101322.23683267411,False,0.0,494001524.0
2024-11-27,2024-11-28,2024-11-28,2024-11-27,0.99,250,23,1.0.0,24555.627975276675,-24555.627975276675,GLD,Historical,84992.48416016003,111376.54213158974,False,0.0,
2024-11-27,2024-11-28,2024-11-28,2024-11-27,0.99,250,23,1.0.0,24555.627975276675,-24555.627975276675,GLD,Parametric Normal,86817.58494586525,99463.82678007762,False,0.0,
2024-11-27,2024-11-28,2024-11-28,2024-11-27,0.99,250,23,1.0.0,24555.627975276675,-24555.627975276675,GLD,Monte Carlo Normal,88769.89312367894,100718.03638865174,False,0.0,495001527.0
2024-11-28,2024-11-29,2024-11-29,2024-11-28,0.99,250,23,1.0.0,-2739.321754997088,2739.321754997088,US10Y,Historical,85414.47865582744,112105.99299803749,False,0.0,
2024-11-28,2024-11-29,2024-11-29,2024-11-28,0.99,250,23,1.0.0,-2739.321754997088,2739.321754997088,US10Y,Parametric Normal,87485.94701401054,100229.54548803097,False,0.0,
2024-11-28,2024-11-29,2024-11-29,2024-11-28,0.99,250,23,1.0.0,-2739.321754997088,2739.321754997088,US10Y,Monte Carlo Normal,87500.85004906557,101390.9203524628,False,0.0,496001530.0
2024-11-29,2024-12-02,2024-12-02,2024-11-29,0.99,250,23,1.0.0,35622.205942178894,-35622.205942178894,GLD,Historical,85446.82760423864,112023.66635010838,False,0.0,
2024-11-29,2024-12-02,2024-12-02,2024-11-29,0.99,250,23,1.0.0,35622.205942178894,-35622.205942178894,GLD,Parametric Normal,87192.4281203475,99893.27130562672,False,0.0,
2024-11-29,2024-12-02,2024-12-02,2024-11-29,0.99,250,23,1.0.0,35622.205942178894,-35622.205942178894,GLD,Monte Carlo Normal,88385.92418562675,99189.28310747673,False,0.0,497001533.0
2024-12-02,2024-12-03,2024-12-03,2024-12-02,0.99,250,24,1.0.0,90664.18547824722,-90664.18547824722,GLD,Historical,87899.21950873735,115107.733412071,False,0.0,
2024-12-02,2024-12-03,2024-12-03,2024-12-02,0.99,250,24,1.0.0,90664.18547824722,-90664.18547824722,GLD,Parametric Normal,89973.98592006839,103080.00338695246,False,0.0,
2024-12-02,2024-12-03,2024-12-03,2024-12-02,0.99,250,24,1.0.0,90664.18547824722,-90664.18547824722,GLD,Monte Carlo Normal,89726.13850976247,104852.37588299776,False,0.0,498001536.0
2024-12-03,2024-12-04,2024-12-04,2024-12-03,0.99,250,24,1.0.0,14122.240342038122,-14122.240342038122,US5Y,Historical,89623.5703434473,117192.49253725409,False,0.0,
2024-12-03,2024-12-04,2024-12-04,2024-12-03,0.99,250,24,1.0.0,14122.240342038122,-14122.240342038122,US5Y,Parametric Normal,92683.9056716864,106184.66229828841,False,0.0,
2024-12-03,2024-12-04,2024-12-04,2024-12-03,0.99,250,24,1.0.0,14122.240342038122,-14122.240342038122,US5Y,Monte Carlo Normal,94916.42709509375,107017.33119622573,False,0.0,499001539.0
2024-12-04,2024-12-05,2024-12-05,2024-12-04,0.99,250,24,1.0.0,48384.93571850729,-48384.93571850729,US10Y,Historical,89864.9461429561,117486.1358478362,False,0.0,
2024-12-04,2024-12-05,2024-12-05,2024-12-04,0.99,250,24,1.0.0,48384.93571850729,-48384.93571850729,US10Y,Parametric Normal,92632.8253758004,106126.14141562337,False,0.0,
2024-12-04,2024-12-05,2024-12-05,2024-12-04,0.99,250,24,1.0.0,48384.93571850729,-48384.93571850729,US10Y,Monte Carlo Normal,92062.14467561698,106626.59858248683,False,0.0,500001542.0
2024-12-05,2024-12-06,2024-12-06,2024-12-05,0.99,250,24,1.0.0,-9966.442784638779,9966.442784638779,SPY,Historical,90918.39737144668,118760.21716550013,False,0.0,
2024-12-05,2024-12-06,2024-12-06,2024-12-05,0.99,250,24,1.0.0,-9966.442784638779,9966.442784638779,SPY,Parametric Normal,93976.2572999582,107665.26370609686,False,0.0,
2024-12-05,2024-12-06,2024-12-06,2024-12-05,0.99,250,24,1.0.0,-9966.442784638779,9966.442784638779,SPY,Monte Carlo Normal,93632.54844300904,105821.15026716953,False,0.0,501001545.0
2024-12-06,2024-12-09,2024-12-09,2024-12-06,0.99,250,24,1.0.0,-39535.45885418116,39535.45885418116,EFA,Historical,90568.96979901704,118374.60765098962,False,0.0,
2024-12-06,2024-12-09,2024-12-09,2024-12-06,0.99,250,24,1.0.0,-39535.45885418116,39535.45885418116,EFA,Parametric Normal,93635.60105175404,107274.98592903066,False,0.0,
2024-12-06,2024-12-09,2024-12-09,2024-12-06,0.99,250,24,1.0.0,-39535.45885418116,39535.45885418116,EFA,Monte Carlo Normal,93675.99275998805,105563.27282289295,False,0.0,502001548.0
2024-12-09,2024-12-10,2024-12-10,2024-12-09,0.99,250,24,1.0.0,1731.4165420958864,-1731.4165420958864,SPY,Historical,90035.19553118004,117682.62902474708,False,0.0,
2024-12-09,2024-12-10,2024-12-10,2024-12-09,0.99,250,24,1.0.0,1731.4165420958864,-1731.4165420958864,SPY,Parametric Normal,93246.39522925811,106829.08662723975,False,0.0,
2024-12-09,2024-12-10,2024-12-10,2024-12-09,0.99,250,24,1.0.0,1731.4165420958864,-1731.4165420958864,SPY,Monte Carlo Normal,91434.7943960051,104129.6786870652,False,0.0,503001551.0
2024-12-10,2024-12-11,2024-12-11,2024-12-10,0.99,250,24,1.0.0,21907.246568189435,-21907.246568189435,EURUSD_OVERLAY,Historical,90095.09009382264,117798.40597505179,False,0.0,
2024-12-10,2024-12-11,2024-12-11,2024-12-10,0.99,250,24,1.0.0,21907.246568189435,-21907.246568189435,EURUSD_OVERLAY,Parametric Normal,92865.50364073714,106392.71264832451,False,0.0,
2024-12-10,2024-12-11,2024-12-11,2024-12-10,0.99,250,24,1.0.0,21907.246568189435,-21907.246568189435,EURUSD_OVERLAY,Monte Carlo Normal,95124.09085840636,108841.82269292866,False,0.0,504001554.0
2024-12-11,2024-12-12,2024-12-12,2024-12-11,0.99,250,24,1.0.0,29857.677038147493,-29857.677038147493,EURUSD_OVERLAY,Historical,90550.9931005948,118357.11546633096,False,0.0,
2024-12-11,2024-12-12,2024-12-12,2024-12-11,0.99,250,24,1.0.0,29857.677038147493,-29857.677038147493,EURUSD_OVERLAY,Parametric Normal,93357.42476280696,106956.28922449308,False,0.0,
2024-12-11,2024-12-12,2024-12-12,2024-12-11,0.99,250,24,1.0.0,29857.677038147493,-29857.677038147493,EURUSD_OVERLAY,Monte Carlo Normal,94128.28038508183,105817.03727315793,False,0.0,505001557.0
2024-12-12,2024-12-13,2024-12-13,2024-12-12,0.99,250,24,1.0.0,58530.99614803165,-58530.99614803165,USD_CASH,Historical,91199.94790040549,119156.37012856714,False,0.0,
2024-12-12,2024-12-13,2024-12-13,2024-12-12,0.99,250,24,1.0.0,58530.99614803165,-58530.99614803165,USD_CASH,Parametric Normal,93898.64534258773,107576.34644021378,False,0.0,
2024-12-12,2024-12-13,2024-12-13,2024-12-12,0.99,250,24,1.0.0,58530.99614803165,-58530.99614803165,USD_CASH,Monte Carlo Normal,93716.01570837347,106788.85860952298,False,0.0,506001560.0
2024-12-13,2024-12-16,2024-12-16,2024-12-13,0.99,250,24,1.0.0,30554.669666543487,-30554.669666543487,QQQ,Historical,92060.70199371975,120222.69277633385,False,0.0,
2024-12-13,2024-12-16,2024-12-16,2024-12-13,0.99,250,24,1.0.0,30554.669666543487,-30554.669666543487,QQQ,Parametric Normal,95077.68825069162,108927.13406752508,False,0.0,
2024-12-13,2024-12-16,2024-12-16,2024-12-13,0.99,250,24,1.0.0,30554.669666543487,-30554.669666543487,QQQ,Monte Carlo Normal,94734.13760773165,107547.66344142657,False,0.0,507001563.0
2024-12-16,2024-12-17,2024-12-17,2024-12-16,0.99,250,24,1.0.0,-33908.581505353905,33908.581505353905,QQQ,Historical,92604.82634917361,120871.78086337128,False,0.0,
2024-12-16,2024-12-17,2024-12-17,2024-12-16,0.99,250,24,1.0.0,-33908.581505353905,33908.581505353905,QQQ,Parametric Normal,95751.29149796664,109698.85740845006,False,0.0,
2024-12-16,2024-12-17,2024-12-17,2024-12-16,0.99,250,24,1.0.0,-33908.581505353905,33908.581505353905,QQQ,Monte Carlo Normal,94306.467651247,109066.33552522743,False,0.0,508001566.0
2024-12-17,2024-12-18,2024-12-18,2024-12-17,0.99,250,24,1.0.0,-67224.90199431422,67224.90199431422,SPY,Historical,92034.98204328629,120155.08546707578,False,0.0,
2024-12-17,2024-12-18,2024-12-18,2024-12-17,0.99,250,24,1.0.0,-67224.90199431422,67224.90199431422,SPY,Parametric Normal,95069.75984256972,108918.05077164016,False,0.0,
2024-12-17,2024-12-18,2024-12-18,2024-12-17,0.99,250,24,1.0.0,-67224.90199431422,67224.90199431422,SPY,Monte Carlo Normal,96543.94001923359,110987.65504421761,False,0.0,509001569.0
2024-12-18,2024-12-19,2024-12-19,2024-12-18,0.99,250,24,1.0.0,-35211.303123620535,35211.303123620535,SPY,Historical,90681.83753797621,118519.14866832076,False,0.0,
2024-12-18,2024-12-19,2024-12-19,2024-12-18,0.99,250,24,1.0.0,-35211.303123620535,35211.303123620535,SPY,Parametric Normal,94182.9302130938,107902.04152991068,False,0.0,
2024-12-18,2024-12-19,2024-12-19,2024-12-18,0.99,250,24,1.0.0,-35211.303123620535,35211.303123620535,SPY,Monte Carlo Normal,93598.61752273985,106449.72493582877,False,0.0,510001572.0
2024-12-19,2024-12-20,2024-12-20,2024-12-19,0.99,250,24,1.0.0,22190.73147840811,-22190.73147840811,US10Y,Historical,89780.42263324173,117407.0923234634,False,0.0,
2024-12-19,2024-12-20,2024-12-20,2024-12-19,0.99,250,24,1.0.0,22190.73147840811,-22190.73147840811,US10Y,Parametric Normal,92486.08037033665,105958.02086938392,False,0.0,
2024-12-19,2024-12-20,2024-12-20,2024-12-19,0.99,250,24,1.0.0,22190.73147840811,-22190.73147840811,US10Y,Monte Carlo Normal,92359.11041534918,107019.95279613137,False,0.0,511001575.0
2024-12-20,2024-12-23,2024-12-23,2024-12-20,0.99,250,24,1.0.0,-43298.420340279125,43298.420340279125,SPY,Historical,90378.33060989022,118109.96164723163,False,0.0,
2024-12-20,2024-12-23,2024-12-23,2024-12-20,0.99,250,24,1.0.0,-43298.420340279125,43298.420340279125,SPY,Parametric Normal,92733.28978396609,106241.2399235764,False,0.0,
2024-12-20,2024-12-23,2024-12-23,2024-12-20,0.99,250,24,1.0.0,-43298.420340279125,43298.420340279125,SPY,Monte Carlo Normal,93355.11797957541,105864.39321398715,False,0.0,512001578.0
2024-12-23,2024-12-24,2024-12-24,2024-12-23,0.99,250,24,1.0.0,71582.96537608371,-71582.96537608371,US10Y,Historical,89642.36754635935,117202.47757915333,False,0.0,
2024-12-23,2024-12-24,2024-12-24,2024-12-23,0.99,250,24,1.0.0,71582.96537608371,-71582.96537608371,US10Y,Parametric Normal,91576.46398945013,104915.90565503843,False,0.0,
2024-12-23,2024-12-24,2024-12-24,2024-12-23,0.99,250,24,1.0.0,71582.96537608371,-71582.96537608371,US10Y,Monte Carlo Normal,90658.16968058856,105689.33822618192,False,0.0,513001581.0
2024-12-24,2024-12-25,2024-12-25,2024-12-24,0.99,250,24,1.0.0,34659.54145675938,-34659.54145675938,QQQ,Historical,91474.68077299614,119385.6938473623,False,0.0,
2024-12-24,2024-12-25,2024-12-25,2024-12-24,0.99,250,24,1.0.0,34659.54145675938,-34659.54145675938,QQQ,Parametric Normal,93916.48401633363,107596.78357580739,False,0.0,
2024-12-24,2024-12-25,2024-12-25,2024-12-24,0.99,250,24,1.0.0,34659.54145675938,-34659.54145675938,QQQ,Monte Carlo Normal,94316.89548462344,110147.69282546036,False,0.0,514001584.0
2024-12-25,2024-12-26,2024-12-26,2024-12-25,0.99,250,24,1.0.0,-25224.37844458481,25224.37844458481,SPY,Historical,91899.29225245146,119896.6532868217,False,0.0,
2024-12-25,2024-12-26,2024-12-26,2024-12-25,0.99,250,24,1.0.0,-25224.37844458481,25224.37844458481,SPY,Parametric Normal,94198.17984404742,107919.51249103656,False,0.0,
2024-12-25,2024-12-26,2024-12-26,2024-12-25,0.99,250,24,1.0.0,-25224.37844458481,25224.37844458481,SPY,Monte Carlo Normal,95647.76755971144,108778.25885228493,False,0.0,515001587.0
2024-12-26,2024-12-27,2024-12-27,2024-12-26,0.99,250,24,1.0.0,26449.34721514149,-26449.34721514149,US5Y,Historical,91220.74175199847,119088.68765001249,False,0.0,
2024-12-26,2024-12-27,2024-12-27,2024-12-26,0.99,250,24,1.0.0,26449.34721514149,-26449.34721514149,US5Y,Parametric Normal,92809.89446324242,106329.00318668532,False,0.0,
2024-12-26,2024-12-27,2024-12-27,2024-12-26,0.99,250,24,1.0.0,26449.34721514149,-26449.34721514149,US5Y,Monte Carlo Normal,91915.85938485413,104580.17809321899,False,0.0,516001590.0
2024-12-27,2024-12-30,2024-12-30,2024-12-27,0.99,250,24,1.0.0,-30567.343339003102,30567.343339003102,EFA,Historical,91894.177664385,119871.20364942306,False,0.0,
2024-12-27,2024-12-30,2024-12-30,2024-12-27,0.99,250,24,1.0.0,-30567.343339003102,30567.343339003102,EFA,Parametric Normal,93039.5851416069,106592.15164745037,False,0.0,
2024-12-27,2024-12-30,2024-12-30,2024-12-27,0.99,250,24,1.0.0,-30567.343339003102,30567.343339003102,EFA,Monte Carlo Normal,93950.23352928375,108000.55933514275,False,0.0,517001593.0
2024-12-30,2024-12-31,2024-12-31,2024-12-30,0.99,250,24,1.0.0,-65961.39309578175,65961.39309578175,SPY,Historical,91357.15110515698,119254.96501586596,False,0.0,
2024-12-30,2024-12-31,2024-12-31,2024-12-30,0.99,250,24,1.0.0,-65961.39309578175,65961.39309578175,SPY,Parametric Normal,92558.59948963477,106041.10345138167,False,0.0,
2024-12-30,2024-12-31,2024-12-31,2024-12-30,0.99,250,24,1.0.0,-65961.39309578175,65961.39309578175,SPY,Monte Carlo Normal,90184.9852688859,102904.49923937154,False,0.0,518001596.0
