portfolio_date,SPY_RETURN,QQQ_RETURN,IWM_RETURN,EFA_RETURN,EEM_RETURN,VNQ_RETURN,AAPL_RETURN,MSFT_RETURN,NVDA_RETURN,JPM_RETURN,JNJ_RETURN,XOM_RETURN,LQD_RETURN,HYG_RETURN,TIP_RETURN,GLD_RETURN,SLV_RETURN,PPLT_RETURN,DBC_RETURN,USO_RETURN,DGS2_CHANGE,DGS5_CHANGE,DGS10_CHANGE,DGS30_CHANGE,EURUSD_RETURN
2023-01-04,0.00284974356937409,-0.005659981598751271,0.010089305775763615,-0.007341998507306092,0.008682923142793026,0.0182057773397154,-0.012701599861946364,-0.004386264871910036,-0.006675489693559083,-0.004375361736056685,0.0074805303485370785,0.004413463164926259,0.004197689309176508,0.0010088550791050653,0.004423497428776347,0.011645939105504767,0.00026538757733721293,0.002061301235437633,-0.004695686542578051,-0.003511407513445001,-0.00042049592478217754,-0.0008773306522372373,-0.0011726023466707692,-0.0009268816311264295,0.002213926839798602
2023-01-05,0.008473832570410034,0.0096906753064569,-0.0014908972892318448,0.012232375181149778,0.016081462742967418,-0.004097343928902681,0.017784873425385254,0.01413257334711486,0.025809006039089134,0.008789464528710206,0.0062523416627386676,0.012190643522345092,-0.0009587582070419004,-0.004790283635503667,-0.001990048045763271,-0.010028971355193641,-0.008046228976389201,-0.0002005717860769059,0.007714965644400644,0.023167482631137028,0.0002983762112436356,5.264309779724402e-05,0.00024720394649700836,6.391234983200097e-05,0.0013925777538279398
2023-01-06,-7.37897263715032e-05,-0.01859230033155059,0.015758563644262105,0.0020220810389532636,-0.0025223270261480555,0.010943587647252263,-0.007590501695278055,-0.0043725273716451,-0.012859522980863597,0.009353001244062478,-0.0010433473096841174,0.003715401640649381,0.0023936546330490627,0.001073046037830358,0.0023466477021648518,0.008356298209356908,0.021690436447669124,0.006542178563243571,0.005229961223142778,0.008053528967911155,8.392647021124029e-05,-0.00018173268398228055,-0.00016306492185745982,-0.0004418143476554074,-0.001011501393078334
2023-01-09,0.014076039319782178,0.01290982038679667,0.022810328062913027,0.012304170731323756,0.005379055501443974,0.005817351819163276,0.020290337987689408,0.017592656565004132,0.012919344149556719,0.01602395534718549,0.014900260773176986,0.002520431046481286,0.0029937141396259685,0.01755818383242348,0.0013218031438253775,-0.010356107190404888,-0.002724715071714907,-0.0066460118767639915,-0.00833067674627935,0.0005041221604262323,0.00022298928434569368,5.661597023811751e-05,8.623092015782683e-05,4.017445658468529e-06,0.0035538286762180913
2023-01-10,0.0045671449941915,0.004643123144397565,0.011858546148778936,0.0077116162616872805,0.010459300632431959,0.009247685889205465,0.01330115633839633,0.006092199032713673,0.014021422215995649,0.0033027875905453346,0.005018386926402763,0.0109117442893717,0.00040753213970447287,0.0002878079165995885,0.003909117114814925,0.0008640118171398382,-0.008718321700692587,0.008370934853898549,0.01135275746702096,0.033373914454935635,3.11049475089108e-05,5.5247580409211545e-06,-8.436771035617402e-05,0.00017257885619059604,0.0016064831239186782
2023-01-11,-0.0014104736092828132,0.004860954709858827,-0.015169178590491893,0.004761462072617007,-0.0042901875743484134,-0.00047814985652086555,-0.0021977649418598753,0.002903864685364677,0.0061591867707349625,-0.0023840421122187467,0.0038428611833770856,0.0041357388017693175,0.0015605941598489435,0.00026752896330566045,0.002644489832616719,0.012928163287819969,0.013054883494775299,0.015446534704420024,-0.000488803430689186,-0.005554769785940254,-0.0003335745130261384,-0.0003191032001027376,-0.0002769719350759907,-0.00011443651600816343,0.003891929540078585
2023-01-12,-0.009522815806035194,-0.009405048768411795,-0.0065992035022733415,-0.002601361217425286,-0.01323253624745856,-0.007643156774646695,-0.017957628631847095,-0.021915669909618102,-0.02018437839919755,-0.001607995040615498,-0.005626315915823312,0.006699011909867733,-0.0021760001531006103,0.0016637847585271107,-0.0037518941764989626,-0.0028203256273350045,-0.015273137561248977,0.0002957881822492816,-0.0013334145139359832,4.5985920019946634e-05,0.00037383678425396575,0.00044983755870309564,0.0005156727072266037,0.00029441831368439385,-0.001766648200772967
2023-01-13,-0.012625687124914107,-0.013256537857979128,-0.00788133926738613,-0.004642533323728266,0.004087059585343922,-0.0037456392514655422,-0.01777618038710987,-0.011161146103701407,-0.004578657954899843,0.003204160965254301,0.000957805199245057,-0.004620315037542907,-0.0007609683809793816,-0.0020207291534313707,0.0002739895636507321,0.0029071086173994487,0.0014739808296650094,-0.001579059265998579,-0.0018185046854096477,0.0011746353181747052,4.925950996249271e-05,0.0003077532721032502,2.046480155858686e-05,7.86439038692802e-05,-0.0035472903272269927
2023-01-16,0.005196600324518711,0.00568071732413279,0.00989824340117255,0.00277143268090143,0.004780754177955635,0.0033420426887090207,0.0026609399469303026,0.0013150627779355086,-0.00154532588578002,0.003218904129216684,0.005025667893511091,0.0017713737060290268,0.004799781408855908,0.008953259234904285,0.006567184691460045,-0.003928707731035876,-0.006866847193669265,-0.0047028771594933684,-0.0012382818726974043,0.012177607784667374,-0.00034879643458957105,-0.0004749542716312373,-0.0004824145764949785,-0.0007870195515350363,0.0018533826589642523
2023-01-17,0.004196431961870861,-0.0013412945400895267,-0.003802208581065557,-0.0036615876635140085,0.0027349394432722935,0.0034323399775284327,0.008527574530920925,-0.00456993824456882,-0.009316306730057358,0.0029587496372401297,-0.008428045128069658,0.008107466254152294,0.00017111471503724164,6.26564094835351e-06,-0.0025749363403340325,-0.003359641839657963,0.011627989818861695,-0.021097621144814806,-0.0037100105531105766,-0.014821284489011047,-0.0005518233323303825,-0.0007551723407800208,-0.00083103170831398,-0.0011775971414069416,-0.0011907855537195168
2023-01-18,-0.006147494928763274,0.010631976270884254,-0.005844279940021039,-0.00802757532032376,0.005269720292883008,-0.002427809389785411,0.017710470719990795,0.01144424647826199,0.0026390578736880995,-0.006341469702151163,-0.002029802273584257,0.007273706416623296,0.002664811065325513,-0.0015333498831795098,-0.0021117828859154634,-0.003847137891633754,0.0028230370466358814,-0.0038178047596145242,-0.003209265525273477,0.0007638532853220907,-0.0004070852590776148,-0.0006126834958329946,-0.000597504555770456,-0.00024732857570237054,-0.008024219870014128
2023-01-19,0.004756459214709561,-0.006051835942160166,0.0014251995922634102,-0.006238259183242211,-0.010632624666642717,0.0015411331932716414,0.0015752306432517062,-0.006315279132888286,0.015024733928009302,0.002755398803414957,0.000745926636283511,0.0037228630651661926,-0.003013627231155892,-0.0002660817625383631,0.003729552840190553,0.0005283570141976558,-0.008627329355111481,0.0025263426806434812,0.006118578063340244,0.025550958224099755,0.00011061807538684468,-0.00040775298987813036,0.000134171170476937,-0.00015552951857742922,-0.006499379017996094
2023-01-20,-0.007395751054681142,-0.004960454225437736,-0.012993203282720162,0.002243328360164237,0.006418175801924031,-0.0020791539357576335,-0.01162248822545658,-0.01115091878639434,0.0032795198522503127,-0.014536801117989039,-0.00037897918698205635,-0.005391726405670985,-0.0028332025324698702,-0.0070312096997330355,0.0021751634809778274,-0.004752204091056075,-0.01927138353390885,-0.0046683468379198866,0.004576509957031375,-0.010069681296566452,0.0004937258790465608,0.00013580127191410994,0.0005933839288058891,0.0009412766763048782,0.0001888899150045086
2023-01-23,-0.003120557394998411,-0.011541644356825207,-0.0034756808070428883,0.0015424828120979232,0.007122630560945774,-0.0016123852684066034,-0.006397182525652767,0.0006186387905318703,-0.016474607845931324,-0.0135862404535374,-0.006147549815212912,0.012341400142382044,0.0022586956778870276,-0.0009996330627132953,0.0024749313217351633,0.0137803473319576,0.010877836401615739,0.0058978490390615675,0.008253425780906022,0.011277513332028694,-0.00014543175780616446,-0.0004798273180338308,-0.00045107168093181727,-0.0007601467941151814,0.010741922025958181
2023-01-24,-0.0010519352832956443,0.001460763306042663,-0.01139391688150169,-0.000617675006138138,0.002622382392327016,0.002406211800497048,0.00673242781349912,-0.0008274081199214319,0.00042887981791890715,0.0026702956466860108,-0.0009809701114413625,-0.001256886537937073,0.00043684262368923134,-0.0043703118065864304,0.0012846901909262694,0.00027142492202358274,-0.0012797673673685525,-0.016021958425690208,0.007629030473261393,0.0007338384920320632,-5.075767959989368e-05,-0.0005734029604522437,-0.0005531759416201721,-0.0009208095954690992,0.0030853648992305418
2023-01-25,-0.007650234764069424,-0.011775954907624966,-0.014657071528656904,-0.0025289477912089674,-0.0029258871556551626,0.007671214019727968,-0.011929541703667272,-0.005969898782691457,-0.024481320413014315,-0.001739006953913415,-0.0016952879151717068,0.0005413798471209427,0.005100916766661567,0.0077047769991984705,-0.00021744953328504068,0.009507699615647005,0.006135006709715066,0.002497105493047359,-0.00434127946334503,-0.01245722876806632,0.0001727653048554457,9.461398822017745e-06,8.78888922454752e-06,-5.628666004188935e-05,0.00042318626564634594
2023-01-26,-0.003030847457552925,-0.014939676243230794,0.00042167968880105623,-0.010102283474067811,-0.008708225332461883,-0.0069335420404226245,-0.009256132216806991,-0.003844060178785463,-0.028696418275873582,-0.011000059058944103,-0.006753067417886544,-0.005077922489637971,-0.002270123155668984,-0.003805527463338856,0.0016990291793768854,0.002269133198422871,0.002028271961210343,-0.006603776634915658,0.00668163342389381,0.005064496730704815,0.0005274043323409487,0.0004107364415513765,0.000468854254272787,0.000586877355539777,4.403098160994179e-05
2023-01-27,-0.009711537935265545,0.0011519059322335145,-0.006151929951985642,-0.012845831790471555,-0.020248113666212358,0.002359303451723309,0.007641202128432021,0.007019260803111035,0.00367073886011038,0.0043838844200456565,-0.003154548824502011,0.0047847295041803985,0.003418760295760077,-0.0012562122759233187,0.006550271913986209,-0.003535485173593792,0.012776149567967184,-0.0014155126760744571,0.0022845923903799816,-0.01073778160607577,-0.0002653852316589656,-3.0675717631429243e-05,1.5833777066197666e-06,-0.0007299009522474063,-0.002060547288686642
2023-01-30,0.007950398366348567,0.015433864770273916,0.012192666788439237,0.01463011377941496,0.021391661908076672,0.005445793025292366,0.02003909679783141,0.012716525351212322,0.019039943649534413,-0.0032179272606443297,0.005016061811712955,0.014564995091628698,0.005031333615121054,0.005997674677800535,0.0012077696045354734,-0.012404522032232055,0.0033117346486268547,-0.004069140815940739,-0.006132764333765326,-0.011401396067632106,-0.00023949334906310613,-7.485596783052689e-05,0.00013699895167830798,0.0003446862269505947,0.0053458826619696784
2023-01-31,0.01272199099611528,0.016719111543329966,0.005656427494364093,0.018189548580441212,0.02089806629840097,0.020161779043381817,0.010071490841498092,0.010264530745229379,0.021318663142517697,0.001034356961539095,0.007623461429992014,0.0074497687177297045,0.003397055505290964,0.006780339288604895,0.0069609371663606244,-0.005351665531120655,0.0009750663130882143,0.012872338148653024,0.0025531640857592375,0.006321230038313601,-0.00033764227351494065,-0.0004011398748413736,-0.0007378376614135323,-0.0002409767699870798,0.0015556281066158339
2023-02-01,0.009358365939799072,0.01013205591188052,0.002555197714898641,0.009728080154316105,0.010813000590917029,0.0060080597677880255,0.017103643289485125,0.009836206666582713,0.018126859197061456,-0.005178495764501923,0.00455925336746702,-0.009661440604001887,0.008859776931586176,0.0024768984782878893,0.0019092034393064774,-0.004284614059138052,-0.009370722018727845,-0.010251315121494842,-0.008640901781715279,-0.0032507347591014465,-0.0007712051870145067,-0.0008454168457018713,-0.000956662363747602,-0.0009258561837764615,-0.0007433926895686791
2023-02-02,0.012249107650392678,-0.0013211044182046615,0.007556169031705507,0.001828797139715523,-0.004170720157564097,0.002870017831012933,-0.0052303996600686535,0.0043452780071268505,-0.0060385962661142645,0.0061845535368035345,0.010716752038555103,0.016076128905707605,0.005960668873685922,0.006228687103366425,0.00313011877576979,0.015385155865447083,0.014305413838113835,0.009922100815374363,0.006272917367131758,0.010233467659314986,-0.00017135887463643837,-9.330718904729544e-05,2.7040375887982428e-05,-0.00036140276373948125,-0.0021824987388549947
2023-02-03,-0.004859949347799161,-0.0044255011289153975,-0.0022459253640180073,-0.004249138309208787,-0.006857419786543251,0.0018928926454807233,0.000273299914235262,-0.0058867681193976095,0.0048587867088678086,0.005845182419910692,-0.0017811327862736232,0.00011527194682517351,0.0010066858795182514,-0.0037622875264687597,0.009468608381852513,0.02692572113617158,0.0184185495341187,0.014954013246501117,0.012461052621666236,0.01092981087453383,0.000347692196726809,-5.980226095100312e-05,0.0003922029838135971,0.0008688723614090051,-0.0017269097872643646
2023-02-06,-0.016395797811915972,-0.012622186258140227,-0.016898824927297714,0.0003114908169513332,-0.01145021034094941,-0.010264241259091866,-0.018865827696700966,-0.015818113046122354,-0.0022427410093054136,-0.01198822964879909,-0.008326934928294876,-0.02516202862571859,-0.0036756766367399343,-0.011544815258130642,-0.0075005157483203745,0.0020867155734572377,-0.009351873659648303,0.0016100187809097478,-0.01797853122495191,-0.021423963951683375,-0.0004630712912861791,-0.0002354913252041636,-9.92881659644464e-05,-0.0009014606377993301,-0.002461373890708265
2023-02-07,-0.007045247415081272,-0.015773945091300964,-0.019095893047015068,-0.012653699204086561,-0.02348900014255828,-0.013751875393140846,0.002750058710936757,0.0023810578194899826,-0.010067656876630915,-0.011741158736466594,-0.007152279899678359,0.010533218862515209,-0.012542317151583585,-0.013798240569491067,-0.00985882365214006,0.006231817186439314,0.010730879630973973,0.022781083330099913,0.00496366316116844,0.021688925831882554,0.0007249253812284488,0.0007645786876432823,0.0010772409672517992,0.0009584362994496734,-0.009349254641175076
2023-02-08,-0.006824216582285249,-0.006564024710742925,-0.00044183780265969787,-0.006875706690669427,-0.016456977633963404,0.007521569844972109,-5.351330429612447e-05,-0.0016458941678351526,-0.007797292404783054,0.0045807123880594654,-0.006667410570260396,-0.00644426895992831,0.0038407933981515555,0.004417581946920725,0.001658839382101758,-0.0002795352465916074,-0.0031206384155494813,-0.0009740639933104138,-0.002160925782071368,0.018673637894518473,-0.0001128557467640444,0.0001834145779556191,-8.469120971988145e-05,0.00011058794428629525,-0.006321729170811797
2023-02-09,0.0020278875346235515,-0.006870332267713776,0.0050206039650158435,0.0037234026599124058,-0.005338096223584393,-0.0008577423068888814,-0.006775184009034359,-0.0050854255710232185,0.012214886171656435,-0.004597522237689987,-0.005559136450873616,0.009880320565388234,0.0012462431238867838,0.008096698266468035,-0.0010359874859109616,0.0026660553969395733,-0.001664869600236062,0.0024404913424042906,-0.005403768464659071,0.006757493501453739,0.00017960368895894292,0.00016438194163911421,0.00014662696863465031,7.556616242724936e-05,0.0007873835172855269
2023-02-10,-0.009112576117363208,-0.0018519659861451227,0.0031708793043347125,0.011971128370718384,-0.0003485671434371503,-0.010528997611075817,-0.0012516665418290255,-0.004051679481448024,-0.01770292726616658,-0.00027224111236143125,-0.003990363087694722,0.011427922848777429,-0.005517055112215745,-0.0007702212271773752,-0.008941474902275773,-0.012839128219666842,-0.007990087597717216,-0.001988031963061291,-0.0017190268024385926,0.011389814077804488,0.0002591022030986573,0.0004916950323633201,0.0007517840674423754,0.0006055141095392293,0.0025050610668239585
2023-02-13,-0.0012878419653514482,-0.008409472368120865,0.016521391112822408,0.0059042580662791565,0.0017099557565458876,0.00510273680747,-0.01700815547638311,-0.011480249768322633,0.0007759862269456283,0.0024009360534202034,0.012313341433030658,0.002180344987669694,0.0030892473752021027,0.003843035988844134,-0.0012003189273686152,0.0020473363819216313,0.0024739364806858825,0.012122747903327902,0.0046438997335580025,-0.01097600895074477,-0.00016794900069326153,-0.00042514291682094007,-0.0006082567035499214,-0.000481145749957591,0.0012835324456267779
2023-02-14,0.004057610607522189,0.0002782318212150819,0.006398049843889859,-0.009073122302637276,-0.009279929704451906,0.003963121842695334,0.007863020650362412,0.0023095685687603133,0.0013521159277934,0.007673908185395405,-0.0024368230044094527,-0.00767499366722711,0.0035005324848517904,0.005362361383200022,0.0013786119258435109,-0.0031692294473344494,0.007841959151168412,-0.0009707000086967834,-0.006968242285103862,-0.021867656107995327,-3.542897813428421e-06,-5.5334058433976295e-05,-0.00017450123173821578,-4.2281287356474035e-05,-0.0019913364519406175
2023-02-15,0.010301435905128008,0.007254909257214229,0.02174089186446267,0.015855768741115606,0.011243682753991128,0.011001785164783819,0.0026197829248690648,-0.00330461484669536,0.005250408491209754,0.013696805634827258,0.020874123793494712,0.0206838576658359,0.0008176251003392089,0.003918156606836622,0.0004599179754945387,0.004512831858562365,0.0031981779918599847,0.008245872462519009,0.003603716831415628,-0.009240917746189315,-0.00014123494882070078,-0.00013735581333156624,-0.00015438938003575932,-0.00027100915488474826,0.00895537563949493
2023-02-16,0.017615467631457958,0.014100005662526047,0.015854647364726564,0.0071313423875011776,0.008538338614302678,0.0021945142427153876,0.006067171241024445,0.015274528413754599,0.00903272640219121,0.0053076096530605445,0.0037165416607746575,0.012555851053367779,-0.005011039356961224,0.0038563325639363244,0.0010028266605908954,-0.005610012804599342,0.00870847182665343,0.006244406361546608,0.011401678844842153,0.04081921257995178,0.0003153079321221692,0.00028736034177576124,0.000475814699700251,0.00024647606052758634,-0.0035823898530185296
2023-02-17,0.004417977795957033,0.005837074375001435,0.008900804805699311,0.004440174256730493,0.009577967480935277,-0.0029122095257027576,-0.00823822936998379,-0.0037918368747089978,-0.008394825060677699,0.006614510919149663,0.004407147395433894,-0.001995042771733218,-0.002298656973356664,0.005900706849350726,-0.006430399432493538,-0.00253845738760226,-0.0025351989548816406,0.0031789515283015732,-0.006732201725276698,-0.009779745329727843,0.0005348732472496956,0.00011617124984906812,0.0005194868604343632,0.0005928132181650232,0.0021892980257934604
2023-02-20,0.016517486565029025,0.008456988785787073,0.012221234577860066,-0.0007055100599993079,-0.0044595502760802035,0.002319701319048288,0.012796938924538438,0.006168850213753456,0.024940997845103022,0.011659518090170193,0.011614058162112528,0.00796540030677755,-0.0012203966906275576,0.00016855223031296844,0.001520228578013586,-0.010613061210119568,-0.002837025578002943,0.0039710503958455354,-0.002064059112799309,0.010532200870859524,-7.999130870391647e-05,-0.00018337192219255506,-9.066936713143186e-05,3.7928951350925345e-07,0.0018140895720244966
2023-02-21,-0.021036402866831245,-0.017626071709535365,-0.022291843341832932,-0.017404572416313692,-0.009660640464228766,-0.020788495403492674,-0.007299537213449308,-0.011506658124539682,-0.004717331513441496,-0.024996989112574138,-0.012026696642970238,-0.02931469939436036,-0.01276564454192366,-0.016465224052330835,-0.006269948894541506,0.0003500254670286418,-0.0012382895936849955,-0.0036106752207626745,-0.007997888186757464,-0.038532326725581476,0.0003552180714906989,0.0007349964445881143,0.00040064513017032085,0.0007071403352857967,0.004901120856253459
2023-02-22,0.005266868614080172,0.006670085453522181,-0.001397328402809813,0.00896637027401067,0.008362892781414331,-0.0030861521899056546,0.007773393798985645,0.00890346857514157,0.027847135085360797,0.008269372494057913,0.006278440736624244,-0.00520851781434194,-0.0033243905070326927,0.00019476819926389814,-0.001303869439909901,-0.0035511534095715655,0.009744971991272403,0.00724127967747697,-0.001863715932034913,-0.0022422069636024375,0.0003503331789893046,0.0004943282127278729,0.00022660288707651056,0.0004971279748510687,0.00014304046268438802
2023-02-23,0.00257586900878679,-0.0008429767769992918,-0.00535800983745765,-0.00786513677951176,-0.004668279972486472,-6.956989014920501e-05,0.011589395642040902,0.004150267007992558,0.0035165674974546785,0.0027451703339459576,0.002979732977685584,-0.004316689094211628,0.002851274132514825,0.0031706628799861502,0.0008146971948877711,-0.0034268053464264064,-0.011386625102404532,-0.00808132055569764,-0.0026958379228778804,-0.0017620642444682606,-0.00018617967698599924,-0.00023359545406091356,-7.79527469229849e-05,-0.00021474487655494766,0.0007583172387442699
2023-02-24,-0.0004330313535580114,0.009190019859449497,0.008019265807727941,0.003419588326845415,0.008094736243677073,0.005130302100997136,0.01265056080774581,0.010327664506316198,0.01058643001157109,0.002790897032367099,-0.007212679948016897,0.004304122862852198,0.002882002256947376,0.007308515859527059,-0.0005889667577990609,-0.01811084007567529,-0.028706122179847075,-0.00723795043260241,0.003175113690022586,0.011067381953038524,-2.833548534148966e-05,0.0001974626804589416,0.00042221349939318203,0.00016028470354798423,-0.002099703315549731
2023-02-27,0.004725331885174741,0.00145110626672871,0.0012401129250698157,0.0007979561450485242,-0.026787557078500997,0.002180704611291958,0.005754199339336701,0.0076456333140475525,0.010895594263173498,-0.0013686962162988816,2.897297828802377e-05,-0.004863132158400176,0.0034733468423332296,-0.0005985185956195584,0.0026416534920737696,-0.002635869473827856,0.01756314250540368,-0.0004522022691112013,0.000921452214565399,-0.001934756805335164,-0.000366795615694222,-0.00025940676633081424,-0.0005263581747677079,-0.0010238452643767302,-0.011921865176859642
2023-02-28,-0.020021377785246226,-0.0185261992478494,-0.02854164092267927,-0.009768974760760675,-0.019310422834103554,-0.004789053221432211,-0.005244606981267335,-0.016915501687487157,-0.014038932773330369,-0.024122886646953466,-0.007589250719123955,-0.011392457559058163,-0.005758698541730703,-0.010250484124616573,-0.0019631613146042625,0.0013908252653237441,0.005308797333805231,-0.006297448348813416,0.01034669652873995,-0.008846196153551353,0.0005317866419356865,0.0002582779986616122,0.00046168330516401315,0.00042251862560101395,-0.005818943658756279
2023-03-01,0.0019100321024343473,0.005516345639491809,0.007460430862537892,-0.00718476653152839,-0.00583677610168227,-0.005656361960925775,-0.006188120771864213,-0.006020027684379756,-0.004209680492935868,0.0015330261469187739,-0.01004294172906081,-0.010193305109479469,-0.00012849496264631622,0.0009952278394892973,-0.002923827695796251,-0.001987110484044508,0.008276508838304174,-0.011681833918015545,-0.0038516320448715195,-0.023719021382503355,0.0003774079600559228,-6.950217344087512e-05,0.00037306373343241807,0.00022313791186245706,-0.007634596476659842
2023-03-02,-0.019916293061311645,-0.022454988864141993,-0.012268209354586229,0.004982655140476557,0.005461150354552881,-0.0067539594681309476,-0.031424536029627526,-0.03034233773879025,-0.020261982075163106,-0.01566777072248712,0.002661588250498042,-0.0017485587443510425,0.0005377216005982219,-0.005560893967514276,0.004244927071461595,0.012481512579009807,0.010336424313225862,0.013901271380475502,0.004835970556935698,-0.008575870053951716,0.00011416115316181672,4.120507672083543e-05,0.00012969465886751894,-3.7522808031465236e-05,0.0039340835667093545
2023-03-03,0.004636326895320228,0.0017448138701074457,0.0008611508484269955,-0.007503844773462727,-0.008997316817925434,0.009217718684929599,-0.006477115144377392,-0.007037975061090364,0.01170707148317634,-0.0021162517245611238,0.009792114118361686,-0.012418458677845533,0.003156115942285412,0.005106179231890953,0.004733111700821986,0.012139830948132594,0.00931742143391735,0.017989059728100887,-0.004437529609041945,-0.015465166602943952,-0.00034589709413645564,-1.0396078161301623e-05,-9.643211326352784e-05,-0.0003398760636467115,-0.0026500009595506386
2023-03-06,-0.004117159996371577,-0.00783952977199202,-0.01661394302606843,-0.022450576807251394,-0.02314859181305242,-0.01705562459844772,-0.008399350014013117,-0.0009717308013234807,-0.007981190162478528,-0.005921453709527168,-0.008350766641694363,-0.009937905736718221,-0.002446524552339826,-0.008939169632551444,-0.004561975523604621,-0.013417371221177832,-0.0016195498731880042,-0.01648699010938863,-0.005338022928113315,-0.01248962764578316,0.0003524829346340583,0.0004405095314151605,0.0003072516195986347,0.0006415175720667178,-0.004181865797329749
2023-03-07,0.0024429130046162853,-0.0007065137066058298,0.0014668414705758873,0.004358881279399962,0.009244813926062176,-0.002711927078856878,0.0024683276118462423,0.000977431730014514,-0.003388919939786094,-0.004838843435600826,-0.0002465877454785379,0.002120101019428251,-0.0020257376721419624,-0.00794379641089953,0.007784054210674117,0.004026582675568542,0.0012761756987112582,0.009516070400716808,0.0037451524169758157,-0.007549616554164147,-3.015849277853707e-05,-0.00019703068838564355,-5.513252905614344e-05,1.2230439330171875e-05,0.005722207626560125
2023-03-08,-0.0011451426310220463,0.003915534942549164,0.01168200173040554,0.01240167230704173,0.013415449465574776,0.011235261452167085,0.0006933381417327571,0.009974323643551499,-0.00551379463257899,0.006650016345707855,-0.002244842627568554,0.0024037341245675063,0.0011309450662005107,0.0013839513191558459,-0.0012283777865877616,-0.01666236300714256,0.0034461102662966146,0.00667618773559811,0.015415678176386807,0.008944662362713494,-4.747230906284366e-05,6.0942935763917105e-05,0.00014234985538879184,-3.3710379889188006e-05,0.006801123080969895
2023-03-09,0.0066030718769163315,-0.001186977432023225,-0.007674119932992825,-0.016391700847678894,-0.007263168423191725,0.0008886685257166445,-0.004395834092437131,0.00015386085197334302,-0.01089736877863276,-0.0013255309516892657,-0.0030892819165628665,0.011550357276445756,0.0027569319241123706,0.0022405450052738855,0.0011545999441794435,0.01165817856148912,0.007821031678231078,0.016699942732916497,-0.0010592673353510252,0.004721688721278927,-0.0003587886391438188,-0.0004138447186807594,-0.0007966265415664394,-0.0006302448661887686,-0.004496740193884798
2023-03-10,0.0038491361919705826,-0.001997730239829998,0.0024756784794636513,0.02187072073284882,0.02354122207947209,0.00621447290569732,0.004529942969113071,-0.0059277177739631755,-0.0084817888407487,-0.0010434101725817612,0.009988920438423515,0.012310434340415982,-0.007048610353910312,-0.000882455617602963,0.004816823186954868,-0.016944612622053507,-0.025789206264194828,-0.018103431706091397,0.017893699357522094,0.0028037058157848235,0.0007907837927108528,0.0007312487340080205,0.0011079042269254804,0.0009249125502539892,0.03418413719475163
2023-03-13,0.004205012779448236,0.01977392159880949,0.00553198250323871,0.0028677166458425394,0.009437082436686586,0.009141936969151892,0.0011280275456076235,0.0056398894530811155,0.013787555652005876,-0.0018347482331228637,-0.0019100419831356752,-0.013152164265386342,0.0020140084033334134,-0.003594218072900179,-0.0028257724661523726,0.0067447034401473685,0.003283344647021031,-0.003829519947451799,-0.010761042209997601,-0.012574574584336185,-0.00017352133861337117,-6.532574001293694e-05,-0.00034726299032395195,3.289013675697108e-05,0.0036730021425170145
2023-03-14,0.009879075542442056,0.016650198419975705,0.006282652842137833,0.002572850162764237,0.0013113155562891011,0.0016295140692669172,0.009588010337188601,0.00547581433141782,-0.007667171283508519,0.005569524391728623,0.006060670451307953,-0.00670175925095015,0.005377185521020445,0.012197758517257289,-0.0028109792167470967,-0.000537388785590941,-0.0008599639926336273,0.00420647574037109,-0.009674371749357983,-0.01589825447156489,-0.0002056183384728637,-0.0003688560960538142,-0.0003725775809473582,-0.00047891074321598174,-0.003529940427885161
2023-03-15,0.009901913504250409,0.01608117820362645,-0.001181579850393957,0.009719212882412367,0.0028988335451250987,0.020317555273068902,0.025594722578702565,0.01715361478051292,0.036381354865651604,-0.0042820572628446555,0.01714608424197108,0.01558842668535785,0.010561250236221368,0.011036223143994562,0.013981987667184264,0.006431222525173965,0.021148497562941043,-0.0007037222684951067,0.01087253240663664,0.005052961669650591,-0.0004894643090898081,-0.0011305209225129676,-0.0007785428650866058,-0.0012989726785166413,0.00023075761530679212
2023-03-16,-0.017097742105381668,-0.01828869364446567,-0.010097916215029656,-0.01073555722058727,-0.001510768661580935,-0.010693266861950048,-0.020532916224432658,-0.015294360484484003,-0.012647392818551895,-0.011197929693164785,-0.006884337221996465,0.0019109230801462648,-0.0016449501088835739,-0.006175713137068647,-0.00266886777225369,-0.0014148183923724088,-0.002462541852675657,-0.014245864799493602,0.0017673119706242725,0.0022458547517429043,0.000305705101374331,0.0002862298894891876,0.0005781599780445237,0.00020119775441229253,0.0016813106476066854
2023-03-17,-0.009367520877992058,-0.014077010131359074,-0.008559137449872464,-0.0054676802535318855,-0.0034697474400814665,-0.005694951268265813,-0.012351690196002055,-0.015615074515718485,-0.0028424646887207534,-0.0006787085623310633,-0.007925883758608518,0.001342508805442848,-0.005870417304886214,-0.0025023726532182595,-0.000267853293245872,0.006316074421712921,0.0034308911779505663,0.011374052970745474,0.012885294155121328,0.007971904459849672,0.0005440313490270828,0.0007599773844841431,0.0007476643755883853,0.0012233071393261564,0.0061433243427070645
2023-03-20,-0.005164585725030079,-0.008910067956570603,-0.00912489321683219,0.0010928243926340603,-0.005724184222197988,0.00611535780397527,-0.015624417753540608,-0.0066560365292466644,0.000292884156697943,-0.016902743035621684,0.008741542542145968,-0.01656726180160837,0.006027489168555379,0.003782098626003722,0.0028229676220244164,0.009086156409220829,0.01562439114951806,0.007884569317244756,-0.00556344750931334,-0.024398509671507453,-0.0002789694684073006,-0.0004752794574901894,-0.0010103773533869393,-0.0002795255579854409,-0.0038749629482426867
2023-03-21,-0.009255857703753447,-0.017348573540414376,-0.0077917857720705835,-0.012241916655548772,-0.00650850396035582,-0.008430915969521433,-0.00757506113599107,-0.013965422468638565,-0.012217249162233068,-0.02554679487443094,-0.007173356248589171,-0.0027416290584801875,-0.0008179296655770262,-0.004375839132227281,-0.0011553987343161155,-0.003891729551550954,-0.0012360916882351875,-0.02253789288604209,0.003080655383673217,0.0019879562327288947,-0.00011544264441661929,4.821307395287183e-05,0.0001916375403244642,0.00017807284812554631,0.0011526964470309506
2023-03-22,0.007949389475859717,0.010367545128010015,0.004845521880379804,0.007655061915587119,0.008917533105730754,0.005036317668764568,0.006103399144726028,0.0006500785137868743,-0.008142024506593052,0.007300325831588473,-0.0013230308241812703,-0.003693634385508181,0.001758427692887189,-0.0029956086991163654,-0.0022954903113696088,-0.009255745016292085,-0.0077046515829839145,2.751978973081562e-05,-0.01188867708461171,-0.008386924799982728,3.1962921491909474e-05,-0.0001363877965441375,-0.00014762898399252124,-6.394015545734967e-05,3.9254789772910225e-05
2023-03-23,0.001604346203468119,0.0030981666554136637,-0.004609509977391668,0.00014661716198274962,0.0015528295644400766,-0.0017578239731207124,-0.007736868457637339,0.000524482794444221,0.004091437806352283,-0.004659036574900213,-0.0027004098757989533,-0.0062779683788749,-0.000593436965918796,0.001970685466157398,-0.005202558858988217,-0.0036534104726269247,-0.00691388817772982,-0.002660263422669487,-0.0011683987771993103,-0.0017826592203753133,0.00015211430744083398,0.00021701152471700845,0.0003607460411080343,0.00044534970218998167,-0.001197086325682278
2023-03-24,-0.013758911231714523,-0.013435083866428771,-0.0010089124875167187,-0.015662101333681813,-0.016704482720358457,0.008804929892090963,-0.008147604361459372,-0.01721739153538533,-0.003970838970378008,-0.018519023815975384,-0.002090355465287715,-0.007531786548088034,-0.005357727641242121,-0.00693897692836173,0.0031029798185429223,0.014671931505228976,0.014295333531526852,0.0048727430130314775,0.006898700496797777,0.008418600024709602,0.0002525567385619202,0.0005458683011563085,0.0004304089747664474,0.00035178876089435746,-0.0005373871419015906
2023-03-27,-0.02100350743978293,-0.030328118008561784,-0.020578604758917717,-0.015546424690832616,-0.021312637922554042,-0.014090140150095716,-0.02461506685150845,-0.019511584934536502,-0.02471180605623648,-0.011867801782643565,-0.01643593799236756,-0.002748001940771058,-0.0011495570904645703,-0.003533324149438499,-0.007717635007874782,-0.005749116231736339,-0.0005070754618716634,-0.005397144853522868,-0.0076379921179837345,-0.006754476554716662,0.0002268356537955402,0.000218807904280841,0.00022647106797153482,0.0003657346082644611,0.0025643013365510515
2023-03-28,-0.007382648260472034,-0.006036178534077096,0.0023791510112350736,-0.020744582046234725,-0.017956178474466886,-0.0077172586257381,-0.009732750699088716,-0.008999933428881465,-0.017112402556194506,-0.0032352204518595303,-0.01063781027368973,-0.01094055173738534,0.0038088278196039636,-0.005276352508199311,-0.0007765416389520041,0.001197210551112761,0.010734793436240668,0.006792518440650417,-0.00058519603017436,0.004360904229226103,-0.00037199378025443136,-0.0005293272670313713,-0.0006755216517278096,-0.00037050775097471856,-0.00964363584366621
2023-03-29,0.002545153409038547,0.0013616998560789363,0.010882114669911512,-0.002078304616007902,0.004871293496055377,0.0057079744985529144,-0.005543042303729048,-0.006985951464405175,-0.016844509954235164,0.003964801821633637,0.001841718298405647,-0.007089345094788693,0.0047635369683902565,0.0062272610548081055,0.005895166078384844,0.003706250587881266,0.002164253422518865,0.005416761417645187,-0.006564956395978634,-0.009978817930066986,-0.0002686933154284068,-5.4222287858586316e-05,-0.00027465097975444856,-2.2133870862689768e-05,-0.00039528139324995467
2023-03-30,-0.011598849282653787,-0.004935308779053924,-0.011418730541807646,0.004768878942026123,-0.0011987867828385167,0.004416154670254784,-0.007045549483195977,0.00014778436936382748,-0.01477889403409045,-0.01126451471225329,-0.014169303634337903,-0.01510938788910611,-0.0001756816339942227,-0.012363026733150193,0.0033657719897804907,0.008995566205298693,0.0003777298702616859,-0.0043524951267155994,-0.0018466479500975027,-0.017172674483042077,-0.0001403377527800875,-0.00014379318446183954,-0.0002652125785177328,7.473511241468941e-05,0.00441065216608489
2023-03-31,0.0007733665587991529,-0.007872260918660287,-0.0033953821922426386,-0.0062736488943777495,-0.007819120331480196,-0.006875731053090546,0.00021898310355098404,-0.000892771056681669,-0.008933329824155942,0.0004179225414182564,0.006297522924831031,-0.0053120997688128205,-0.002247986350616201,-0.0027720835844812384,-0.005814370461627935,0.007755042842257037,0.0011659553964937968,0.0012326145132182443,0.0019243823089932456,-0.015535780344611788,4.347754931776154e-05,0.0003337441472658088,1.8568940857582276e-05,0.00010489109019087526,-0.009215313487645403
2023-04-03,0.015411591045075456,0.020560446704289206,0.01313680405625365,-0.0008839874618385437,0.006840958828952256,0.0039683328130399945,0.03430978848748231,0.03474315744350845,0.030088682031386642,0.008002009599587296,0.006799300571512603,0.004135739219021592,0.0023994974710148703,0.004689958900484459,0.001045035195276679,-0.00768495078720931,-0.007042169752839171,-0.005048724430905592,-0.0024623357574177092,0.0026588579569434088,-0.0001651732616530868,-0.00019429404411157458,-0.000285575292197516,-0.00017147272087999598,-0.004683508429883301
2023-04-04,-0.011075911131314821,-0.007271652819846307,-0.003717933675895998,-0.0010681267572434346,-0.006466084585628929,-0.0022984477907304008,-0.008646782249476886,-0.0060505817079783385,-0.01687968467118496,-0.01028750943006165,-0.012556836443799655,-0.007101207367422707,-0.004415795026075163,-0.007011076794492925,0.00396517434204341,-0.0061701319639370445,-0.0057352697291501754,-0.00414308216112262,0.003961330680790615,-0.0016807221583352312,-0.000128774887932212,0.00016856403058088551,-7.978078789212548e-06,0.000470495522312498,-0.004188431167206991
2023-04-05,0.022206576047716187,0.01204046676793424,0.02890401337498861,0.012177277417451476,-0.0012090683973669941,0.004851285201822127,0.005311147383367508,0.0051703821240201165,0.019300459854086332,0.016787524437044617,0.007677818028405088,0.018041097081576866,-0.0023524934933757606,0.012080891581681609,-0.002954479883653073,2.432184077253048e-05,0.006009647505028788,0.011793852372928251,0.0020694402361734485,-0.0029598030077192805,5.1686528161576424e-05,8.300407067134857e-05,-9.318722393927953e-05,0.00013318386068991231,-0.0021977602562804773
2023-04-06,-0.02064016632161743,-0.010937170683662754,-0.024516780554263186,-0.020544310791154152,-0.027169786770495565,-0.00951458176148902,-0.012162600002089534,-0.01117907619732042,-0.018060579563216952,-0.014791058250752553,-0.0005451131106205308,-0.013129742219650745,-0.004135017444070262,-0.013506746267902462,-0.010504536609452723,-0.003116285688000953,-0.0042846682341098384,-0.010137490297622079,-0.015922970698538017,-0.03112062836737286,-0.00023044057983188422,-0.00011146813093979377,-0.0001229001514320833,-0.000323973379426664,-0.013524411596474327
2023-04-07,0.004351732090591221,0.010793371304521522,0.002149575352791862,0.0010964172731886342,3.392100781659125e-05,0.0004589471653615937,0.006302458662959283,0.0004042403743567567,0.007336175936018231,0.0021609613470773966,0.005063232706131251,0.0038959814094559394,-0.0006924667920209141,0.005585049399617889,0.009093521990147256,0.00042654608714986445,0.006686058630701706,0.008426500692839633,0.018660773338019004,-0.0026625897736139176,0.0003014859125510485,0.0008976136481096059,0.0005079857387579837,0.0002775075407079903,-0.0037012987807381725
2023-04-10,-0.001056306066324864,0.011220187968085016,0.01713967912984901,-0.0013689025010614805,0.0004460564296904553,0.011817806398806013,-0.0005031041740859062,0.0027458769923845265,0.010808692363992243,0.0015655373401888334,0.0013329551041040496,-0.003234866486739819,0.0017315040119155697,0.002896877907179677,0.005291469635967439,0.010689046636419156,0.01671914291214912,0.00476402959131624,0.006131784715314444,-0.003554045696169866,-0.00010227111370460779,4.8576149835112e-05,-0.0002539750141053493,0.00012346645053214528,0.0015090368565734021
2023-04-11,0.003848253127614901,-0.003087421522713957,-0.005010614587011103,-0.006056604993164504,-0.015382738408788572,-0.00647338123915179,0.008055817402996799,-0.0032668039633824827,-0.0036078562586382215,0.004250992356343511,-0.0034280646518380824,-0.008888865383109934,0.0025643352794737836,-0.0007520686086946486,-0.004134258476962638,-0.003675257855457155,-0.010205457179135718,-0.026991240320071268,-0.02180593075719118,-0.008791292352315247,-0.0006134441555370595,-0.0005523645085684407,-0.0005264489422317523,-0.0003939100938089367,-0.0051178871391397126
2023-04-12,0.004043816862016758,0.005313557556036939,0.0019037878764479464,0.0053886364075344945,0.010356539750560513,-0.004965938860726623,0.006394245798435866,0.007953210389042273,0.0017163709873075743,0.011583656351932613,0.006522080379934239,0.007014933096287594,-0.004087266143892905,-0.0010499070330077616,-0.006008512739622067,-0.0010951551134639758,0.011536251048278587,0.006923110690785075,-0.007605491428291065,-0.0016041707820739302,-5.681683113307201e-05,0.0001846602802669305,0.00047821109013334434,0.00032478659881263146,0.004148692463504764
2023-04-13,-0.011647846505150947,0.002007183380902368,-0.006372112804312807,-0.002013373760325332,-0.0019208396213387137,-0.006653375039259645,0.0035766963014517913,-0.002599460166592578,0.005009729764855525,-0.01232306717771026,-0.008154045413168587,-0.013613637512616341,0.00017911117809076308,-0.00695152731531197,-0.005234467786346768,3.9232942776453415e-05,-0.009497707864505529,0.006018439296376885,-0.016744621226348087,-0.01389392619252872,-0.00017011180360450794,-0.00015712428381054567,-0.00035563265267644944,-0.0006557949855777409,-0.006943462087401429
2023-04-14,-0.0035425932513610484,0.0029055583453107135,-0.006061164960218674,-0.015173628697743744,-0.011431003536464736,0.001677247221297113,0.012883043700084796,0.005591987819620747,0.01906808725940864,-0.004201750981624359,0.0012805348471762199,-0.015221542205900596,0.001878515692729379,0.005828033798539051,0.004429944735694572,0.007052452094688208,0.0021008183794094066,0.010991454328458659,-0.00700001635860799,-0.0115456724727778,-0.00020924083616125365,-7.437168651466635e-05,-0.00042401327385862447,-0.0005358664779283102,-0.011503844011829596
2023-04-17,0.00975924134549959,0.005354947954561164,0.00897819722479866,0.010301899989890171,-0.0004050604699955031,-0.0017592961744558365,0.002198985854954205,-0.0016020451416850967,1.1868488790185358e-05,0.00247049008121331,-0.001062156245679494,-0.010833990187854843,0.0024182978902035517,0.0036649535954954744,0.002231293260311896,0.0061702092846133046,0.009284929611035721,0.006902856119602027,0.0012318057576486217,-0.013234786896987535,0.0002094942907023896,0.00026202272130596466,0.00020276554945705287,0.00016484962802028045,-0.006205172675827694
2023-04-18,0.007137438250614473,0.015550485009049734,0.006142896009509846,-0.006868762332953207,-0.009696345151002095,0.006643089651475369,0.01172961236020589,0.006370407508352274,0.013306938913933627,0.008995859998504562,0.009228128402488609,0.011048164372665037,-0.000993272419938971,0.009297050843299312,0.00653619551851874,0.005172287279131529,0.0064923104069474985,0.00479888378997537,0.00632088727771412,0.000285944388034145,0.0002861774782911789,0.00013580043408584666,0.00035651702153769436,0.00041115941403864535,-0.004753151151172094
2023-04-19,-0.00702344081160757,0.0021581301360212735,-0.0068615603934935095,0.013217086086215572,0.006995899584235329,-0.010895265132956269,0.009100686686391544,-0.0071568491941934615,0.007310411803579653,0.004373287079717492,-0.001730059078834217,0.001115874907902673,-0.0055648020522081005,0.0011409323459070815,-0.008519803808454993,0.0017032162216626403,0.01006213038655359,0.006843984155298265,-0.0042901002625474055,0.012964920675844704,0.00043796600494658375,0.0004552772733438103,0.0007728021222515202,0.000712479366195301,0.001954485398647743
2023-04-20,0.017473144413871423,0.012755005419819276,0.011431066446703145,0.011835148132661668,0.021868507211677653,0.0025183034703770897,0.003437294441034062,0.008653171571812356,0.02938022558390944,0.012101583107171689,0.003937470061028009,0.00882521160699499,-0.0022694519392763932,-0.0025773846216219226,-0.00039784536366294077,-0.001873062729663323,-0.0070487676104218685,-0.0008703138620458068,-0.0018188375352411182,-0.02539185865351206,8.439093446829895e-05,7.043798795538763e-05,0.0002941155631105858,-0.0002452716043136802,0.008433590576665461
2023-04-21,0.01488371429415476,0.02549722603209347,0.016142417503909275,0.02149417284352954,0.019214853358108075,0.005168485107146145,0.022369826877174245,0.017865482480649314,0.03600969240852467,0.0051011629267310055,0.002523770011501416,0.009334683138865383,0.0037159601157484554,0.0018652202123174517,0.0004507753741763848,-0.0017714699750764006,-0.009969071468167043,-0.013081525506030211,-0.00697082993999554,0.0021453556971891717,-0.00014769532575800384,-7.230897229190854e-05,-0.0002688854077832013,-0.00041619896069122406,-0.003821738408860805
2023-04-24,0.0019662117874690924,0.0009348921921794953,0.00671914106009577,0.008504992575532147,0.0037912377940860615,-0.0015943412013107931,-0.0041366937241409055,0.004559050872154101,-0.00254284886987148,-0.0013001100469083792,0.003041121573619631,0.008880988333593104,0.000733118529777139,0.00532138753955958,0.0020677002114820337,-0.0038188271569453117,-0.0008002419757030196,-0.008502606170937604,-0.003283628384346855,-0.015286174309146586,-4.48155257268243e-05,-0.00010731264432810268,-4.001812378975786e-05,0.00011929371786205421,0.0003492353497324576
2023-04-25,-0.01271066030766488,-0.014597476608973325,-0.008680698853414024,-0.0003376375262223181,0.003334553152462702,0.0049641674652702045,-0.01718081140368033,-0.010376345620788027,-0.021922388742182667,-0.013958529674154861,0.0013700940089254091,0.008193559473064544,0.006348480003540326,-0.00194512591844202,0.008731122963106968,0.008328826007005286,0.01607984581835974,0.00779116073166964,0.008721905523970761,-0.009338496602216568,-0.00046774908781898147,-0.0005076404613277579,-0.0006894846744954012,-0.0003570538952655581,-0.001907757777274094
2023-04-26,-0.009828811489151436,-0.016813495765146676,-0.007200251191638824,0.0016694443268470104,0.006247354461891839,-0.009293468237046566,-0.017941070485753205,-0.01833233711647858,-0.005435628810264326,0.005577899220625513,-0.003955685818251477,-0.013140554784841812,-0.004750985163911805,0.00011108317706183421,-0.0026011759929846583,-0.016878209743630634,-0.0146054501659989,-0.0015142540746712705,-0.00385032128051361,0.008796352208143964,0.0004568583432659407,0.00030069890107663883,0.00050050409796654,0.0006101144601965163,-0.001395480628649795
2023-04-27,-0.0055907841842023085,0.0015018456105543579,-0.004396212365772347,-0.0013876102582353047,-0.009563121726994403,-0.00024825067386284035,-0.0014857948689364687,-0.007467518826531596,-0.001276917650338696,-0.01344512171819833,0.0015529377106602966,-0.015315505891002114,0.002009965285065144,0.003328076681334136,0.0010485460764109984,-0.004358652288672358,-0.006717923893756328,-0.0038658327231361257,-0.0007893053064383865,-0.01687881628097482,-0.0002223326199541622,-0.00021371444315324605,-0.000347134532453103,-0.00023656330637749756,-0.005111579695817992
2023-04-28,-0.0050408920081691415,-0.002398999827798464,-0.008431846516944844,-0.022624253641063893,-0.026904962815416787,0.0022904626490519676,0.015411785119626483,0.005621104053317638,0.01737178037996979,-0.017472740051678027,-0.0015538300797905166,0.000690958818927469,0.007384908086209776,-0.0018396616865069301,0.0033026359487786264,0.003075708205532496,-0.0034248061647226833,-0.00989360195305577,0.010086962431791968,-1.539608765846641e-05,-0.0005499891387316514,-0.0005968110307174362,-0.0007144297145344458,-0.000908674696039145,-0.01649239811190993
2023-05-01,0.003125787887703215,0.007680842179919422,0.0063291425606063646,-0.0019909720656235887,0.0004130263952031991,-0.0006717237737633442,0.011168749357220401,0.009772630370133522,0.0038104194756498483,-0.0033846429987307853,-0.0006284976315874631,0.014641718310059438,-0.0008438066599740282,-0.0035984019442245043,-0.0011539867884429625,0.01482271950761729,0.006242073196401807,0.014758284303755649,0.009767656522466802,0.017328808367972848,-0.0004111769509946598,-0.0005029781835246131,-0.00020957480923944888,-0.0006684957196097073,-0.0013355765957409652
2023-05-02,0.018485080223952344,0.01652595998131021,0.02901184519615487,0.0114589875126046,0.01565545696515207,0.022434478981594806,0.0097250720224419,-0.0006424125682949807,0.021992058982968358,0.01161066786298511,0.00962660651652651,0.02468031794588714,0.002877538537768906,0.014406663595777308,0.013202293935835907,0.014375819101401392,0.008720357469955545,0.016546577718929808,0.019000485895097112,0.00400999803367945,0.0003674306258867757,0.00018495981957763758,0.0006448655973640381,0.0007926072903181238,0.006786782842692301
2023-05-03,-0.0007745001028981449,-0.0007944608723409628,-0.003502664745695088,-0.005418068237575046,0.0077150538416147505,0.0005069328483838415,-0.007214523381582891,-0.005356826164399452,-0.03184757998948578,-0.001803506468087503,-0.005041417989755838,-0.003566801376251318,0.0003345577731055601,0.0006111928782508194,0.0009221595728798075,-0.002213062751175467,0.008436729735054544,0.00538735266339383,-0.0010746854071813743,-0.0011172382774116627,-8.203258467139203e-05,8.650188382207514e-05,3.880831770342315e-05,0.00022308115331870758,0.0029070374074086284
2023-05-04,-0.01056504621521186,-0.011166088216141304,-0.012682675081326832,-0.00967237982293067,-0.01248084592770151,-0.007338632631598491,-0.023273868533133214,-0.015008522019258069,-0.02344859434534459,-0.010828899162252523,0.0008737571871193449,-0.010846073476600177,0.004224800034910471,-0.0009771840574460482,-0.0037819538100519086,-0.004805904722022201,-0.005882393275130462,-0.0032915456505350103,-0.012032281821122011,-0.007311857168612038,-0.0004001155525652962,-0.00023394025975121877,-0.000493103638183944,-0.00028432722752018153,-5.3398474607322104e-05
2023-05-05,0.006571983774482349,-0.007599176008967308,-0.002331261571771338,-0.0005871345700543249,-0.0057699976868104816,-0.001331725779508009,7.602350939284186e-05,-0.0032136174379538626,-0.011320462608781789,-0.005395025218744114,0.00017903808512096872,0.010258988046412745,0.001310186994400873,-0.007180641368732798,0.0048516239079577275,-0.0006707569828679948,0.013860297256895323,-0.0025388203312920266,0.002401124508133807,0.009317285048673981,-0.000600323819023635,-0.0007656302453202302,-0.0006613857024075989,-0.0008057887045443378,-0.002396742743539855
2023-05-08,-0.001465390203247343,-0.002601044811849594,0.00019098938879942833,-0.008546911433256255,-0.009711591105764472,-0.002046195180972114,0.001696689150992945,0.005077709626106488,0.005323045513607401,-0.0008039193593620043,0.003380518459676319,0.005500057601750057,0.00452099344977012,0.00589199108251195,0.00563869548714574,-0.009049661106142933,-0.005029586476353573,-0.01398058555691202,-0.005992007197769648,-0.03300438513543188,-0.0004754590620137289,-3.5948279806032404e-05,-0.0004379983339280651,-0.0007119480205176169,-0.00721009598866615
2023-05-09,-0.009993572302366409,-0.004811402547722135,-0.010984881792945074,-0.009896597154156386,-0.007323693981311805,-0.001746132293179727,-0.004689719238836162,-0.00922348442380279,-0.006737193010198693,-0.0004766625517109019,-0.002336633544907183,-0.004466937959679972,-3.9915126560335305e-05,0.0020725229852820255,-0.0019126729011456432,-0.00849301381254209,-0.002299374026245424,-0.01785767182627679,0.00233505095728737,0.00122843274120844,-0.00010549879280788365,-0.00021999217708597245,-0.00045910951183612445,-0.00022536082625785437,-0.0065074783758480945
2023-05-10,0.007496250672826457,0.004231758846534866,-0.0032389172045641772,0.003013312482898418,0.023338097940362533,0.0007309803239725805,0.01226783810354336,-0.0011768386471817278,0.0027540515942503134,0.009588782193865136,-0.0024597422365393844,0.012166143700072211,0.006569858118568254,0.011468065836930575,0.001517994483497647,-0.006656948312746271,-0.001068701441728116,-0.007916413173615156,0.005647083734412669,-0.004059408766831177,-0.00016590193937453973,-0.00022770999192345162,-0.0005017198742206352,-0.0002985370749341703,-0.001979417793568818
2023-05-11,-0.015524292293471091,-0.008522649307541628,-0.0032093633058942255,-0.028472695283775665,-0.028588488944124857,-0.003800008377916939,-0.010938209634549742,-0.008112128403341502,-0.013960109929323127,0.012621086808259659,-0.018998761898365465,0.01449246822316216,-0.004358848379534817,0.00950326307974699,0.004998605495223386,0.008883086714249212,0.010723381524790375,0.014273364825093018,0.038330197783792826,0.059413079592316065,0.001074837742678242,0.0013811486123377727,0.001269400260031537,0.0018798661160910057,-0.03098261807809152
2023-05-12,-0.0037059628748898196,-0.013782522165915584,0.0020865165953043844,-0.010416873789460736,-0.0029460639659422494,-0.005402036666187327,-0.01287564729634195,-0.0013502713678437113,-0.0052178150037609314,0.00863837412864609,0.005864164057516186,-0.006470674089762624,0.006192661840396012,0.0028032193868864973,0.0017376894584724752,0.0010427757757254623,-0.0028007184138275055,0.005018174248846424,0.0010638561636372038,0.004405994161288547,-6.574805077640204e-05,-8.022524523929432e-05,-3.2964405488439773e-06,-2.6653062657740227e-05,0.0009857532138987934
2023-05-15,0.003249288248183117,0.0069101452655543644,0.00024394080024265144,0.00980410882966625,0.005174682903998111,0.0002025824240499477,0.01265299420604564,0.00014692106711110178,0.005587160348855902,0.00775136855806951,-0.010547444046926301,-0.0009992786290769409,0.0005109267774701038,-0.004874962872702535,-0.006166655126430727,0.003232903770797186,0.005191249783336232,0.0027276640019449332,0.0033356007813777613,0.011495884870342468,5.549281459718825e-05,-5.149423760364794e-05,2.8506003502250283e-05,-0.00011620084628647526,0.009246588860805625
2023-05-16,0.009246006129605062,0.012623148941793538,0.003001841272733933,-0.0037256691674255383,0.007573927713286119,0.004357057848128834,0.009069655337420341,0.0032961270609918924,0.014610904174537599,-0.004909000174008383,0.0027225847491483958,0.01171090764808987,0.0010880003666387586,0.0014082588114836358,-0.0019150239603485477,-0.022030761430733865,-0.013979137867853857,-0.024829110667503075,0.0018171264418051956,0.01937401245957761,0.00018849679261817467,0.0005050680353009165,2.5619770310337354e-05,-2.7222200288590215e-05,-0.011846543814869957
2023-05-17,-0.016574412337998577,-0.010298272012127319,-0.00942855739510553,-0.010248840374950864,-0.012881658803241356,-0.004723489211654591,-0.011186282192192061,-0.0027394323727378423,0.0314866906067544,-0.006614944342163584,-0.008266335557146452,-0.018000420985001722,0.002243316903545185,-0.0009514344057515803,-0.002127954313949892,0.016529549505623874,0.029531321437301916,0.018545362166153122,-0.0036015823972803027,-0.01586995569604193,-6.757582349132624e-05,-0.0002657498714132294,-0.0005857578166887469,-0.00018846803589578777,0.0008498090368393458
2023-05-18,0.0028387725854427098,0.008896385707325528,0.004789170150533619,0.01088468410199969,0.004313350252449705,0.0013672307369939807,0.01655061791092422,0.009427335611617606,0.01969074037074309,0.0011055351210708352,0.0019771257237304087,0.015684714270756198,-0.0006710410988885762,0.0024276119814837438,-0.0008412324593354519,-0.00948377880066668,0.003338216881555025,-0.011255320820059875,0.007051482795782259,0.023578755387653406,5.084955623670897e-05,-0.00017639602189658702,-0.0002303763279951603,-0.00015447913247172669,-0.0016879539481463675
2023-05-19,-0.005045543926723082,0.00046018059940491993,0.001931920198300524,-0.0015908248361558635,0.008337731669355914,0.00538130622590084,0.006889420848717576,0.0007067008089909422,0.007961423798006025,-0.002453472188351587,0.0036441397794130313,-0.013548226448294972,0.0008714272747660425,-0.0034644985508147366,0.00482340468703978,0.0018697976047092257,0.003547913361693965,0.0013441893205598042,-0.0010299469587097812,-0.019779111747310313,-5.056137734301135e-05,-0.00017587176782434612,-0.0004608478641366711,-0.0003747260422770214,-0.0014656330406121686
2023-05-22,0.004944861353735339,-0.015896449994626395,0.009839042092755376,0.020773871275034928,0.007814885458426207,0.0007022967606232647,-0.005836198862839275,-0.010775378558726671,-0.032936615582352544,0.010824178241875558,0.0027715538811763397,-0.005261997226001403,-0.0003472847525583261,0.007588511388854059,-0.014225250815032783,-0.001730034872692219,0.004331899899773509,-0.006107544302801337,-0.02019348366096081,-0.015745742293305862,-9.651559273766356e-05,0.0002128198812532811,1.7374101041799656e-05,-0.00034290732717316046,0.0012782933428958894
2023-05-23,0.013995254277026914,0.01601968537559529,0.013770515357644227,0.021890292571070204,0.013732075547128304,0.012322139762886056,0.016964343850519283,0.017547516723765595,0.03890258315091454,0.012391757183664996,-0.0010568175298634054,0.014230493126626002,0.00113386071597967,0.007252586615801078,0.0016446604473357327,-0.0023416025411456794,0.005215488184783275,0.009162970438786255,0.0015696101341850077,0.011991014513197285,-0.00010307697348122995,0.00017958632778707482,-6.758944801347166e-05,-0.00022020034085516515,0.006021477486008456
2023-05-24,-0.004502600508897633,0.0004212379850859387,-0.001956205422282053,0.003194836892093888,0.008866451497603081,-0.002908269729126043,-0.012891762186181387,-0.0025924256432153727,-0.018765932915872134,-0.006616837007721579,0.004332492051368397,0.008231054859663672,-0.001135169689368044,-0.0004242615649912571,0.0008227976487726228,0.005762162354609233,0.0038173643411971345,-0.002557118117627549,0.008385518001484656,-0.0024269329496049864,-3.1238931563166025e-05,7.268131282513462e-05,0.00014411353995135952,6.472576957859001e-05,0.003580453222869861
2023-05-25,-0.00884601541493341,-0.001483113990383608,-0.014741097340833034,-0.016576523309019684,-0.016880501656120664,-0.003931690288578081,0.002443966393036393,-0.005506328968288615,-0.004713204698150851,-0.011949732713112279,0.00038926083273026647,-0.009057850227086068,-0.0005398314925759396,-0.007583038535925468,-0.0013099114513835785,0.006160513803350811,-0.0008570471635756876,-0.009499894457847425,-0.0053978898289970155,-0.012429476138023584,-9.447355434435712e-05,-0.00033204272349892413,-0.0003476858742376004,-0.0003312223675558036,-0.0032928574201053166
2023-05-26,0.004595852809542826,0.007217119511551986,-0.0015046037576395659,0.008004773091126773,0.006405256298772801,0.0024570408527707773,0.005701193639368908,0.006283260807308633,0.02072848119199028,-0.00796206703008957,-2.863396585291167e-07,-0.0003700621112196099,0.00664179633904557,0.0028175640628193294,0.002120857349469696,0.0033923068837759802,0.008085565163128885,-0.0024559328710427337,-0.013830177337861387,-0.007565084207612202,-0.0007242750829216741,-0.0009003641800219748,-0.0010447593089187275,-0.0013299067035990432,0.005298032785750529
2023-05-29,0.009424268462293297,0.013386374596822128,0.011789644014426762,0.007183401011316587,0.018000967848101367,0.006535888138347894,0.01270896729239671,0.008503347492984635,0.027556253462809505,0.004752219272426831,0.006301514864615518,0.015751803094572303,0.0017604745174800566,0.005289104787895765,0.0053199811861539765,-0.004439419873754659,-0.003977278615070719,0.008864131829821539,0.006764936899494369,0.0183845897412348,-7.733416434946191e-05,-0.00035832262095653793,-8.234442064205124e-05,-0.00046527212554076206,0.006538107794406668
2023-05-30,-0.007489107205768236,-0.0007680925612810116,-0.010030350952919535,-0.003921255504217583,6.24075674152437e-05,-0.007953328038462062,-0.0036150716743528852,0.0017340360882198472,0.007430416402216186,-0.024067009189176262,0.003859814656208831,-0.008520467726612406,0.0007040766897053634,-0.006410032522001734,-0.004928738553312391,0.007651758839847856,0.0007261639513288201,0.0043248090576623755,-0.0074663026312290015,-0.01110243025423764,-0.00031888173444421077,-0.00013779194235264281,-0.0005291828138987318,5.6870788671435114e-05,0.00642729134768194
2023-05-31,-0.0018615994617997627,-0.0032635033314218215,-0.005206122831466311,0.01159472083418662,0.010899865079948032,-0.0065774840171331245,-0.0003108681890569547,-0.0034324868092977193,-0.011324000193105728,-0.015519710436794693,-0.00824269945624927,-0.016369686516845713,0.0075572734634914715,-0.0012718180694361995,0.0035650902117309803,0.002263133386790602,-0.004918736646255779,0.005929294059696947,0.0013104815897244896,0.007655642103757331,-0.0005455075612480235,-0.0005757150857242174,-0.0009344374338730434,-0.0010303295402817516,0.009300188818858312
2023-06-01,0.00825986659270129,0.008578278085540514,-0.006265024547469685,0.0028967177929568105,0.009169355945980034,-0.004102770395738672,0.010123517211296,0.007582398938470498,0.008073951262998976,-0.0068085809388542815,-0.00045050467842639884,-0.004062133188977533,0.0022509874954943125,-0.0021626128494454337,-0.0022888111477429637,0.008111500918524679,0.0013515997644611899,0.009014200621512229,-0.0048393964493498795,0.008592177819777929,-0.00026992891565910936,-3.259674999933268e-05,-0.0007042723772341794,-0.00045102629218115193,0.004240134405317544
2023-06-02,-0.006146024059015773,-0.008855275429835795,-0.0009670873054043075,-0.004736435591258473,0.002999520459375871,0.005814527875656617,-0.00020013378442416269,-0.009238491728842585,-0.019487494742110333,-0.003533357285051603,-0.004758146490966694,0.0027582907277202352,0.0028628814214300196,1.1655199768659035e-05,0.007438970224544768,0.017509707386163406,0.03290172262500974,0.018101345693190645,0.008936584382765286,-0.008382865722329061,-9.114233017045093e-05,-0.00017965082433014261,-0.00011943654862924002,-0.00025003504351838775,0.0004541641646378979
2023-06-05,0.005049720684409336,0.0005185023565477546,0.0064375749396412656,0.003399451090960218,-0.0050861336678511195,-0.006613860854068806,0.004600090404848007,-0.0007801229216952307,0.009724559162485841,0.0008323807095616254,0.005737601384933568,0.003445666558238663,-0.0007738396085993373,-0.0020788048658039373,-0.004678298801343815,-0.007242360416400792,-0.015497425301880757,-0.009211212574492993,-0.005203848793889108,0.005796032323358259,0.00012893332457683727,9.258866053490222e-05,-8.561288022728041e-05,-8.164249251085628e-05,-0.0026096547800908013
2023-06-06,-0.0031269148412877605,-0.0020623266357618986,0.006679488265999484,0.0046451931849335205,-0.0009802061021762648,0.009115486068907282,-0.004321950331837502,-0.008676606686398945,0.009139430899950096,0.006965656305354781,-0.0021381872804672373,0.010113265531753401,0.005422883722605803,0.008223051083794237,0.008298051044991255,0.0018579367060056152,0.021335652353285457,0.014453743165675045,0.01028672818598845,0.004887756675146588,-1.6547221228563554e-05,-0.0001364743908042706,-4.994468648146286e-05,4.712081501203087e-05,0.003974130454520208
2023-06-07,0.0072962951131686415,0.01501736941256473,0.011749385705994883,0.012080133049358307,0.005249712371342804,0.005428384071045645,0.016740720049577152,0.01471504818685671,0.008066342965812589,0.0018120694410801597,0.004252361414904844,0.012071535110708097,0.006379626104737741,0.007160466143706205,-0.00031466112362925065,0.0005221898397821979,-0.004087545180560923,-0.012501867492009124,-2.8475745248882274e-05,0.032134468223179107,-0.000640070760257436,-0.0005718245567573445,-0.000687151448262653,-0.0007154471411189351,0.006088629237785683
2023-06-08,0.014547895236265047,0.009399042911452927,0.01165712818363598,0.00516055955861045,0.004284171916131889,0.005811312255073977,-0.0023076332895075654,0.009876691485210542,0.029651023457264003,0.01262338834482851,0.010587351327289498,0.009750675481737869,0.0011791115800368788,0.008249755354604893,0.008885954022096736,0.0024566373809977145,0.0036844276212102066,0.001893905409512556,0.0081507321170767,0.0016579530406015909,-9.867799810098653e-05,-9.133294948351595e-05,0.00010440137983460612,6.712229625350985e-05,-0.006880253007779059
2023-06-09,0.003078836310200785,0.0018744932622003535,-0.005287836866646936,-0.003899056113261119,-0.003885566175779484,0.003227628583807188,0.008824535384426579,-0.00636065043008585,-0.016095443158342188,0.001454246131056529,0.00294867991052333,0.00766606522236781,4.517739425322553e-05,-0.0010673300715794683,0.00690695166479474,-0.0029083993476554893,0.010064320371853196,3.439692717781945e-05,0.007380856260083549,0.02400191296286109,5.4976932464593316e-05,0.00016393138430346473,0.00019434177453767375,0.00025242422836670603,-0.008582957036725746
2023-06-12,-0.006136116426538583,-0.007172912334502558,-0.010863035099079075,0.0032284205424219304,0.015113411715893251,0.0028370832238855956,-0.006063451701776705,-0.0032613117546188538,-0.018360695704928515,-0.006837388531539002,0.0004938452577490436,0.004142891461461806,0.0010665236965919339,4.807232235653873e-05,0.004255320526708983,0.0015728304784677655,0.011192446720161293,0.00090407269891263,0.0009472887746535688,-0.005404812244716232,6.961899065941058e-05,0.00015984185956030838,-0.00021616992979932585,-0.00010648739246904904,0.0036476577486267555
2023-06-13,0.008025559761075383,-0.0035667968743417384,0.007113485274104485,0.01360027534296648,0.007134939663542172,0.009112995946217095,-0.010304017418928085,-0.0062491518995865455,-0.008214264439135806,0.012638890667504975,0.006494081796090351,0.011434386651196938,0.0015495655150498198,0.009391120898676227,0.0001459405142199572,-0.006430188635161741,-0.012931889871308038,0.004188194809324938,-7.299291061192356e-05,0.01384657861826219,0.00017358228372638346,0.00021626909389335818,-0.0003292467009135076,5.467396729752686e-05,0.0042243896166899355
2023-06-14,-0.001491041586326747,0.006160560172365865,0.008308245214145532,-0.0021569809097155357,-0.009894389566235801,0.0024542665367084087,-0.006265479370724653,0.00279115144530412,0.002371651140728426,0.0030459484975324637,-0.0013561931045244636,-0.010942437992807886,-0.002089541134179405,0.0006161078451966315,-0.00031890744907359927,0.007910114896219424,0.00887870777964154,0.009018613644221124,-0.005464160817508917,-0.03139111234927458,0.00019458991436991876,0.00041604605700245733,9.727929744335066e-05,0.0006886909903308668,-0.011006525065513183
2023-06-15,-0.011557631913931988,-0.014980574096925874,-0.0012609540523656083,-0.01667882537073486,-0.018113893762652492,-0.0008663788228108147,-0.009604491330298713,-0.011427136336843013,-0.013768427310289433,-0.03347799025232823,-0.004138748814205386,-0.002803001775584003,0.0022930899345069023,-0.0027117808998951432,0.008812966217208049,0.019004894162231688,0.011147945851819985,0.018218394848933162,0.0073209518716933104,-0.012725919833606446,-6.839517734996009e-05,0.00014128179436004589,-8.116178927850339e-05,0.00016879548213056118,-0.006577353558707479
2023-06-16,-0.009998909958806836,-0.023431538640656984,-0.012988900756677203,-0.011320686308779705,-0.012091601896458476,-0.008526509040035131,-0.024839957627382194,-0.014446268604459321,-0.010898974794341671,-0.014670793081029036,-0.010966359963874994,-0.0035116305007727817,-0.0047272594766970925,-0.011698067265102863,-0.0034284263958236916,-0.0001997823699895916,-0.00233249079111372,-0.0038046354726267422,0.0007167807446996641,-0.0005456734650358273,-0.0001682137089647004,-0.00020053338794901268,-2.6195364068971147e-05,-0.00031208263044565964,-0.003702081562080634
2023-06-19,-0.00832008763934817,-0.002493234699578844,-0.018092087944330343,-0.005077570038874609,-0.006432979066851528,-0.006515625492207934,-5.4146881270216666e-05,-0.017046835324470447,-0.00441459708309189,-0.011192635675162724,-0.007828790985169845,-0.006596457692515158,-0.0029764097855338365,-0.011370694647439778,-0.0003777146601473846,0.00749265359445719,9.684203071733729e-06,-0.0011214336356872433,-0.009830826147984667,-0.00011434715884484428,-0.00012373726697094607,8.124402365307742e-05,5.648344060970135e-05,0.00014894042124516177,0.0020608133993803746
2023-06-20,0.01363028600917458,0.02603760180244437,0.013547173452273843,0.005364431972055415,0.007990190548152663,0.0001559422770450998,0.01985713840994618,0.010749892032587423,0.01799592456694832,0.016455022863986802,0.0030223735831955627,0.017833708928884997,-1.900895390155729e-05,0.013745596387539341,-0.006636169385300345,-0.006657852481259035,-0.020172135028544973,-0.013984561988861718,-0.0026414515795589043,0.017109114802132203,0.0005410203703462948,0.00039484350565807544,0.000527479395220962,0.0006763861405057204,-0.0015637468940246774
2023-06-21,-0.012902862369977805,-0.014621411318922268,-0.015464692596456536,-0.010355851250911298,-0.0030394881789260137,-0.006663156343878514,-0.01653189503387025,-0.005372260352630979,-0.02083901085964186,-0.0028501582472888008,0.000973253539298123,0.0014695339149571672,-0.002979454175382875,-0.0015025736618403404,-0.0020244902234299285,-0.005718590151353705,-0.0024938590811454534,-0.0030190074786143406,0.007863627211697142,0.014884765894349838,-0.0001607787585085267,-0.0004098078791137401,-0.0001715498097866975,-0.0003494384141179796,0.0009383965552743454
2023-06-22,0.00513399162329628,0.0038852126707907136,0.0007119981155771539,0.0068536986885434975,0.009677554568710571,0.0021107688495562325,0.007675407035346337,0.006414913712131357,0.0041404717019807,-0.009276858829946909,-0.00034097207842619364,-0.011047335735409069,0.0030455763510964756,0.003683051255155532,0.00035621318539515206,-0.013286800659485289,-0.031305178227687594,-0.028022648447062197,-0.01680779369973475,0.0004941862125881664,-0.0010232418844741465,-0.0009959111562465148,-0.0013980530473765586,-0.0015145167526772806,0.009590318662842176
2023-06-23,0.0020127361314629458,0.005795567287691668,0.01119379476346942,0.005990005481721601,0.014693348051588562,0.0020944401586455645,0.016968105032575294,0.008911599051868084,0.017528652440436696,0.00012425301041159482,-0.00394766111162235,0.003637137253409647,0.0033681936154864476,0.0060911438754885925,0.004384509617598665,-0.007502888388577365,-0.013096545035679724,-0.010566971566036034,0.008141327859911368,-0.00194368858463893,-0.0001851076008175196,-0.00024695403199492317,-0.0003199678385889016,-0.0002555263622726265,0.0036079033450817756
2023-06-26,-0.017224594538464873,-0.01294870770977849,-0.010951398106425762,0.005724307560807335,0.008045130091892226,-0.011566403126837564,-0.013406719887943343,-0.018210392746912052,-0.0006541614488023012,-0.0003538525490280834,0.000991847069398556,0.0004935114162491034,-0.0011047721433822882,-0.003666422656854388,0.0005122919009268303,0.007226307863592532,0.002702712336578172,0.008210238928013125,0.00507536498530212,0.003008946145745005,9.041701292583413e-05,0.00032794584537159527,0.0004528097806647377,3.225792664025303e-05,0.006401206786061006
2023-06-27,0.010852672607807822,0.005150771566532422,0.015418795224686126,0.009819783343850084,0.0038830063635860016,0.0066196586051404695,0.012461339595312076,0.00021272209775401868,-0.0014127974031219728,0.006786730368824676,0.004900964397431413,-0.002022690330729769,-0.0008912947599555828,0.00631680861162813,-0.0029289936194449116,-0.016189714511783894,-0.011519597787836925,-0.01911084212865572,-0.0019388549806936637,0.007663526664999032,2.694784668393871e-05,0.0003893625034688262,6.128192508226383e-05,0.0003774828945050609,-0.009153515089861447
2023-06-28,0.03134314277811316,0.04081869443935652,0.004370541690532969,0.017484138100252372,0.01736985194978797,0.013336730309251607,0.04988548357402749,0.03312177395359123,0.054026350213904416,0.004677483338281914,0.013422366850869692,0.04461204972872746,0.007666997734602778,0.005049293150598713,0.009269881786850707,0.001545030140287807,0.01408569574518845,0.021492755643394673,0.03309606377797971,0.05018888182031822,-0.000536331538041113,-0.00030821426355454664,-0.0009548047711130806,-0.001037904718347737,-0.0013921704010378994
2023-06-29,0.006915209564409927,0.0034571101107075865,0.018520838089126655,0.006812147381138704,0.002424114598581372,-0.0016688504906305591,0.019937760313482426,0.007258049297269258,0.02297679660035478,0.013696448054427523,0.0017022154821207456,0.0035312460841374575,0.0029291877779734064,0.007469707599686554,-0.005254032323539073,0.005510238370341933,0.0056260500107764445,-0.00030636091344193785,0.0009341033429276484,-0.004527770649867247,-0.00016539697539892577,-0.0002505208574831866,-0.0002282034026687534,-0.00017838424783763192,0.0004218843798223285
2023-06-30,0.01986864360264501,0.02263940351126728,0.01945430042574437,0.009782063123418464,0.007912286004607921,0.015492263420637729,0.017022942690844683,0.018215546459568206,0.03442616783115809,0.0019251077175486,0.008973012610906364,0.011003114253017926,0.005363236579006012,0.008614885488325267,0.0031614027916065913,0.0086650189962515,0.009018681252529113,0.026751621100331205,-0.003731853568763514,-0.007638879108463062,-0.00021382087378573364,-9.667152380604888e-05,-0.0003513757699127791,-0.00023291615095447042,-0.004474046026347394
2023-07-03,0.002631551765156383,-0.011900017603920265,0.0009599418780710466,0.005169851517407904,0.0041804826986640425,0.0034483079360237623,0.0005870417273721564,-0.005291991008583054,-0.00649780839570016,0.010834617375458724,0.007492301833388927,0.005918091428432899,0.0020830700280655744,0.004961956450113909,-0.0018473312999239073,-0.00042031321333694627,-0.00883203168871933,0.005875918593742419,0.00235453609744178,0.015167170668100862,-0.00016414493745442547,-0.00025389925361444415,-6.388625594170048e-06,-0.0004615103668921483,0.004685774022025607
2023-07-04,-0.0020638058091139657,0.0044096444364763844,0.0029219409095267174,-0.018603900506588007,-0.009759001679859113,0.0017240856439236498,-0.008838774766278848,-0.014102855692988206,-0.003935451258024116,0.00971244006996385,0.00825552563655441,-0.012916942541223924,0.003349068206719131,-0.002921708825229304,-0.0061515195766326854,-0.008902428655872081,-0.001745853409877699,-0.0037989018539819697,-0.011909074906792253,-0.02986857629111466,3.275600539464812e-05,3.6031833999366347e-06,-0.00034870589431823556,-0.0004855979447843666,-0.004605198569376473
2023-07-05,-0.0037767386055891834,-0.017404032187468395,-0.0018140968037262783,0.003594826900861963,0.0006876840851433726,-0.010069330186532216,-0.001735349904268664,-0.006604326556390003,-0.023594171240418377,-0.004743919901244093,0.00443006060332053,-0.021441948989936663,-0.0038196761818240876,-0.01274120848147373,-0.0042488737158188255,0.002203951820623575,0.001981688637589518,0.014903781335979877,-0.01361473654930456,-0.03015949483385313,-0.00034840012842598985,-0.00022214996668484593,-0.00010403106936903377,-0.00020341148926137975,-0.004672244081431057
2023-07-06,-0.007350258839741927,-0.0024826513357183782,-0.004571442359050665,-0.004970590875718975,-0.01382567921527858,-0.010943389284616288,-0.009895418931765265,9.986267684692447e-05,-0.028957491389261254,-0.008434458369734107,-2.4897033270950518e-05,-0.013288925101078413,0.001986864395181245,-0.0027997102253820415,-0.005099778707409431,0.009559270057150999,0.0026572594932869485,-0.0007332026299071626,-0.011436387771691123,-0.01859942994199758,1.4565768615304074e-05,0.00037380705765002764,0.0007097681751024613,0.00039105620983187646,0.00268004808917791
2023-07-07,-0.01611659088301286,-0.016151636583660544,0.0011432756266597502,-0.014489032622494612,-0.014016341150142714,-0.0005293915629237616,-0.00018911022136361248,-0.00951327693598497,-0.015898420142358975,-0.002748997210457647,-0.006010775817348558,-0.0066289038201300205,0.0011187665462063239,0.0011452031351553524,0.004082088158793448,-0.007157839124615058,-0.005842156369108764,-0.019972086164592635,-0.0010473011910620944,-0.00939247645327574,0.00014298604613769238,0.00022306947271075444,0.00015460018917373816,0.0006568471709233784,0.004038867196355786
2023-07-10,-0.010598584557859017,-0.01686290701188863,2.380941968274479e-05,-0.014661092888249988,-0.0002163791143733381,-0.010838004114075294,-0.02372392095704025,-0.016361792901253273,-0.013727748718285896,-0.014817230133368189,-0.010761149943331765,0.005654984728342644,0.0003368533351327727,0.0025022496936837973,0.005970025590710734,0.007298722552980869,-0.0005493926957561195,-0.002968875508798728,0.011659215259198042,0.01990653903529435,0.00023633143878208415,0.0002962124194849937,0.0001976693501370175,0.0007260832462369791,-0.0038185957336934156
2023-07-11,-0.004317808855821696,0.0005286222574515764,0.004450282061778657,-0.0007139835386307343,-0.002770721088772661,0.006623272315816555,-0.006278953279113314,0.0020589849268014527,0.007664871288775755,0.006608880981190163,-0.012232200236969304,-0.00404185843653041,0.008425556691265731,0.0011729264163537834,0.004657876149624319,0.0013677642698883092,-0.009135735026344002,-0.007372400494011382,-0.00060864928241994,0.004468566623775358,-0.00036494025400407,-0.00045895478377171303,-0.0005175108250737591,-0.00047861499937270296,-0.0027942886179167133
2023-07-12,0.0036192939974405993,-0.001580705774412204,-0.008141481439818916,-0.0037068334671719948,-0.005575836203427201,-0.015306382934249792,-0.00850007134751305,-0.005258584499214891,0.0040975771307907635,0.006143258782011245,-0.009616732877464264,-0.007592471199007538,-0.007567559991447033,-0.0033246655075711428,-0.0036086504667982855,-0.0074245383617242075,-0.008249313424826491,0.0017537427071737006,-0.0023991813701452975,-0.013342541785195323,0.0005611221984627242,0.0005314639943413426,0.0008427552322648497,0.0009862561439244904,-0.004948399340406816
2023-07-13,-0.0023349190877625823,0.002311528806246032,-0.008909221353141053,0.006272710445793337,0.005315307081566988,-0.006046917508953546,0.009101202025432062,-0.0014679173360179956,-0.0067987772174157085,-0.024878872694725697,-0.002102617600379595,-0.005469519358696696,0.0019623200511615217,-0.0064259408808590626,-0.004463401361919074,0.011031715924877663,0.0030038132181804096,0.010732975363159298,-0.0017696647176989307,0.008417511897306235,-0.00012885078931997403,-8.762320190567937e-05,-0.00024510063820208167,-0.0004651778789579511,0.0037060353372773643
2023-07-14,-0.008683984584703552,-0.010704705058485163,-0.010236432719787976,-0.015096784386368793,-0.01554897929735216,-0.010697859663502292,-0.016313513890012697,-0.0028779982299064187,0.005831494907838269,-0.021228365565109646,-0.006292278251742677,0.0008315208202478927,0.0002971474552477103,-0.005011478026186152,-0.0010310632941514498,0.004741899073049413,0.004137018956352951,-0.00045948279006460975,0.0005672045038031514,-0.00858471104987466,0.00012607135522481056,0.0001652273918996949,0.00013648723366846576,0.0001378552086947797,0.006497012279232939
2023-07-17,0.004045157323924876,-0.0017712379648756552,0.00541072845725187,0.010050608591456768,0.013918882015959505,0.012007998986711278,0.0007882077805154153,-0.005245869281726054,-0.02640853366903879,0.005467902660003861,0.013962522000355275,0.017713543527669923,0.005683806411514777,0.007405670921703199,0.009864735871460667,-0.007988903703728777,0.009866597781953788,-0.0004728212960720649,0.006663516122190556,0.019066638334331282,-0.0005082192526678776,-0.00041817816263323897,-0.000944503317532135,-0.0008309285478652258,0.0012644749581406662
2023-07-18,0.003885476469288759,0.002576283125729457,-0.0068019814433516795,-0.0008079565494562993,-0.005154934500992487,0.0031673816434094255,0.01109371366280093,0.0020278576555187353,-0.008945764681851228,-0.013480572389787338,-0.004369370340137671,-0.011419646991571542,0.008715410933820562,0.0033941225665878073,0.009437100386782759,0.009075902154199407,-0.008007343404913332,0.0014959570826527135,0.0007291914873495684,0.002837161249490326,-0.00031382591027658674,-0.0006997729540540538,-0.0007660194273620358,-0.0009874957746508464,-0.003821760470139548
2023-07-19,-0.002240694088644954,0.00556002225044612,0.009358036447105537,0.0035408553875945774,0.011687975217440095,0.01365794540785217,-0.0020100972243624936,0.01686179117599103,-0.007605734082556292,0.01697501688751398,0.006329361611378823,0.004315001034746739,0.003867087429302436,0.008086502933181545,0.004078125260326735,0.0009594789841585205,0.006577456950223842,0.002875646061454698,-0.0019419247623374066,-0.005071811041051342,-0.0003410891632239382,-0.00031022076729428274,-0.00019901010599948304,-0.0002711630101398878,0.007968431079100703
2023-07-20,-0.008984699792059094,0.010809108548721646,-0.011458108950169377,0.0063816124956123646,0.009724057326995971,-0.0024729117562605823,0.011913269745466843,0.005816764176604308,0.02412579304073504,-0.017533839873374247,0.00014719914471044045,0.005586062503402134,-0.006785208532798771,-0.007446559666910922,0.00366157987619285,0.012884369223067484,0.030280587416149113,0.018413093658960294,0.014516269719041672,0.020558962512726677,0.0006991222624247302,0.0005881043247188174,0.0006083881476475467,0.0009282061735864266,0.002229478678940502
2023-07-21,-0.006883047089075077,-0.005632078597533502,0.002482927150659324,0.007375386738176388,0.017974063396734845,-0.0056498221124288515,0.011140592008477838,-0.010454196977709192,-0.024250454676931092,-0.002843088475107286,-0.005831269116842333,0.003478399844974835,-0.002566023807604804,-0.004497053708878045,0.000297315611310782,0.009280497139508397,0.007545954520551247,0.01678138686002567,0.008464240968595165,0.0012915613458463308,-5.743117866267592e-05,0.0001405730581189964,-3.936661683123164e-05,-7.534125241252958e-05,0.006626383176509577
2023-07-24,-0.011737179208490503,-0.0028991181324151223,-0.008040717304142546,-0.008459475016739005,-0.017010753081957042,-0.0013766799455312687,-0.008070830404810771,-0.010755711112752846,-0.009624933774134536,-0.012777943920349984,-0.007237417882571502,-0.014864361042527058,-0.0007597678930494055,-0.002624540388685554,-0.0004857337550258204,-0.022230834927463507,-0.021868533406219918,-0.025716707890015213,-0.01571488891783581,-0.0135093891232654,3.776096368124643e-05,-3.615917150209748e-05,7.433110424940185e-05,4.586785701732476e-05,0.0023525446184319986
2023-07-25,-0.005991163997675082,-0.00783870159340846,-0.01001651229512411,-0.0007683287551857902,0.000396695885064525,0.0013869470387514113,0.0021676369993879597,-0.0014423464675428338,-0.006921693945474251,-0.010315056028586875,0.0001468871299620273,-0.014374780086708894,0.0020375467472544618,-0.005960207107617982,0.005389750086903457,0.010208085395894729,0.028675056232016508,0.024242910863536173,0.014427312189431642,0.0036073160632673204,-6.648117875514184e-05,0.0002017681801546275,0.00010240333984769919,7.321147147753841e-05,-0.0009405411903217376
2023-07-26,-0.003745344677518844,0.002883569761532144,-0.012032827524771845,-0.0025448420103415057,-0.006130506701777444,-0.0018071227804280312,0.002129691425981687,-0.0054297080505028615,0.003109916910237421,-0.0021560500507587605,-0.005154052909093449,0.009244461265141718,-0.005020854815517067,-0.004373613156330393,0.0044508831722483745,0.0009272834519793512,-0.0012406599661291778,0.014611434530673493,0.019850054486367626,0.02142928312087975,0.0006536753025358059,0.0005964312464089257,0.0007860877608277301,0.0009292040018779503,-0.002975843975981702
2023-07-27,0.006587389885108536,5.396088041589907e-05,-9.769819851327376e-05,0.0010482948851328953,0.01786590605546227,-0.0044379814964878046,-0.010875586166666697,-0.006049693352486861,0.007358613028046965,0.01588593000904628,0.0022069382821629006,0.0035840041613424004,-0.0012647904658915582,0.0010267000369642645,-0.006162908292753918,-0.012931135624305964,-0.010008417665535115,-0.010755015078784026,-0.014577246817037889,-0.018883766310836117,0.000401712173262037,0.00023846228375442235,0.00039541736294712473,0.00038959693069317615,-0.005453790765195228
2023-07-28,0.0024239760534828926,0.010563509687366829,0.004424709937004861,-0.0053703621104595825,-0.010468939703493926,0.006692917286377189,0.00777251561859055,0.005804779817555181,0.03904761416455182,-0.009607551975402072,0.0037746477460816373,-0.00179976601542987,0.0010103138233126113,0.007474393546957715,0.006051490308972516,-0.008461863449739288,-0.007356122819099676,-0.012543640507772997,0.008339477226648379,-0.004850102262397135,0.0001889043378848305,-8.053568241538971e-05,-0.0001804322980957423,0.00010977841889797595,-5.043917799024342e-05
2023-07-31,0.00958592434419327,-1.8312134940796747e-05,-0.0013902084671354592,0.006132038841381982,0.0025247241242537088,-0.004861661648637572,0.018662363562575085,0.0010078557196425055,0.006726052719776164,0.0015573442158728049,0.004688012417492825,0.008525973347835693,-0.004721934634145168,-0.0026550345510541807,0.000999238861090817,-0.006009474278123004,-0.018039128228879413,0.005414363603294345,0.002744116870472871,0.007141245325737247,0.00016701918877048665,0.00016243144397991185,0.0002558447605996748,0.0002665158268159683,0.0002764069809199211
2023-08-01,-0.00986285021710725,-0.0025680388435579877,-0.013636628802943739,-0.015622546259023885,-0.017152515341407586,0.0008149605759719303,-0.002995441494492242,-0.004679369349386976,-0.01924011483935057,-0.015139315895122362,-0.007790288736450141,0.00750437944183046,-0.0008322990082556479,-0.008947473866715008,-0.00027641280888773237,-0.010788748808607938,-0.016805055901469884,-0.0068899871150055105,0.0002000842316622637,0.02487218919684712,0.00011035111893860281,0.00014490401209260622,3.3583850554176576e-05,-0.00019087947085711304,-0.005963958086854902
2023-08-02,-0.005495991628784275,-0.00067926761678575,0.0042939182065641675,-0.0002996090313819484,-0.001735321845177485,0.002250089126008453,-0.016520621664214225,0.0018026274657625078,-0.012489717819560141,-0.009704245746008752,-0.006078509940542558,-0.008137918031923269,0.0016677387836130245,-0.002605432501423131,-0.006922692245933925,0.002946423682079676,-0.007455175310818655,-0.004052767408612908,-0.006787773496066666,0.013503642836725192,8.380176512914707e-05,-0.00013650409775724186,-0.0003269870008009842,-0.0004541811175139746,0.0007727642571312928
2023-08-03,0.0022811607220553634,0.00303199770774707,0.00843359125704312,-0.01649101029412261,-0.021774812023429933,0.004531233390261954,-0.0021324606286312513,0.007958971009305328,0.007059411563061029,-0.011491670008897092,7.580223401926277e-05,-0.013168647343488063,0.006769008195176905,0.0028688697097473915,0.00470406069772366,0.011792004230764801,0.0034489101324205644,-0.005888664424686203,-0.008152358352178998,-0.016717436828283798,-0.00034904271996066046,-0.0006784459754960646,-0.0006242030215084788,-0.0009530246079642847,-0.01202044279503899
2023-08-04,-0.013642356989511486,-0.021087968510551586,-0.008941371818091307,-0.010515652851893383,0.0038552090354142844,-0.0028497215257972802,-0.02926988093387566,-0.038548356975728934,-0.030999751722597033,-0.006359314821081128,-0.0026284295525699367,-0.014330970533906877,0.0016249020396217175,-0.0007591758381628145,0.005233752560028579,0.004703621600584727,-0.0014955595633980917,0.002527541965463931,-0.004693773169925645,-0.028015052761604247,8.815479700375028e-06,-0.00021970477711589467,2.1071524370207034e-05,-0.00031763558474482215,0.0001175901562868475
2023-08-07,-0.002817834192011301,0.0035721217236519484,0.013985119371441628,-0.0002194599090208919,0.0035106087558794802,0.009653020480923645,0.007318524201208177,0.0009413582833544269,-0.00014501726804991549,0.006580952375030027,-0.0012629590714910406,-0.0021482176879363255,-0.0061637870642381985,-0.0003015905969778864,-0.004685741720154268,-0.014427890080353473,-0.01568093616294643,-0.007860031228527051,0.00282237137483765,0.018070269940446818,0.0006092114026852707,0.000725196841245917,0.001006036325967331,0.0008954515837016545,0.004722925478039235
2023-08-08,-0.0032935627208989203,-0.008389922434359034,-0.002198349736508415,-0.0031499174009636307,0.002249730919068366,-0.009193445876263794,-0.004577211859994142,0.0012613978184937557,-0.015553496191497984,-0.007714326065096526,0.0005255549361012756,-0.0049011320790306265,-0.004070923774354853,-0.009244890350531686,-0.010048713841833621,-0.009663470058970197,-0.00439639550316027,-0.005861609303001326,-0.005092506376814831,0.015555785851764137,0.00023508576694340476,0.0005461509820032358,0.00023003086123238051,0.00023522002602696987,0.0025505889828230876
2023-08-09,-0.044783650360924195,-0.04063237050204206,-0.044883259539512284,-0.02872643460483089,-0.0403147152493659,-0.020674896796472792,-0.0381660227095772,-0.04265699526680068,-0.05880813020574939,-0.04000931402095691,-0.015457173566296344,-0.022944995276519047,0.003817676380449825,-0.017904435715399937,-0.004659452303527109,0.016729711490080533,0.002204190800542575,0.004840039220693771,-0.003946698135450113,0.015136302123319005,-0.001118594188566717,-0.0011921736933826672,-0.001475582296962337,-0.0016616809436253413,-0.003407896606106696
2023-08-10,-0.007173730349573523,-0.006789448271986898,-0.030481727500434957,-0.030811560996937982,-0.04162343610493957,-0.00542864134461956,0.003934927306478668,0.005662254203382296,0.0032315087023668614,-0.01764361037417169,-0.009305075080036711,-0.00601341091558847,0.002235699172866059,-0.011060119246344664,-0.0073629508127479055,0.0006677715724868463,-0.005623649057094111,-0.002467752352012924,-0.023186639577882837,0.00903058190167011,-0.0008200899526419432,-0.0008602323844524042,-0.0012208956241716213,-0.0012449373676511077,-0.024702067524711227
2023-08-11,0.00017525644927805442,0.0017238868169581999,0.0012325231689379707,-0.002364489378134726,-0.00204021587296769,-0.0020988373798431883,0.0026433805184383355,-0.0004663536018006807,-0.004583669934563923,-0.007294583798576896,0.0031044508565118787,-0.005855939428388978,0.000461981529642142,-0.006136016152863687,0.00441295291230227,0.0029951894907367833,0.014342646514778084,0.0161460371938194,-0.0022666643727243104,-0.01769243188688419,-0.0003241748314533747,-0.00015861886391476938,-0.0009927978581647985,-0.0007880691089617545,0.004083407544478759
2023-08-14,0.006839587384153529,0.012514545325388142,0.008429900048248532,0.001801023403855035,-0.004014479142598851,-0.003387877623783662,0.004109709162425644,0.008605457517854569,0.0003246239615041571,0.012122334687216199,0.008680887608047912,0.0023514317962730945,-0.003832488389315927,-0.006562627637304176,-0.007570965055060537,0.01409097760382683,0.013855913012975547,-0.0005939301923427384,-0.012507293668637169,-0.0076054182026531305,-0.0003908343031369826,-6.36854589875263e-05,-0.00034440598112615975,-0.00040433802179624354,-0.0017550090920313763
2023-08-15,-0.009567892686182869,-0.022278706392006825,-0.020261928193585802,-0.012655606938215064,-0.02709224061532784,-0.008516068701818974,-0.011937638602780982,-0.01486135048177798,-0.015032254098343837,-0.004759947071958231,0.005893047887647834,-0.002295062610539112,-0.0010295051641166383,-0.0052631270497010595,0.0008535068086141588,0.0012890443187340774,0.01076294703840789,-0.003682979832173725,0.01098931768423373,0.020297710640653586,0.00016770644203245442,0.00029271929987751067,0.00028618003561120856,0.00034657666277757785,-0.007172767035968629
2023-08-16,0.0003140804655350194,0.005622760932662853,0.0013379062562814846,-0.003229967238046323,-0.01381048722846136,0.0027087793680951114,0.011022387739671038,0.010517969630995678,-0.006640451283640731,0.0026150738851256263,-0.00028828071601104226,0.000951850443845714,0.005778572996380517,0.004798725598927871,-0.0005986895127719992,0.004991095285802132,-0.0005633157977292776,-0.009258543978970258,0.0003719911733785806,0.010300769538364903,-0.00023016499414961722,0.00025871352629466425,-0.00023420506235734728,-6.936155389766302e-05,-0.0074663893724522725
2023-08-17,0.0034811149625577375,0.0007575018438668823,-0.0019202665731217977,0.013519130302015675,0.0029594393383916397,0.008725654355741304,0.006530352669601804,0.009838622732243944,0.01152103000486624,-0.0049359671790338835,0.0025092152556734147,-0.0007918210870570368,0.005457713253699017,0.001430168663125249,0.010800134999674084,-0.008961668333926975,-0.007655665621789235,-0.007123709847224161,0.019549186568211117,0.017728643026504516,8.779592444255038e-05,-0.00018840521719921323,0.0002786769091945635,-0.0001479067672463445,0.0015909191741364818
2023-08-18,0.012902115920645357,0.00744661961006854,0.014436505433375645,-0.0008825359546953179,0.011297254268237605,0.003986621089053062,0.009795292670266263,-0.001979214265174168,0.0020128801723161447,-0.007215434021932112,0.0036511946091870333,-0.011315820152066386,0.003452616762913048,0.00900106114654505,-0.008338800631555728,0.010502245940443428,0.010435008187727357,0.01138654883381972,-0.010454633668429313,0.006429512098169037,-0.0003667228468934308,-0.00046194188126289653,-0.000208757359734532,-0.00025429836974894015,0.007809948909297547
2023-08-21,-0.013241553596821153,-0.006425044054686879,-0.008139819060864292,-0.007056262498907406,-0.009023518261120547,-0.005485072061817345,-0.010624564251423541,-0.011016758314895896,-0.010905011737736614,-0.016868830322699813,-0.013154422810770883,-0.010425919017140448,-0.0006062197916969791,-0.00019745955347329354,-0.007442609737628178,0.007381113535415183,-0.004100494662409175,0.0005462481848038383,-0.013591877358521074,-0.003057639933181322,-0.00026678528477818325,2.23861046625333e-05,-0.0002694132411342372,-0.00010386404444224514,0.0004336394979156113
2023-08-22,-0.011720609118531487,-0.014066915835844053,-0.026282278898424497,-0.01375887332781037,-0.01819755637781183,-0.005430202316753096,-0.002920147317147496,-0.004286029379463792,0.00033230704231813034,-0.017108758401911114,-0.0068638854886588505,-0.017510901159410203,0.0027265859892722996,-0.009174343947306292,-0.00010014231951174747,0.009813396063669731,0.007116379541417055,0.02335465683596779,-0.007328618205972399,-0.00886879050478199,-0.0005849488121933809,-0.0005482757264022364,-0.0006392971453418092,-0.0005026904468843634,-0.004699417257820954
2023-08-23,-0.0030421017534663273,0.0018570640059519254,-0.008931666091397188,-0.007608048840005229,-0.007908555965591185,-0.0018621905646532817,0.008199426058438099,0.0028594177456035272,0.006319755973938702,-0.017445418912429997,-0.0008744956463934066,-0.0038302479234224186,-0.0016859486357406824,-0.004097008896863208,0.0002514035375909873,-0.014373222852999813,-0.014357649398120063,-0.009598616696872219,0.0013904030366472691,0.003423943602392507,7.430949805330393e-05,7.608635774410019e-05,-8.339343641085577e-05,-0.00037742650269407136,4.554286101895338e-05
2023-08-24,0.014798775994986519,0.011624540795226587,0.017674810436606687,0.013692731729870213,0.024844687107325916,0.011931869540100741,0.012785001169526685,0.009960758924866695,-0.012511574328351566,0.026355359867502766,0.013712937388684572,0.008245086493280346,-0.003954770227081124,0.0059412059882169126,0.0014252861123867885,-0.005514519696254674,0.006164411497829762,-0.004675167467200217,0.003092378776094792,-0.008990040725653224,0.00020996135625731723,0.0005937150857887748,0.0007840908201720994,0.0005501831404078242,0.0006560382196592661
2023-08-25,-0.0039472457702996525,-0.008514636149321447,-0.00932518879397108,-0.0014133417971207967,0.009651542613950773,-0.0033673362387487277,-0.015393022947451096,-0.009719146470005179,-0.013704470790475203,-0.006989446832147264,0.0020048877115273803,0.0023514733495436967,0.0005482040448058821,-0.006257828133636184,0.002989003212190522,0.009486029281689127,0.0009367428273175209,-0.0037855593432354288,0.003639031549114549,0.00428400596759351,8.916301135163186e-05,2.841836439247166e-05,-0.00022316651544433038,1.3614725274659346e-06,0.0032504059826187013
2023-08-28,-0.01737206781436501,-0.017539570671547534,-0.015402728479408146,-0.003878891745048351,0.0013912818909484078,-0.004538892739080725,-0.01425313852582489,-0.020780178141748984,-0.03827164106974935,-0.009653529624999874,-0.0077994956178548645,0.001166177499128061,0.0045452700701657045,0.0016028984027262492,-0.003349961445043026,0.0060639148028496705,0.006704256240103024,0.003910087426568084,-0.0049826135476562375,0.0054945523329051746,-0.00020264350623430634,-0.0002122312573120191,-0.0005302300917430262,-0.0001825798019435066,0.004260292974191154
2023-08-29,-0.006093445295081724,-0.012082542110848771,-0.010735516737601343,-0.0059413012140541255,-0.003143955199273722,-0.0028485193551811105,-0.022071767523924646,-0.00941297892975946,-0.027219486475414622,-0.014296481439434228,-0.0046164948705092,-0.010299926548367066,0.004044672761696423,-0.005669676207044427,9.745733061485636e-05,0.021526641530175486,0.016778988862358072,0.011643819487534027,-0.0053870039632139995,-0.016212106080788366,-0.00028152921404089095,-0.0008942755525742301,-0.0002591927542634843,-0.0005067684250941065,0.0067734888792586176
2023-08-30,-0.012802441725514667,-0.018723949754713722,-0.007184539236241014,-0.01905423102106458,-0.018015583999987875,-0.001646607356603728,-0.01174495780469809,-0.011830079009836923,-0.008896217678462482,-0.005377735690514972,-0.006801253918138503,0.004837531848948454,0.003718997453002619,0.005411958454074236,-0.0025873642764982665,-0.006822260378156003,-0.0008931531299099924,-0.007369502699015982,-0.0016733012557461908,0.0008946004179279021,2.806442997073529e-05,-0.0001043834174994747,-0.00013750977871052706,0.00034892035770842724,-0.007578609422523983
2023-08-31,-0.007182451122254475,-0.013288356047950447,0.0025058855778522177,-0.00309484845528936,-0.005793617267086164,0.0021367259070215767,-0.010114137222580765,-0.014619613913068114,-0.045068190317639506,-0.006694878726460223,0.00263914327557631,-0.004470890567425088,0.0052262446942927514,-0.0005392304646525555,-0.00017919082071333008,0.0006195961774393484,-0.007141830370971322,-0.004117296197727803,0.001447830509305951,-0.00892175273527173,-0.0003698384919970583,-0.0002720179509697211,-0.00045057078760692273,-0.00023942472152630405,-0.009372837077410916
2023-09-01,-1.8540428280592464e-05,0.0021657000336459684,0.0076666840969863035,0.014203701901504176,0.019063106782079803,0.0038166710680244903,-0.007200609673685004,-0.004970019580688648,-0.004490225883757298,0.014870429501396328,0.0009403973359399008,0.003305462460800163,-0.002919472956848014,0.0032713229284779786,-0.00469157601356201,-0.008492018302423791,0.0018322006973155221,-0.005832396807984344,-0.0029840421919828477,-0.013137167112268724,0.0001439573675990003,0.0003547667149541609,0.00039106965955211715,0.0005062774462984188,0.005951416966796711
2023-09-04,0.0033052963365996727,-0.004992028614923144,-0.011526418103571565,-0.02503256664311121,-0.0335127307717435,-0.011547269605171549,-0.0010282292282143097,0.004640371360513778,0.013543819319272498,0.0032095609523905212,0.008420268468647128,-0.022485298671223876,0.0061244693448148325,0.011045630086336855,-0.012347084511244263,-0.008244701910865179,-0.0055125521594096534,-0.01765600181079012,-0.03395772585219909,-0.04833012872478158,-0.000771258665751068,-0.000739767520782878,-0.0009846236524369784,-0.0012893938715135243,-0.0076124663136239385
2023-09-05,-0.00470479046430519,0.006575126973020018,-0.000681311049643546,-0.010873332988094756,-0.02244905079952508,-0.0040976397112478455,0.001160768155209265,0.009102998816029655,0.0036339151718050586,-0.009363435376325521,-0.002692111019646469,0.007681995787022143,-0.0030777208183554268,-0.005001297177573898,-0.003626215269083611,-0.005009101837060921,-0.005406959095309815,-0.016373789862802017,0.0002706297490523016,0.006169545329578539,0.00022949894947694188,0.0002410180405874982,-1.626232687929524e-05,0.0002246352162018058,0.00526955050492032
2023-09-06,-0.007216029884245189,-0.012728488735117553,-0.017390917854127982,-0.0014727601303061878,-0.006932634798172314,-0.010561365625654389,-0.015539912892640787,-0.015683925132330773,-0.014472415364023985,-0.002333494787157709,-0.005211117265890876,0.0006645509249233869,-0.002574138300534714,0.0010837712870781285,0.0024635211615835224,0.028221769268392,0.016039247025073075,0.009665631509475643,0.0017638671309169554,-0.011119946929302382,0.0002708680280546112,0.0006121928190208004,0.0003334456474297041,0.0007961198084163808,-0.004594576506127918
2023-09-07,-0.01308560110354168,-0.010882111782631283,-0.0034075431217081807,-0.011594145043356813,-0.010393133166591599,-0.01085293780927215,-0.017981119045783332,-0.01566238827480365,-0.008208675963231852,-0.014172558028105525,0.00617531566833526,-0.01145885983289866,0.000142910524152587,-0.006048862225937087,-0.004636029551951456,0.012259797924104613,-0.0029488515713603355,-0.007085501129317648,-0.01384685332586552,-0.010817190581794943,-0.00022676472529199583,-0.0002311690470461367,-0.00042490738161395444,-0.0006204419958034741,0.012466872686821718
2023-09-08,-0.008654479712839766,-0.010903256962038282,-0.009005156335594754,0.0033503650625854855,0.007873919151033614,-0.008029738192016618,-0.0017626094696216053,0.0015894454768651104,0.004646202217810634,-0.0019213208142078015,-0.003757620738517555,-0.010448859300855422,-0.0046036310228297975,-0.004162021664854668,-0.0027669247716464902,0.001455253103406589,0.0019408567877070204,-0.006470072474545746,-0.006495926173566587,-0.00986951007725803,0.00032779152301132936,0.00032615876333576195,0.000526408566670834,0.0006481364382973744,0.009136190213111316
2023-09-11,0.0039515778401482855,0.009076373503109384,-0.009615359104588482,-0.0012771285923167568,0.0012095802310163844,-0.004451811409828824,0.010906407948723103,0.0009663967098613793,0.0022316052325652633,0.004544408981551436,0.004439498449705756,0.006065424110516605,0.001154903885632796,0.005719415630557641,0.0029800007046886646,-0.01265129423423187,-0.004920014308390194,-0.02180752282994803,0.003253961486988071,0.0007665388073238039,0.0002967833870164523,7.264990782380464e-05,0.00027031652221838837,0.00041038598447491645,0.0063938015184001155
2023-09-12,-0.011512609750001635,-0.016028169467784466,-0.01327900151423155,-0.008396856684931602,-0.020062676052916117,-0.005035673976910092,-0.010788370096458805,-0.012510578592567378,0.014908301448379666,-0.017928828646652087,-0.005099441707643645,-0.017650161476884803,0.004343347053502244,-0.0034811502804933635,4.966718922797377e-05,0.0012272348339359726,-0.007681156752597406,-0.011526519284765637,-0.002787528751667542,-0.015751317350165918,-0.0008152024412927889,-0.000358584948368577,-0.0008774043234906231,-0.000911255528349496,0.0003736137600636948
2023-09-13,-0.001513605948100101,0.0008484387914944035,-0.010219112872497146,-0.007853912024204894,-0.002990064572979305,-3.4351858903712866e-05,0.004384986386011683,-0.00014701302878298737,0.004244825957612591,-0.01570222533074867,0.0021596360691445377,0.000815066768082628,-0.0011211726898320297,-0.007939638409473473,-0.0012305250180247155,0.0011706277547895376,-0.0007434717292437087,0.003372513766340974,0.0020636464807707545,-0.010271261279092754,-9.08106659405153e-05,0.0001556234154287213,0.00034241909132411976,0.0001190319817335378,0.005462669983940877
2023-09-14,-0.014868025800293587,-0.02559970819706455,-0.019269445479168954,-0.011372375260745044,-0.006029611957942776,-0.0063360100068348135,-0.022095245279045033,-0.02710818403524598,-0.0375035243966648,-0.014629846373406296,-0.007077156215522146,0.0010498773921530863,-0.006809525756266588,-0.009236417077879719,-0.00037612395906770006,0.0023717486103476985,0.011043528575619936,-3.1223690300214053e-05,0.0031687447377034004,0.02003939402947336,0.0002932252222463572,0.0002945837338078357,0.00028537565440780777,0.0002065839903537806,0.0028141058341547027
2023-09-15,-0.010409153126439797,-0.012812678674028207,-0.013590899992310987,-0.006053035285560213,-0.006757629181778267,-0.010400436085130044,-0.006742452153106243,-0.010863996659773197,-0.0032467540661119884,-0.011681129078030499,-0.013628100714984841,-0.009287142736742325,0.001480003484937074,-0.004354565958943204,0.002218186595374569,0.017856072382795476,0.011873374934198816,0.0175338886864232,0.007483062765616614,-0.017069620759523434,-0.0004958149955818914,-1.1715481013860422e-05,-0.00026396243968153366,-0.00040789450730285186,-0.003840382284014539
2023-09-18,0.0035808159547792706,0.010548285505101132,0.0005672958540612184,0.009289277012868725,0.007029436249998123,0.000625073668145119,0.0029725957861890854,0.00799100746233875,0.01435147027318569,0.010924518302369892,0.00254493346287985,0.0119926600499533,-8.541785084095754e-06,0.0009025636464264264,-0.0017561469107995862,-0.006764259159028402,-0.0047270987175307205,0.0045748376643586644,0.011935578736869654,0.005363728865108466,9.53064631864239e-05,0.00014275131708780896,0.0003693277634034457,0.000168594786369435,-0.0039026865478743265
2023-09-19,-0.009978731395576304,-0.0022849999458728534,-0.0033258163628864133,-0.012477434312176301,-0.01377897109077251,0.0035848948173374693,-0.009414012576453875,-0.007614244663945852,0.008851021232657044,-0.008678220607945214,0.0007938653776621545,-0.0034464591888244194,-0.0005162909623740772,-0.009079077945359504,0.0028877055617101497,-0.00014541476547647383,-0.000585501162027274,-0.016244771043833272,3.5852487505793826e-05,-0.008807193542646276,-0.0004227027583771425,-0.0004299160134927893,-0.00036189316279597463,-0.0004934333455408548,-0.00023907809983924217
2023-09-20,-0.0024034825493249624,-0.0032927727801659963,-0.010407702559745075,-0.00682038492007888,-0.002519211404721598,-0.005843707413333708,-0.01147806085180388,0.0010247014689964695,-0.007954861472216936,0.0035053243177349466,-0.00916945575020373,-0.0037329084031338658,-0.0046295168059846264,-0.008666411852492388,-0.003499295744102433,0.012339094819457823,0.006887445556282449,0.0008203181583477902,-0.004602766263804167,-0.012690574499400033,9.775565818509576e-05,0.00010031463157324948,0.00017718103867931588,-0.00022095178933686653,-0.006359571120475901
2023-09-21,0.009039597813155609,0.0054760703064533085,0.004357927573637722,0.006934065682068698,0.007920053089217307,0.004768337733175499,-0.00992422016285379,0.006462823259101266,-0.005368856851276803,0.007588626539899715,0.010390700216534918,0.0027326750999869267,0.000601098883647436,0.0020520396920531954,-0.003102030177324863,0.0011811168478402263,0.020976807146873847,0.01071540726734639,0.0015840610020717875,-0.01006573676081822,0.00015677995970752277,-0.0001474775021744914,-0.0001933479730442357,-2.3940989305642498e-05,0.008622386234750501
2023-09-22,0.011292559529322819,0.0010171656373814935,-0.001851667107562714,-0.011164859030269777,-0.006549452968384195,0.0065327122626036216,0.007721371930964386,0.007650002404960136,0.00012832124254170399,0.0039787894171578785,0.0024021458002067403,0.014995713856385137,6.5741717664657105e-06,-0.0015278699919042448,0.00553527989934429,0.011503828579617893,0.02163725121328641,0.00629848944821081,0.006482298189230145,0.015283804717583001,-0.00042373725200416156,-0.0003768647432091782,-0.000454376246180986,-0.00019630808078613843,-0.007386861976669876
2023-09-25,0.011746371533624643,0.01655468423238139,0.0031122954760207963,0.006558855979615191,0.0099584871806498,0.011216062532760498,0.014527760123192252,0.005742832597195935,0.004247403433029418,-0.000396701010353318,-0.008130854332949262,0.0036645570179591365,0.008366272671297085,0.0038894396460455683,-0.00044423725492254693,0.006317411808931873,-0.004089882497166604,-0.005400531806088843,-0.014048256911515499,-0.018364089574038192,-0.0006400373644047095,-0.0006739899491482373,-0.0008036874820025084,-0.0011202552769337076,0.005561718197270446
2023-09-26,0.0018083614820229325,-0.005274570556058681,-0.003981433849510025,-0.01140929509714807,-0.01743192504498648,-0.005202665637104277,-0.0005525310716024451,0.00563089447905148,0.017703363286740183,-0.005544835890788012,0.00039490325788665674,-0.005563865473994258,0.0015522570495893244,-0.00010604517326444834,-0.005412139061553436,0.002631601969591339,0.007387396001505592,-0.0015202751567891493,-0.013738622844109665,-0.006640539438317342,-0.0002511012998018741,-0.00030100123427764325,-0.00038926823038294353,-0.0001699846833905014,-0.005980760498812223
2023-09-27,0.0005148676075293294,0.006974064938022445,-0.000804840254842884,-0.005584327500525307,0.0015415777099258747,-0.0027671962056749575,0.01839212681517278,0.0037453464025242215,0.012819973021388022,-0.0034411629334353358,-0.0040898399163727195,-0.007265144835215662,-0.004409692590368197,-0.005803389485364236,-0.00030586585255192034,0.0024853787241090695,-0.0021447352963087133,-0.002488310719081733,-0.006397850989756287,0.009478158857746909,0.00016323569127206454,0.0004163083200868184,0.0003440667793826571,0.00038398408334387214,0.000256858052581578
2023-09-28,-0.011327507126249295,-0.009125562359957217,-0.002465537654187051,-0.023596325999128354,-0.02552584921577235,-0.006140326610654229,-0.005209434014316736,-0.0007085808382456108,-0.0015283667969380364,-0.016533462499966168,-0.004456131902107144,-0.004880962826381168,-0.011556430524209849,-0.017419276408183648,-0.007391154214183688,0.012462685600095596,-0.0072909290931805915,0.0028695068696909715,-0.007275303003438048,-0.012906667085242171,0.000358828359096182,0.0005653420670314377,0.0006231861677414379,0.0005658416172908501,-0.009515128400251503
2023-09-29,-0.004874722718763156,0.0006670091241720326,-0.022734157870853207,0.0007514896211833193,0.0008448029848400164,-0.013008463503653901,-0.01037035439573707,-0.011573195958269628,0.002256287339923951,-0.01227794315210509,-0.009937248339265993,0.0006139324456046055,-0.0031904967961821316,-0.007533536673087543,-0.002942648296133806,-0.0097978880188015,-0.007809211039617882,-0.005014361075760356,-0.0033266103055271615,-0.008469161180315446,5.515710680239452e-06,-0.0001548464183823786,0.00016476994966545293,-0.0001341086698332735,0.007704745046540522
2023-10-02,-0.0206774974854799,-0.013220643392677235,-0.008153808826705747,-0.008249638345243997,-0.004280233930949676,-0.0057296570109243005,-0.018085033001358483,-0.01226797714494728,-0.029798356883504254,-0.013469194094128055,-0.004790314990950376,-0.0137096311364801,0.004302649005616478,0.0030286584218574388,0.0032511024209456356,-0.009826807881743664,-0.019940357423842883,-0.016621096171827304,-0.0033913224928233746,-0.009112879463536101,-0.0002933931371832144,-0.0005012728785282866,-0.0006748517696316171,-0.00039950720240477296,-0.004297986365387977
2023-10-03,-0.01269509315639043,-0.01648794407035619,-0.023334022880867736,-0.01221237724836504,-0.025363677146394766,-0.0077599906580729724,-0.022102234167566178,-0.010762497057145921,-0.010696451548007895,-0.005168910050072839,-0.009860642700424263,-0.010462018177362212,-0.002230400589877431,-0.015016423621413668,-0.00464566441038563,-0.0026944802546909874,-0.01799320474690435,-0.01554718300727881,-0.007871224701085828,-0.011741124065019374,-0.00011859028944901985,-0.00010037529334696875,-6.691299437812448e-05,-6.703724451258253e-05,0.0030966527378895924
2023-10-04,0.0037615258337899394,0.0059735266687356925,-0.0077305388698211165,-0.008577118264704777,-0.012506930028164021,-0.002583667490969394,0.002246731799552363,-0.0071218298708458595,0.007701222121803391,0.00363447350693776,0.003755111968563431,-0.004223102020133961,-0.0036916072018664194,-0.004348288893783203,0.001972754589545967,-0.005983783791467805,-0.006582779643863801,-0.0022108501851842094,-0.003191438838681177,-0.000811265794917321,0.0001124170472317066,0.0001626734616767361,0.0003361717203232673,0.00040468151551754987,-0.00023140241770265883
2023-10-05,0.0020622559202575002,-0.0025431101737229955,-0.0003172676721008369,-0.0051178866532716645,0.009832118195045826,0.0019011359609830633,0.00038963538732625716,0.001091275798704243,-0.017029419103826413,-0.004525162713164857,0.008478318825288364,0.001512313986639965,0.0026613483985480158,0.0030655351783287787,0.004812106400521434,0.00479913091003482,-0.00836536179319572,0.010101131720356362,0.0023354401304325773,-0.00579198165647574,-0.0003588834475522025,-0.00010109804666158021,-0.00021503511063076635,-0.0006220320205581633,0.003281501058064955
2023-10-06,0.009900988370259631,-0.0018333440985151552,-0.0026743170376858144,0.004093390359060077,0.019168074859645348,0.0029765493654153423,0.005470440709946107,-0.0016054482236575979,0.008524794870169886,-0.007019116003069763,-3.812823647654539e-05,0.002968692812980793,0.00728805557352959,0.0036787920902327242,-0.00465414233909841,0.0017930918504693028,-0.010244085209287025,-0.012156312968753668,0.0010724340495463966,0.009299496245182505,-0.0005932527417297234,-0.0005342354056026105,-0.0005130401572131206,-0.0007542205584806667,0.009749656101806715
2023-10-09,0.0024177213707241157,-0.00047723861301498106,0.00250441223361887,-0.007913301490360014,0.0017597700773460952,-0.008075437098663329,-0.0055730748371304335,-0.0016613139889766425,-0.011586933668294094,-0.0028627680571008864,0.009834086776239127,0.004345283499672926,0.0011169337038855697,-0.0005837181549495598,0.0001505627630505593,-0.0026793215332908274,-0.008235217420115624,-0.017604064955837207,-0.0029494030958006684,-0.0044118642060619415,-0.00010366681279498149,-0.00027712798441751897,-0.0003775524039290532,3.696490042443608e-05,-0.005874679167493338
2023-10-10,0.007428506844397238,0.004459363910306821,0.00892941397092396,0.006183002252076081,0.0128428246118597,-0.001837427847614067,0.0026059026356509965,0.012037008243136506,0.0023942665893882864,0.008230626814235076,0.007789625643945521,0.0004199534503213344,0.002444988604874014,0.004690464652876421,0.0016664391579760027,0.004523794614526996,0.014270103785266964,-0.0014795208588691293,-0.002554757322305206,-0.01271862142232744,0.00015043667201362784,0.0002049136413348245,-4.355723894632054e-05,-0.0003641947540561685,0.009825040528038103
2023-10-11,-0.001042000378365876,-0.00612587434023538,0.002136752734892409,-0.0011323566594064216,0.007958843434056577,0.004243715924938404,-0.0032706853732694203,-0.00557811235332485,-0.004047349230596766,0.0004839205586318193,-0.005817087603403479,0.005556535689555864,0.0074571618244766305,0.007556623192545091,0.0036192414053538477,-0.008784220866089872,-0.013062247763512867,-0.008525861953937074,0.003431827046806898,0.010975611514854685,-0.000572715913882544,-0.000688035999965685,-0.0009493293526170542,-0.001291420237474519,0.0030258133229666626
2023-10-12,0.000759080395491836,0.007495366744138687,-0.011058768308111262,-0.006164664701232544,-0.015168616449461308,-0.015459960456032333,-0.00528005047055336,-5.480601620889286e-05,0.004717743200938923,-0.005164324706255824,-0.00517837983081041,-0.0064306254093071166,-0.005985960261305192,-0.008550774308803815,-0.007201759878928047,-0.010417905458179666,-0.003483324037572094,-0.009208596707195404,-0.005490508435902575,0.004364027538809673,0.00035971073994572585,0.0008664038401117473,0.0006156726000206039,0.000946817934527711,0.002380649574781676
2023-10-13,-0.004347727968873835,-0.003815700965576086,0.0020344059208688516,-0.0007997321167745315,0.0006051600640723082,-0.0025401442177468894,-0.0010411958432571928,-0.006379527144551925,-0.003354478163602991,0.0012760858999148602,0.004508958909264594,0.003834299573414833,0.0024143963772295125,-0.0021208114557971494,0.0068823563817681215,-0.015639676317808687,-0.019267563824396053,-0.010566183151587007,-0.001061031961739747,-0.00862065956505942,-0.00026664656153575387,-0.0004312414619129296,-0.0006946926180645767,-0.0004727280872548652,0.001998128779608057
2023-10-16,0.004666851212097861,0.011160538641281942,0.0030141196028021806,0.005331963239491504,0.017428595694345912,0.004820878966117893,0.006432939186842059,0.009802793056164228,-0.0117130680845463,0.013124674074661957,0.006095994066840166,0.013720271362750076,0.00047180318780270267,0.007386295989130396,-0.0018635664959481186,0.0010116512217178356,0.016923834072747418,0.007833978087224957,-0.005960301074229343,-0.01363603409582692,-0.00012445138931836924,-0.00013881775071895207,-0.00027313528528184966,-0.0001049833450738372,0.0013645113812852762
2023-10-17,0.007506235681913113,0.012513213508093703,0.018891404373729537,-0.00161488451906318,3.702042735676274e-05,0.019966375039320642,0.024160895933439265,0.005383376317232097,0.0058024215102645965,-0.0009493672658482562,0.007864491935080625,0.00451189542548389,0.0038388469888172324,0.008223993076653995,0.005752312874667884,0.006240016950339856,0.010742798024961947,0.0038232867404774397,0.008619906535138054,-0.0019051177211577971,-0.0002079162852211334,-0.0005421904310191119,-0.0006214151792292623,-0.0008373416862983823,-0.007640663396827289
2023-10-18,0.005388990524485217,-0.010198785157825466,0.012610603738941508,0.015234658051997758,0.025990352588071745,0.00676024943018782,-0.007021560161306643,-0.004327924371493675,-0.008714805617681981,0.018733913780386482,0.00014753907437724343,-0.0024518638404549325,-0.0010310082855892527,0.0019357914229246325,-0.0009201738299080459,-0.013520473254000572,-0.007901155142304283,-0.003843793724230501,0.006018234734804667,-0.004295578598864787,4.574833291248843e-06,-0.00014980577265116335,0.00018653602005173076,0.00010978553464298243,0.0023022242651321557
2023-10-19,-0.012190186547799705,0.001248261445464348,-0.00763068411046931,-0.006090935291289685,-0.009484205070827666,0.0015907058808934988,0.013522664244532804,-0.005278054641456918,0.013068318260203321,-0.029380797137795366,-0.0052479012244327616,-0.015283844405589015,-0.0013984160580749103,-0.008690672096043649,0.0021342357827237694,0.005380155932674994,-0.012098130949826874,-0.002183019471945237,0.004092808907397164,0.01995443862466112,8.313622490362525e-05,-0.00013968345235465385,-5.384547571262441e-05,0.00033651637730822717,-0.0007729547518201256
2023-10-20,-0.010845947660240553,-0.01317309381207184,-0.01749870201122147,-0.0090055823804563,-0.01896196439778245,-0.008382151115093878,-0.003233064822340802,-0.01241506292957189,-0.01787844877087945,-0.0064736743455464036,0.01121227663730977,-0.012528348919517337,-0.0014611793211596333,-0.009675814852694243,-0.001697091327997254,-0.0003327713520423256,-0.006929328407542026,-0.005502848706661951,-0.007210115826457778,-0.03378144306583315,5.0188889566973016e-05,0.0001629548203762944,-9.333068816810231e-05,0.0002557503025048689,-0.003978190266308814
2023-10-23,0.002137307234387036,-0.003436890873635451,-0.004195562724736825,0.005124695384193865,0.013415340447606536,0.001500210199084589,0.01161282277521047,-0.0014401506503573828,0.0051447884295593126,0.011542672873714188,-0.0024099380589552733,0.004885914366549424,-0.00022937366993853341,0.003226685034970675,-0.002378660502355647,-0.007962710999350767,0.006695077060978923,-0.00039021193181494824,-0.0019740300957244473,-0.010829852465105459,0.0002758845242059421,0.00035236645586478413,0.00046380003701538446,0.0006098986756763226,0.0003959353681708324
2023-10-24,-0.0014711416206204834,0.006031210411088547,-0.003315485849412477,0.007835017935534858,0.00982382999543278,0.006454906828570858,0.01730513979810352,-0.004783539879936485,0.03053050737627873,0.0016592037921880549,0.0014934409148257834,-0.013203555356995545,0.003131257209354429,0.00445025149410861,0.0033165831148461106,-0.01081532364116392,-0.003342621708592362,0.0013572254833189622,-0.003401781600127547,-0.006184891984396293,0.00021244410862668428,-7.234879461706862e-06,0.0003823294507874224,0.0001511579822029937,0.008159710368056476
2023-10-25,-0.00022380248858284323,-0.00802514009432764,-0.014023553029447144,0.0051113865386565,0.0007275055330088149,0.011963257271793579,0.00030878916015469014,-0.0038271764303030283,-0.01728048970085898,-0.005780273522697828,0.00047679921859274934,0.013138388438498575,-0.0006306179560180822,-0.006445601610651635,0.007373301475914154,0.0008812641849011236,0.0043750963010735205,0.002132437388182552,0.007557547819616289,-0.00469954355698802,-0.00021844650886881543,2.9552743603219647e-05,0.0001231455532314833,-3.4594162479731778e-06,0.00282679732410981
2023-10-26,0.0011977195120258413,0.0018121286878841295,0.01600560595701371,0.012582366322657062,0.0062468926605231566,0.0029037348895279676,-0.00017042606409938682,0.008551003811264548,0.025340992758723486,-0.004912629749803541,0.0028724459762848806,0.006730981008582131,-0.0008900427581979645,0.004805105721123792,0.003068482479968415,-0.00020147231490406578,0.006512946677309997,0.003077444890632511,0.0002604824709258099,0.006898405064729306,0.0002258815265851748,0.00020392635602582582,4.898417437615885e-05,0.0001340977618255513,0.0026789351418038897
2023-10-27,0.0015534022577487904,0.005538183463717487,0.003343870353389819,0.010307268175780877,0.004710394811306921,0.005181323275688464,0.013514855896500307,0.00322017704763961,0.005204258226503839,0.002221509289633466,0.007904789325604662,0.017162281149419135,0.003142282965548961,0.0035493112829182495,0.006865829414133271,0.007155217864243567,0.005670790234935317,-0.00024378059220580032,0.01739122441003595,0.00566760791340936,0.00031688309543053886,0.00038417410461378485,2.8095346796123022e-05,0.0003454803334332901,0.007403703687070616
2023-10-30,0.013445410613038562,0.012230402180301607,0.0067184355738880526,0.004770504641189394,-0.0008928837884632883,0.002001897028751975,0.016296198112359484,0.009250986039455109,0.0278433667144571,0.0028446303039275055,-0.0003706953470585634,-0.002427138776126288,0.0017782095069392217,-0.0002448472604745431,0.002942059801146487,0.012168752427305238,0.011301496654681633,-0.00015529383006173542,0.0013926589655106928,0.0053669348324801094,-8.074163516178385e-05,-6.73786318564011e-05,-9.313342958061578e-06,-0.00033135188534914677,0.007149264097734513
2023-10-31,-0.0015129054780370112,-0.0023516458342222957,0.03147803099684115,0.0066241681070064,0.02551668739298226,0.004594542725226162,-0.011959186889142622,-0.0042435646286491675,-0.015009621293496268,-0.0028987659833889486,0.0064528985703639075,-0.003399045274556085,0.002251663292618373,-0.0026342065716037353,-0.006495619170764839,0.022856479681155718,0.025782154018405983,-0.0008146986125770819,-0.001973742334306904,-0.008993621980363856,-0.0007137384308934795,-0.0007339650962612118,-0.0009815812438313555,-0.0011009721047784695,0.0027343242464720604
2023-11-01,-0.004789124240026026,0.004480155271926121,0.0019933313276197457,-0.009895014236075911,-0.013126945525154662,0.00466405986305286,0.0014545200461108486,0.0016682784878325457,0.002918403839413662,-0.000963698757354202,-0.007900428074876596,-0.00012667522841291372,0.0008327170033095347,0.0019276113951072777,0.002991767482597172,0.0015113006680176162,0.001994545220480289,-0.0009906125909875073,0.0015474123222024095,0.0012317840234599264,8.592326364244789e-05,0.0001890329155136291,0.00026371828015832896,0.00027472407869958294,-0.005737785619430063
2023-11-02,9.0506480108438e-06,-0.00400072893362454,0.009582664551041651,0.0008952200189048702,0.00106548026066006,0.001917473565529381,-0.014176270853590224,-0.007978014584831918,-0.008837302232929969,-0.006573106552419795,-0.0048166896402572264,0.004227838412118981,-0.0007500846201725367,0.005708710740299618,0.008061983084477033,-0.011994939057878604,-0.011055740630274168,-0.005214638313578022,0.007374622697100925,-0.0025177408450812074,0.0004533332887603553,0.0003525398374569707,0.00026193291131696664,0.00034146150676801047,-0.003038343284947914
2023-11-03,-0.013909209926106725,-0.01491143142884849,-0.0020594715620407397,-0.01748122635081481,-0.015620033649305672,0.0048499815251019165,-0.01067876915201743,-0.014008189652696807,-0.01938574545756724,-0.003109699895628372,0.004947177196796691,-0.00343320010288938,-0.002859768247024879,-0.007044765995674242,0.00030710951493974646,-0.001869281485314496,0.00031355031595729343,-0.003822240920010963,0.006967594315544049,0.0007509981070970969,0.00021111726504589875,-4.370714964435125e-05,0.0002446926447800844,1.1944499912754916e-05,-0.004948403510554545
2023-11-06,0.023364657223152147,0.021407954059156183,0.007121153867172572,0.02115956881960779,0.0024533796927378726,0.017549597148587073,0.008046010829000527,0.015260063020876494,0.007053912976404184,0.011965203097880402,0.010836722921846377,0.01700301284836652,0.009339146718704085,0.007673877867339799,0.006120932154937031,0.000708218641683338,-0.010325877236624585,-0.002200638058502014,0.006820140400888058,0.028843518234178276,-0.00042532777738406346,-0.0007551179447123745,-0.0008820109374443561,-0.001109423003767831,0.004143847987337537
2023-11-07,0.0013400722636586857,-0.002203532553669097,-0.0035691688554889862,0.003568595907572569,-0.003387539542367131,-0.0035645587080097916,0.0015345524054791772,-0.01566058473750294,-0.009659834722223771,-0.005948412303372719,0.010635042605895557,-0.0009812837337524732,-0.004417283197140455,-0.005739487027877923,-0.0022854180805560046,-0.0032667073579418617,-0.00027950179831702385,-0.0025478716659990508,-0.0029350872206373602,-0.01138547072100223,-8.56331882958596e-05,6.323276974132109e-05,9.627356424586247e-05,-0.00025326867892351904,-0.000548161390975552
2023-11-08,-0.002230570894034947,-0.0018451386514064332,-0.0037876988970015337,0.000858181165974207,0.009928097569559164,-0.007798206024861011,-0.01174090813948393,-0.012797264457873625,0.010715266567760475,0.007823428180356671,-0.0065850148995133945,-0.005412044134764101,-0.005164188280338257,-0.0017273549665392865,-0.006978283338244993,-0.006561300910370713,0.01511549122019674,0.0032337836308589944,0.0026256142032356094,0.0033713318559593763,0.0003657315665703747,0.0001483916553781742,0.0002899123746137092,0.0005066852190239419,-0.0073912186342146545
2023-11-09,0.00927145996724775,0.01188046861441941,0.014163889530249,0.009375742415390964,0.009261042182820445,0.00014180377515806558,0.013201749408611223,0.009902217143557173,0.0029726770586639382,0.006479060792834803,0.0007731799594674221,-0.0014093936580379302,0.00035763474845395583,0.007002772913192063,0.00052343815265207,-0.0016245801256222433,-0.005253362824686952,0.00022307977753929353,0.004348919732162436,0.0011725749644186149,-0.00014740760080923787,-0.00029323069629377975,-0.0003271773204091377,-0.0008023699620861739,-0.004337476105006399
2023-11-10,-0.0009070184960936349,0.0016072565012566938,-0.0005381968832165248,-0.001249711898635899,-0.0015274741026043302,0.008722655203310482,-0.004598190985773035,0.0007525554894228033,-0.0232210115265313,-0.009656743499563445,-0.008982990963449953,0.015653763816437988,0.005120867585529095,0.0050138257233863694,0.0019380510266265923,0.00296486803048588,0.005876093432590659,0.015547594135392515,0.015017478258651754,0.031110514754385286,-0.00028556776522077067,-0.00019037980748505757,-0.0004963077317343278,-0.0005916209067261235,0.00043097122133783114
2023-11-13,-0.0018209906670321467,-0.0031052629513256243,-0.008819720668376345,0.013410701283914422,0.013741510489979165,0.009529954982459388,-0.012922533195707193,0.006926576955189281,-0.021973277444141306,-0.008416423506726401,0.001608065217467443,0.0054515582630868704,0.0016828693815129666,-0.0027859220210393913,0.00043118964056385197,-0.005898649063243477,0.0069969283164880835,0.005583272821003891,0.001985276834179191,-0.006256328848088913,-0.0005908977142865305,-0.0005211834528408893,-0.00032170710766758114,-0.0005413088406437414,0.0008133181561151867
2023-11-14,0.0028605177969858917,0.0075086274154520195,0.0021752749829983915,0.014637680049260124,0.008913578471791835,0.00021111938857234114,-0.00490606644700386,0.002838933279790101,-0.023848833971404856,-0.0023784827479551747,0.005672313485113293,0.016354278144076043,-0.004604559655211617,-0.0031703008832259273,-0.005311326721335062,0.0003453473949065339,-0.006182513170082886,-0.0012758138297459124,-0.008433067141889686,-0.007468695811148326,6.506935422858431e-06,-0.00010067620804067598,0.00012870394648378274,-0.0003239869327000935,0.010418295556922355
2023-11-15,-0.009702470193572593,-0.010730589868281988,-0.01564039134712322,-0.02137412508518661,-0.014772332249074507,-0.009574021634075842,-0.006651955342644699,-0.012350147275632505,-0.010152051293883729,-0.015766522062148746,-0.004320223252979789,0.002332014852049392,-0.0061622776672180975,-0.011669522191412075,-0.0033558443747200876,0.004430616342703662,3.858421060151944e-05,-0.0028135199554119835,0.010137001678277786,0.0019230198604258033,0.000521092176719121,0.0002939528057823035,0.0006319903091780226,0.000719150610445085,-0.003569733451506264
2023-11-16,-0.024029772096436773,-0.03053463695728325,-0.020409898961284728,-0.013480846968722827,-0.0221839715174191,-0.010292999585847763,-0.03083948270096727,-0.022077780229691146,-0.03867088295821681,-0.015402715175758938,-0.012569320256191722,-0.02600522304589194,-0.003193531585159711,-0.008845430803856746,-0.00326883420228349,0.004515388325755722,-0.006491075931664375,-0.020785237270744626,-0.009098731725715488,-0.01512675493512625,0.00015612770548902562,0.000530666389266958,0.00020300708490984354,0.0004980405894873016,-0.0018309620016521682
2023-11-17,0.0023903613556430932,-0.009463938737908968,-0.002865386934869485,0.005986624884389703,-0.005187842840914125,0.0009816882181784147,-0.006818471923643002,-0.002836850851870456,-0.021523406994009738,-0.004971967883956251,-0.0003966515932292106,-0.0026439871062253336,-0.00623298721160107,-0.009719286900893328,-0.0067508789079262195,0.004817116164788413,0.013924209673471896,0.004898964637032796,-0.0012374660812815882,-0.008281570341471787,-5.4538636410706976e-05,4.4591373635662395e-05,-7.352359839275248e-05,-0.0004407395241960095,-0.009283410927498084
2023-11-20,0.015054740246839938,0.009882507481186374,0.009063664537058246,0.007919449789368926,0.005087470245492847,0.0044447391688158455,0.001635027141296621,0.013293368373571725,-0.00996044009348311,0.00730375310310214,0.0053327432564174914,0.023242153154174258,0.0014641616047700438,0.0049603905889392275,0.005601967221616526,0.0070531962640098264,0.021877895534148272,0.023423466616254652,0.008767236859668457,0.022554610286399455,8.738238374081698e-05,0.0002754565207502642,-0.00010342755334800065,0.0003213923053257251,-0.00658949783391387
2023-11-21,0.011068523482571297,0.009718613409404065,0.017913034114103797,0.003709902383865353,0.004070520452461857,0.011213892663670653,0.014728134164191907,0.011551459003276022,-0.008750375054620119,0.002290810712642601,0.005984310347757443,-8.70812474067081e-05,0.00041251930227196145,0.008114233330757635,0.006045111714187028,-0.012111813062983697,-0.006637222064420381,0.011955260220502636,0.008032402889310014,-0.004066224170252944,0.0004036201458274463,0.0007967029324752494,0.0006780888550930504,0.000724827719725685,0.0011591740925196046
2023-11-22,-0.006022344051290722,-0.014059681279974241,-0.025352608817291403,-0.0009239132039566469,-0.005803609227783993,-0.00898008811801459,-0.020100063074946092,-0.014223567768771324,-0.025475381220766466,-0.020084537435790212,-0.004808327670780454,0.001365247629276943,-0.0029655573279613245,-0.0013871803537737872,0.004744095448443471,0.0016362646882664427,0.004347428498226039,0.0009071917227915273,0.014059481366012623,0.01771564433371097,0.0003049196418754908,0.0007515964435840985,0.0005281010013710208,0.00021280209973965222,0.0013308147250761114
2023-11-23,0.005554028839858461,0.009848539783083874,0.008127281134601802,0.000869637320593991,0.00800538155294211,0.00842361938573695,0.010367727008294646,0.011311309109529391,0.012794575110457998,0.010623434518715256,0.000279455268758581,0.019634049737521628,0.0014511486689237295,0.004968711872601417,-0.0013013577597242492,0.0072820793636731935,0.003621461930524138,0.006857470103772423,0.01131146587861802,0.026175683898451735,-4.786340922519834e-06,0.00016896964894030128,0.0001362341781485327,0.0005389373438065079,0.0014258065528087722
2023-11-24,0.004850175669303869,0.015777875125641307,0.013219284189630403,0.010468129650476707,0.0019368044609790924,0.005018967551172303,0.011708949887547844,0.011393231782919297,0.008749891253551073,0.005141269732721011,0.0022621925628177023,0.004716917349510121,0.008620780749908954,0.005377604014379252,-0.0004261585761977406,0.007205791024642963,0.020590308809266357,0.016106119900922138,-0.004262771083273016,0.0009751584633069261,-0.0009738721206473515,-0.0010685071094820198,-0.001180304592841547,-0.0015391704132060053,0.008116151596326036
2023-11-27,-0.006202225326306569,-0.019212147951660874,0.003801078622836915,-0.002076108707982579,-0.005247529348682386,0.00022935649710143424,-0.007233604547647059,-0.005817358173224487,-0.012303034725329754,0.0017494149902564865,0.0029103095050200946,0.010822718434294042,0.0018871919271102474,0.0002620290011160322,0.011232462739501936,0.007282626552080904,0.01656609650281415,0.020236348805132382,0.017194596297918262,0.01393611246663483,0.0001564882891548473,9.057120217690083e-06,-0.00011832488988954525,0.0003617809640367093,0.0025923834656977137
2023-11-28,0.008603601026105925,0.00598287652971825,0.0038983055868440685,0.011019112917442427,0.005245290649148633,-0.003501336342679371,0.006633322448963055,0.011483996091120557,0.011253122465610195,0.008041450995305406,0.008956269368222632,0.017834311635300918,-0.0031557549145621927,0.00045760574771653065,-0.003184992016351481,0.004296685418225244,-0.007599874521384705,-0.0009220617912813985,0.006924162918682782,0.01343768290897128,0.00020536255585647533,0.00023592073340143095,0.00011842544560918664,0.00039700862609344116,0.00037877361247695956
2023-11-29,0.011766612553944053,0.01200983479520916,0.00603660874485192,0.0003968705295793974,0.0036825844621898134,0.010723007333996948,0.03410123355229779,0.014483299993978635,0.022627401405243518,0.001519064659826534,-0.0005918117649112249,0.013593209650148987,-0.001550547458730149,-0.007698605685506477,0.00039865687885807643,0.008394196282219853,0.005995283907784582,0.007479817234399885,0.006332457304757084,0.004554718963597538,-0.0003998539714984892,-0.0004885558634493471,-0.0007258627618556351,-0.0006777825068999382,0.005241856335361249
2023-11-30,0.013035826183435753,0.0071408485985702645,0.005296633131558414,0.012465055645033824,0.027048739704312718,0.0012732919127877588,0.005796710606481729,0.004402300655805897,0.011736294251042343,0.02027645935389992,0.005347908945944536,0.009682171245481075,-0.003225963728017909,0.009210753738893155,-0.0017166527567657867,0.0005721342989614643,0.0049655856151118345,-0.005557735741546059,0.00325763128390707,-0.005155003575586895,0.000633638981598327,0.0006398100649284619,0.0009837379985893585,0.0012155614973058547,0.0022301329317340494
2023-12-01,-0.008788256874290374,-0.0050741989118379,-0.008092702598230445,-0.0002883858979456206,-0.008759407685797978,-0.0018923624546638568,-0.008198763465145299,-0.006603792965205432,0.008419662491419006,-0.0186673232385391,-0.016791107710458827,-0.012185618000206514,-0.004014172639974397,-0.013506292128676493,-0.0019625407834683653,-0.008569545316713733,-0.008380035019320511,-0.011779064323451797,0.004144395106349825,-0.003598842733462177,-5.9502934496228095e-05,-0.00010322102787348602,1.4621407996983859e-05,-5.7173052379767464e-05,0.0015935865263988673
2023-12-04,-0.0032283395970747657,0.0011224656729105383,-0.017405574092773716,-0.009161014906381213,-0.012325047106551227,-0.0002127097298340319,-0.005213751068183363,0.0003542905209590534,0.006217617913227614,-0.006769356777702296,0.0036247046626613462,-0.0035878842400086037,-0.004364368309062033,-0.0043661245536657615,-0.004457172281540016,0.007856726593585949,0.0006120905513133542,-4.3895454465594076e-05,-0.004071521610595522,0.007521450229315058,-4.682121146700792e-06,0.0002651799700558738,0.0001786278118813311,0.00013725831525359438,-0.0049615450825563475
2023-12-05,-0.016272803799097027,-0.01817542641099385,-0.028176928549332663,-0.012616449919065414,-0.01072692961345421,-0.0028963458897002265,-0.005261939129380719,-0.001642129645664756,-0.0015537209124128204,-0.014449712054521908,0.00018268663982063012,-0.021208471559199582,-0.002724678585441745,-0.011294621009737691,-0.002141651104011222,0.0022929147791039004,-0.005151851490171154,-0.009915923026058607,-0.002045233712412774,-0.023783234408686703,-0.00013720272401061256,-0.00017899402593066156,-0.0005953258518901667,-0.0005667340799857369,-0.0006807004420047517
2023-12-06,-0.0005799820038403006,0.0010544782845499942,-0.003899065866414318,-0.013373307807617817,0.00352240103246472,-0.0007333856904207748,0.006675730342352812,0.0002950837928832996,0.000313238337051637,0.0034683494800659374,-0.011085900022607457,-0.01216258507024526,-0.0027291635493788715,-0.007977332613970664,0.0005042462971691169,-0.005270916099114044,-0.00232278092631939,-0.020791825785320107,-0.010756735424269831,-0.027399453801903405,-0.0003533044891543477,-7.79686283489925e-06,-0.00040136161900959367,-0.0004104172362500926,-0.005700577484671806
2023-12-07,-0.007542792439179005,0.006615698081213008,-0.004603142533230315,-0.015088592748924606,-0.017077759846517732,-0.0024853187885026185,0.004872907783370519,0.010419165146473224,0.01569553626139703,-0.0048573569978815285,-0.003831429638700012,-0.015601442633801673,-0.0014502282693411687,-0.005103130218884005,-0.008197510423795249,-0.006798268247529712,-0.01892120754601718,-0.011376350561217871,-0.004268321354503291,0.00267104724528802,0.00016479344671697574,0.00047624906242584286,0.00039899269562815483,0.0005676439732480894,-0.01753594107468389
2023-12-08,-0.013444185164489326,-0.010650445934872152,0.0003157930783931409,-0.010736560061741646,-0.0075818979744316835,-0.006274374059347719,-0.01884206880250139,-0.021320083199798615,-0.019149297962850916,-0.005275935962344806,-0.012762645489709939,-0.004076268727060201,0.00017401646227856746,0.00190040985068956,0.004756871270184662,-0.0007334213955771584,-0.006607152227577092,-0.009208864007342724,0.010250678316285922,0.001505929895708562,0.00023856902444548077,0.0004689250063779403,0.0005426455039188999,4.647671383951332e-05,0.007424225704104369
2023-12-11,-0.0114904264642092,-0.007489695233804136,-0.01747319944602488,-0.017094457786267406,-0.0048377030261245926,-0.009070046089289472,-0.009045994913035975,-0.007220988352227056,-0.01876341491828742,-0.01762145366927491,-0.009204686650626818,-0.015875325994737267,-0.001693408559879997,-0.007743911062172257,-0.004957548800145463,0.0009216461729705714,0.001783794921365874,-0.002499716470222234,-0.0064462356066850275,-0.0014651877020541533,-0.00012217997897274053,-5.854583836015739e-05,-0.0001281548636202737,-0.00013146752706604434,-0.006229640322891618
2023-12-12,0.004005400608176487,0.0041045264665827445,0.010421538924520156,0.004626571509109506,0.009748698673200003,0.012095287584499929,0.00495830177051352,0.003123689128669962,-0.004170113182672135,0.01438869894417851,-0.005930769112316731,0.006244653478645446,0.0018699140255683572,0.008273058343327595,-0.004310071255879665,0.001962543530398987,-0.006679469244408129,-0.010250231718693392,0.005691477031226847,0.0027653895213543703,0.00020169154814383934,0.00033244954278696453,0.00035825872856993715,-9.397945272760703e-05,0.006154556781344218
2023-12-13,-0.004602459109549107,-0.007519928898052909,-0.0014499026621595363,-0.016784872761607682,-0.010262019073052171,-0.005082083781263128,-0.007875938737014582,-0.005031400416258866,0.002715420675172466,-0.008354170460977195,0.004312077208325247,-0.0026689602447096507,0.0005128802662368524,-0.0031303359114360375,0.0012998002728036835,-0.0029249306710140257,-0.010208112396078887,0.0008153253555196905,-0.006588042615996743,-0.026948416976056714,-1.1891802154734968e-06,-0.00014145315183761582,-5.086934914999972e-05,0.00014105768007823658,-0.009824390653070815
2023-12-14,-0.03541517511129818,-0.04721627257551312,-0.043357578144277244,-0.03665309861891127,-0.04617745053706357,-0.01568456887144521,-0.04311542162034007,-0.044732762154917935,-0.05214246750527049,-0.03371967902993627,-0.009624092630974673,-0.015803534455213986,-0.0010862572704981234,-0.021936463535384237,-0.0015503817829410158,0.0352454600358172,0.03307799878053713,0.02506975007585504,-0.008051092365032453,-0.005363411158669459,-0.0005687955375575287,-0.0006174582999823514,-0.000806694102228951,-0.0012628957536327432,-0.003096814946755747
2023-12-15,0.0035932671034445826,-1.3291183457960105e-05,0.0028397236119630867,0.0001407798872451434,-0.0067656223275650625,-0.004132448560206076,0.007044140741983818,-0.007044621676458262,-0.011934777034845915,0.002605896135584194,0.0036469076619243057,-0.00914598802142249,0.0017177604165808072,-0.0026174174406692467,-0.005431254997363033,0.00475563661593622,-0.006143645241262196,0.005040183155245003,-0.006527276944167967,0.023665815160352717,-0.00038345393789357695,-0.0005064144127093294,-0.000468583562151745,-0.0007284389475220599,-0.004935124470364275
2023-12-18,0.012583151721966038,0.00740174376755774,0.008066485480715967,0.010547887431210637,0.0005137574010043201,0.008121756840098606,0.00849936385063615,0.0077663005312921495,0.0016793451331025434,0.01349845906886067,0.005472955937654763,0.016985462280700074,0.0020173858118390678,0.004906056415967091,0.002836746946462757,0.005309473308872501,0.008311237052909683,0.025828972416484686,0.008261303642107714,0.016712245699706176,-0.0001244174374613009,-0.00024248322752574373,1.3670175682537484e-05,-0.00024520075022119365,0.0007934721655847886
2023-12-19,0.0046034236882704855,-0.002134585713081439,0.004505920759102866,0.00280619624288142,0.010477782149999358,0.004526730493508931,0.009963849007552032,0.004792418552930432,0.003981045262183996,0.02496785298834496,0.002669232116725966,0.00425753413746308,0.001704872621391604,0.015206225121107897,-0.0009015813867991454,-0.017477763734064098,-0.013660345510325606,-0.019933510052419282,-0.002364604113960723,-0.0002666537623625745,0.00022603064993893498,0.0003896963024525962,0.00013822544454665883,0.0005088464841438683,0.004191604914981947
2023-12-20,0.016495934189453502,0.006136213783639623,0.00882101514026788,0.0008206754691700352,0.016757642988414527,0.004120493612709816,0.00013250090438632258,0.006399027019151679,0.012558530965792996,0.013005774371011929,0.0013051025282439566,0.013079888361723097,-0.0008524007554559744,0.006837507204952092,0.004424538150158262,0.006264372313192678,0.005231572699942369,0.0026483833228471247,0.012990496953189174,0.02326849812275575,0.00023768946030441898,0.0002677097339089918,0.0007884042563923888,0.0010490136361942363,-0.0036333168073645825
2023-12-21,-0.0016207415881243946,0.004175222171444793,-0.004513746216261752,-0.002003068659066491,-0.010482947398842712,-0.008239546306249393,0.00501438693707724,0.005032944800593448,0.0009098208447879969,-0.001289568123905736,-0.006249261317201783,-0.004314319837446901,-0.0017442753956540516,-0.005044209370028946,0.0003789517185448217,0.004257209331975232,0.0008108389614470829,0.00753814529197909,0.004271339479858097,-0.005578860107888732,-9.875565430885249e-05,0.00010866827835197391,-4.5830012160959644e-05,-0.00020573075691166832,-0.005560547773859111
2023-12-22,-0.0028108596834205005,0.01195397661444136,-0.003304669055331554,-0.010560413535529467,-0.016203355651082985,-0.01836375044182902,0.002310955067514048,0.007487874840206837,0.018423139427569145,-0.009359861400017773,-0.0034685306317728515,-0.003310811904166407,-0.004570288194430788,-0.0006576123326964278,-0.0029454978710709238,-0.00047977314298398334,-0.0030358108727854658,-0.0004292283623052425,0.0008270201096788859,0.0361622853268388,0.00040886482884338194,0.0005909950028393559,0.0009430960582280784,0.0010594159611805297,-0.005406171920776285
2023-12-25,0.01301360338100507,0.004084094960800873,0.019303264350892836,0.00841553969546357,0.0169198186325938,-0.0037724450228805856,0.013188959368063819,0.008205352162870832,0.020451683394883426,0.012439099329399147,0.005871134321880374,0.000884956647182464,0.0035409121347716064,0.008298204327473642,-8.113567189122796e-05,-0.007563066949595793,-0.012029480581112547,-0.017124289752609503,-0.0017507311807047885,0.030656632093418866,2.044230651646918e-05,-0.0006538723419047489,-0.00020563918068474684,-4.733214940459628e-05,0.003515179541882305
2023-12-26,0.0025975036044904205,0.0050061613195105485,0.004311245864748503,0.0027096406916376266,0.014774751070264878,0.0010694917492054118,0.00042455588880759357,0.011270438438559932,-0.007500205446113713,-0.001456691002248762,-0.0005036650943340925,0.006296498725976812,-0.0014381093789143033,-0.0057726108911561975,-0.0018019745494321868,0.014805621428447545,0.022669467218398232,0.027314436906647588,-0.0004607934625301593,-0.017153145997049504,-0.000150253562474817,0.00018966559608331595,-0.0001273178585102254,-0.00021013595165621923,0.002673074613577863
2023-12-27,-0.02042977986814513,-0.016244743068311134,-0.019894343228657987,-0.015960155529127898,-0.027033070551692674,-0.022175908254565745,-0.022274441419222427,-0.011153470568672445,-0.014061284582830857,-0.016692048771760427,-0.009298300015050071,-0.005930678637969904,-0.0020181287293743787,-0.01205030568754811,-0.00991220925145067,0.009635442957454473,-0.0018520610468808485,-0.002167549595753375,-0.00791366471063362,-0.00598225622552793,2.6968699169659533e-05,3.0621841865100036e-05,0.00011880427388425658,-0.00023537959552633685,0.0019001417819188352
2023-12-28,0.009082363543137944,0.011105724153186763,0.014582826573431759,0.006729868707006177,0.017044753516287647,-0.0014821261968833684,0.0039486921926532624,-0.0016064700098575952,-0.014595999599553017,0.00241155358459601,0.00421262720874549,-0.0034273042197571395,-0.004506847852495616,-0.001986533558991526,-0.0011728070658152982,0.004224873631679988,0.002611301925939027,0.004672586130958703,0.0033546657940431938,-0.014896813358310487,0.00036934787751940324,0.00044611094032706507,0.00045424601081173654,0.00046684490939587117,0.005266608288004998
2023-12-29,0.018913881126424066,0.020967528559025412,0.02336438424467753,0.018352233584152906,0.023274874326375053,0.010500963286883384,0.008056866400216882,0.02214911922817532,0.025836387520229306,0.013630916828213116,0.012231798848612783,0.00835511638155844,0.004674779336279385,0.0113323154450652,-0.0043146425698404245,-0.006739879809888179,-0.00760082042250943,-0.004249841879348742,0.000610917236057973,0.01683372999243283,-0.00022126945335495922,-0.00047683163227182755,9.184792923491242e-06,-0.0002728351975019029,0.006587742506272489
2024-01-01,-0.01000548765629038,0.0015096304027278184,-0.01243146067037411,-0.002114560333527112,-0.005081685670665295,-0.007186376364633419,-0.007497218485084265,-0.004410814497963896,0.001517108388303877,-0.003956834479095901,-0.009310012270991642,-0.0042897764309645404,0.0008741202612973539,-0.0047240660291001085,-0.0012281825342265165,0.006402486075221429,0.004397386473747894,0.0102161073327314,0.0005963120862517099,-0.009102094121803742,0.00031344321113310677,0.00033089401877509187,-9.722761588976239e-05,-2.441024182450643e-05,0.0032350353203939508
2024-01-02,-0.002995558576673663,0.013938549370608854,0.0007987158150988029,0.002641024199479535,-0.0014982022252195823,0.005163963729827985,0.001347954605923663,0.014023533631169722,0.020267605332780866,-0.015630727780595384,-0.0019537569384634715,0.0016106816957768694,0.002588679046051055,-0.0023232007282599706,0.005848695313860348,0.0067571706407192,-0.003453498992578575,0.0034933081242346556,-0.0013940971749754336,-0.0030885451622790668,-0.0005573735036466666,-0.00045988533486656416,-0.0002911122209934176,-0.0006384069423295537,0.003722492051334985
2024-01-03,-0.006353358237901936,-0.00040034543248168705,-0.01502751530051498,-0.008661268313257541,-0.014036716854314759,-0.008500218042818853,5.159427389135e-05,0.0016183786918072167,0.0044155852883545794,-0.005231328211053416,-0.006159314944445833,-0.008965997828942163,-0.006181343093200353,-0.005077832501277923,-0.006829954037677077,-0.006784173881099086,-0.007057490893103096,-0.01725528997428031,-0.002369258468525493,0.0022942328837129516,0.00019650672953767278,0.00026195385432934586,0.000356862618846014,0.0006669995481593256,-0.00443696877878909
2024-01-04,-0.015755260478415835,-0.00884273124047271,-0.018198369167259556,-0.005503365972800408,-0.008812871014101461,-0.004777581487667384,-0.0021760752919418066,-0.008804396783670454,0.00983156549622384,-0.01798022960767605,-0.011304937603431205,-0.015651368149374262,0.0047621790846010485,-0.008708904812964725,0.003760177127274947,0.008387119808915502,0.004464709581795432,0.007782535679921442,-0.00817007614240644,-0.005791791458091031,-0.0004518327601460273,-0.0007198709212827986,-0.0007192511878179379,-0.0009352105426433614,0.0060337619303154994
2024-01-05,0.002298460988884513,-0.0098510167201768,0.006030652624961559,-0.0016391913766684693,0.0006389568263825637,0.002084497099092397,-0.014100481193165777,-0.006720403775599751,-0.014808366398175933,-0.009053691811020122,0.0015546354821010075,-0.00259683506718813,0.0007001231257896108,0.002560237420527332,0.001883142571493183,0.017031910858301656,0.009364826334447542,0.01339819623490852,0.003036150336262011,-0.013800682231172794,0.00012394419396510983,0.00023196510823471434,-0.00010521781676234166,-8.12585921445865e-06,3.611103476124081e-05
2024-01-08,0.005294510666949741,-0.01414489402982877,0.0023559489525870666,-0.0034092035013598364,-0.013712334128979407,-0.0036907470874460216,0.004738725081310079,-0.008843455956433464,-0.0020316380534349966,0.01240296614119781,0.0007723833452771151,0.004795941012762165,-0.0037839521877910485,0.0018225136499598975,-0.0013342106823001803,-0.003274711835303819,-0.001587780077492649,-0.0016257998938471276,0.008878882883079498,0.003078866222609084,0.00048152209157440595,0.000373117276222997,0.0007183003436064489,0.00025919353112821916,-0.001808498223278324
2024-01-09,0.0015866128151202138,0.0028075134390651473,0.0037836484896192793,0.004707363213803483,0.010911700691219174,-0.0011937940796994605,-0.0021114471988959247,0.0029945972923467825,0.00243059346907445,0.0037472453879220952,-0.0013348416019244775,0.01575589983755752,-0.004570975616019291,0.0036022577454290577,0.003091077666908722,0.0013701400281047914,0.0027692944938898993,-0.005050047302168172,0.009719386997534107,0.02482271992550185,0.0005810086317239822,0.0007833473334693657,0.0008676748840255025,0.0009292949909662276,0.010141168634790273
2024-01-10,-0.008721253396937355,-0.016287504098963665,-0.009558129128517435,-0.008125710803414335,-0.01102189377876346,-0.006039364288956097,-0.011951362005766946,-0.021855002657805774,-0.04137043510452965,-0.001480206752841249,-0.009715576535264375,-0.01622957770535016,-0.0007469287092504893,-0.00498821306161831,0.00048467321375204566,-0.006363601778477105,-0.016619523433461354,-0.015470976668902257,-0.002529256495596486,-0.014008359555558184,9.552742863896362e-05,1.325502498134335e-06,9.773038511406236e-05,9.556557437546306e-05,0.0016466159755839666
2024-01-11,-0.008321640859268686,-0.013339851018466728,-0.009897195581770733,-0.013708729328604457,-0.0314561926540267,-0.0030176424827865773,-0.010497774727897232,-0.007927719079273783,-0.027639954653166487,-0.010024236327998494,-0.008526623861745257,-0.00205753991714639,-0.0016061052629328968,-0.0058502938986057865,-0.00045593231883550263,-0.004107529645367787,-0.010355745654138278,-0.0009295220941955198,-0.0017693207685680998,0.0020756733808256576,-2.901371350369314e-05,-0.00018486182573830329,-0.0002130669225705995,-0.0003400590449897597,-0.005248500487886455
2024-01-12,0.006361366686094705,0.012350196733204807,0.008157363008429945,0.012867265233074458,0.013340700487207978,0.016186932008102603,0.010058010917800517,0.003933872237872629,0.027202292679652573,-0.0004910427656478322,0.0006126557572831376,-0.0117231722777041,0.0011531526885566682,0.001169557140540282,0.006099446465397197,0.0034346233194771994,0.008409503244172839,0.01438696210249604,0.004485256425554479,-0.029104179116145913,9.829744426263266e-05,3.646893693259376e-05,8.010878306576912e-06,4.069490051363975e-05,0.0033031556934964316
2024-01-15,0.025955508412502333,0.024270255186895212,0.04769145411261981,-0.0016096053724554533,-0.01116901934253282,0.016988799321181143,0.015030813123787384,0.012540270556611543,0.02044409878918259,0.03317981489266545,0.015023944098286056,0.024209652415793644,0.013078264767838146,0.020887194423517063,-0.0041660352767212356,-0.015654792687078575,-0.008087027984955048,-0.0032309984419605147,-0.012727882448133368,0.037182152160248526,-0.0015778139893255947,-0.002082982285432577,-0.0024858170016496596,-0.0027116800341400217,-0.01983139301261651
2024-01-16,-0.01625621542944007,-0.014295988367253881,-0.013774323313152545,-0.010037394590213251,-0.015018296483539141,-0.010500548789947606,-0.007225685858385296,-0.02229145273949755,-0.01668203051065878,0.005220158059915361,-0.0021753265125345083,-0.01063482685837833,-0.005671352733317371,-0.004661640381674579,-0.001862733119123574,0.001108119465381714,-0.009857535974700925,-0.007200113833326016,9.759285128935202e-05,0.0015515577091175258,0.0007168241423648259,0.00044037850796797015,0.0005127181318317714,0.0005555700295501408,-0.0038819422989462473
2024-01-17,0.006421009706809564,-0.003422107357504384,0.00962386897583389,0.008107671982590978,0.015780007110192434,0.018091594949920208,0.0019719389546708557,-0.0011701146874704559,-0.0110601198114803,0.00014163556360662077,0.007864097136997476,0.0121005822439942,-0.0007890720044234932,0.006372743162506007,0.0017442788685588418,-0.016110503438537344,-0.020846480519596804,-0.01687659634906413,-0.00046873136093368096,0.006221914175551513,0.00017413820413112282,4.954728751642982e-06,0.00017082387740785954,-0.00010158339254762253,0.004590326163543605
2024-01-18,0.0012300151765602394,-0.001194203024549225,-0.0017692341822138054,-0.0043663207832544855,-0.017144303893980764,-0.005008892048890664,0.0038917841491306715,0.014476832126510982,3.3501253705130705e-05,0.0020495204727131173,0.0002816486622749851,0.0007496276812408286,0.0008016582117393828,-0.0008845421476128763,5.245557312307653e-05,-0.006381807203921755,0.00035723550661538226,0.0060743505283245465,0.003824415084855118,0.020746414743206584,3.6580938902362906e-05,-4.8818090563714804e-05,-0.00015329350491824527,-0.0001493088311564611,-0.010649355793814033
2024-01-19,0.0005382878829431891,0.009473389038394491,-0.00022074298077851082,0.00029788632025144085,-0.008777860288805447,-0.008412726003134096,0.008667822961931602,0.012969328988834739,0.012508502219938461,-0.0002967121453507412,-0.00021874760330612612,0.0094187472834791,-0.0012693576411689973,0.002092776840342916,-0.0038911184997841635,0.0003484299395157503,-0.005938245455131534,-0.002408890188672773,0.0011400053929239368,0.018823233471313948,-0.00019095201165084274,-0.00013302851978326527,-0.00010030932551042911,-0.000330222290224045,-0.0014884696989562818
2024-01-22,-0.009962592251264722,-0.01199728495631699,0.0001351473442764363,-0.008449794986728355,-0.006209887392384902,-0.0047872706159804,-0.016830213981656378,-0.013430030309677501,-0.013704648785953344,-0.006514243628276649,-0.017946551398975025,0.013643398164871846,-0.0025284026125898603,-0.0074072822639028695,-0.006643474146852957,-0.00146528770742651,-0.005961466595230568,-0.00672258122511321,0.0017123351570699748,0.028596644594438333,0.00020354202344031222,8.369767784207213e-05,0.00013644322773216012,-0.0001543351005654493,0.0053189580946511215
2024-01-23,-0.00559310183345884,-0.006297817501468962,-0.012429503216008969,-0.008804873498227827,-0.007831568439237588,-0.004454603288130462,-0.009442031598149622,-0.003929811646383816,-0.01547473049914528,-0.0036674383151800425,-0.0034726489335983293,-0.004304429438716213,-0.0012234097772475987,0.0009052680193080049,0.001607719142567789,-0.006401588147839731,-0.005609438925759,-0.003141449633145721,0.006879570701910686,-0.0047864631509250185,0.00045802455703789115,0.000603807075520971,0.0005218896860458546,0.000878690572813929,0.0023342010589134238
2024-01-24,0.004971954252297569,0.0008419819063022933,0.002367599318914209,0.0007246415495027496,0.01474925262171105,0.0015544797297218271,0.007684647876548216,-0.001652716907958729,0.006885033867986761,0.008489614148354111,-0.001784733788471791,0.005258027726100713,-0.008540638542287357,-0.0059408907812069705,-0.0018142762258506564,0.0014024786787824473,0.022154851293352557,0.014423292294476697,0.001507403491192571,0.014394734807560147,0.00048288225741226063,0.00040353917575690915,0.000543688320580136,0.000634112352623527,0.0011006869529433063
2024-01-25,-0.01235639484496696,-0.013943186768801736,-0.009924821025987681,-0.002195334153518953,-0.004867611735262975,-0.007857698119920879,-0.009783585124886997,-0.014266355459373048,-0.005118604898227613,-0.011576304691861598,-5.576654124849877e-05,-0.006750898769356759,0.00016953195287720802,-0.008195090075972428,-0.002754488555644512,0.004675881228693457,0.023666775138751567,0.009989264448026027,-0.0023524624115543943,0.014899710806866558,-0.0001706749952569206,-0.0004268874930573593,-0.0002730424063631388,-7.745051051948526e-05,0.0028024088504872095
2024-01-26,0.017350324250923366,0.013228289907729186,0.009227060184763743,0.0009384764974353327,0.00490855926186666,0.0008070952809834282,0.008244997425431767,0.008781830653610942,0.0030640452737600975,0.01571829906867303,0.0022108626580956774,0.005770820381065801,0.007228594365961347,0.01589320341708416,0.005303227654478287,-0.0066201760525229645,-0.002029431717349627,-0.0005299551599591114,0.0007431495764799239,0.0053946729094530195,-9.600233111485969e-05,-0.00010947418001121781,-0.0002281361895226541,-4.187590776227044e-05,-0.006479560950072087
2024-01-29,0.008653635122505124,0.006541487896713716,0.021572816702290956,0.01429763608976641,0.014489302016197969,0.014664782689317273,0.004320583024054451,0.017416203699473304,4.319357349146305e-05,0.007061683510695431,0.006326883019927098,0.004955886222571044,-0.0007472321867801952,0.012845389172511542,0.0013165860362935647,-0.0005369240990699255,-0.0025449639717206127,-0.0005847442184915251,0.004216687244600004,-0.01724073587143635,-6.787360807893474e-05,4.0322919129743755e-05,0.0003312360703477661,5.090148806365451e-05,0.0023747574614883223
2024-01-30,0.010792777147997566,0.01467253601160631,0.00048445080517581837,0.007791710471562467,0.0037386749139518474,0.009841488550080546,0.004185766526152523,0.009113519148287752,0.008956030076741017,0.006959658174102747,0.0009749767644556262,0.008965517647702781,-0.00038342000911227163,0.005059590223273664,0.0007635979030621104,-0.01158435213718429,-0.00441490047321741,0.006990837290804554,0.008206211560145771,0.009170859567936255,0.00034627602159662945,0.0002496282641434529,0.0007284034985979153,0.0009497863144792816,-0.0019446278269511755
2024-01-31,0.009742919032451298,0.0017501817158862994,-0.0011937536974194292,-0.01061921429574482,-0.008717268369082046,0.01605240130138675,0.003227239410644454,-9.657786913581934e-05,-0.0007645874555871068,0.004653656338113052,0.0020511460442210914,0.0009770126105154132,0.0002270252244066565,-0.0008360113019423741,0.010816597460302259,-0.008282635309769021,-0.013610598465404017,0.0003814883585995209,0.013621527448291261,0.006660973611677175,-0.00011506157927870687,-0.00023173409344608013,-0.0002257928919014269,-0.0004903972463419685,-0.011964436685925454
2024-02-01,-0.013047250752659958,-0.0030586178293307243,-0.016402743709749566,0.0019462051283323355,-0.012655021209777838,-0.0002504033800796966,-0.009003031259477422,-0.014260952259499244,0.004113811909544456,0.0021454624655379406,-0.006197901124369916,-0.006040458401829326,-0.0033790901018033864,-0.006055946816397027,-0.0058423226912648445,0.0035445949045489152,-0.007396206356475865,-0.001794401091120993,-0.002434831957503607,0.0007914483109343841,-0.00012439230684444793,-0.00023256475358236181,-0.00021620171048360702,0.00013512736385557324,-0.00030941085296077144
2024-02-02,-0.008703397505608548,-0.009721647153972009,-0.007133149474283104,-0.011328024038163964,-0.009099194095259514,-0.003102858589852117,-0.011970761893797834,-0.007089778068697785,-0.004768725556767927,0.0021264668088096846,-0.006285312337588625,-0.022698573782719875,0.00031033657190404607,-0.005686830654277157,0.008449943993355311,0.023952414063728344,0.01711921299751933,0.017288694482193608,0.00016778557706991415,-0.016596665438965697,0.0002797895726567041,0.0004000006722804573,0.0004030448673076484,0.0003020885443887425,0.014192399951127033
2024-02-05,-0.006740489371416391,-0.007794060922243176,-0.008636472018329403,-0.003917741672347422,-0.011206220516633914,-0.0033425952143632124,-0.003533980811410571,-0.0029964493107751226,-0.005731318891132651,-0.002547043502310993,-0.006089041094354201,0.004434769305511064,-0.0020887265710678657,-0.004694092661359532,-0.0027397418490640235,-0.0038151860876613503,0.021617599941787337,0.01014026591500834,0.01120063263173128,0.007264279851059544,0.00022307535309381638,0.00014392139107296945,7.723588398625281e-05,0.0002221424663696472,0.0006570090853836607
2024-02-06,0.0037629018756566135,0.0019824325150729844,2.6365933375038916e-05,0.007340137079487562,0.001981066368729898,-0.00033803104224895843,0.008692677047405664,0.007436116307756823,0.012624314722645191,-0.007946082303817924,-0.0041745850028682896,-0.006586456666638208,-0.002587271599899698,-0.004161459550553866,0.0002538250237158542,-0.008349320748698617,-0.0025913442708007457,0.0016522584963093705,-0.00608844191256085,0.005204835217313181,-2.13070713720315e-05,-0.00017993482383721012,-0.0006367087414234326,-0.000248745404615076,0.0030373174807305607
2024-02-07,0.005913219147293846,0.006193207603010506,0.009874122033081151,-0.0019494552693860151,0.0016299036363912663,0.001639319322425965,0.007284778032076141,0.0016951760074247488,0.018550068066204364,0.0031433943031625865,-0.010395869442593453,0.003933413356708029,0.005349041268588982,0.008135928395551882,0.0036033702136331635,0.002128231072084625,0.009015904525712526,-0.0005904543747291965,0.002609096982945089,-0.0018485363575397006,-0.00021738653290712053,-0.00026613054483578033,-0.00014992067876135767,-0.00025134244617091347,-0.005452533239147164
2024-02-08,-0.012339103240345742,-0.006350726558535905,-0.018394223436108657,0.0029310213947516513,-0.0006654245033926778,-0.010835366730620433,0.006288643048890715,-0.009164183664615608,0.01437442229909073,-0.014231279186936242,-0.006479526871373355,-0.01717779532338479,-0.00039893782943133734,-0.005241991389941677,0.00488126285781865,0.014380858486743163,0.0060960043117957215,0.006823993928786561,0.0022276634298832544,0.010972490986860806,-1.9997692792531058e-05,-0.00023179685337790584,-0.0003853413052124078,-9.161099723556854e-05,0.003150095006604142
2024-02-09,-0.019169268359958556,-0.017685143830931883,-0.029941070882718402,-0.024509547767658905,-0.032593619085048105,-0.010704373011347447,-0.005880943423876869,-0.015938518846158222,-0.02428756683083194,-0.023007504793945602,-0.0064243333180988085,-0.021771489313963055,-0.007113523966306335,-0.01697278494594921,-0.00857956692144521,-0.003818041675480907,-0.00985582236505952,-0.015144045396724004,-0.016258691599579912,-0.011263004103070968,-0.00018300695560103297,0.0002778556752814755,3.6122283340249894e-05,9.323240829662327e-05,-0.0007742237485354317
2024-02-12,0.00293587764239711,0.004657551597037932,0.00366733797403761,0.006617494227762955,0.01424015423230899,0.0018108091290493433,0.011597302232972184,-0.004576860702939859,0.00752829985482825,0.01058040807265902,-0.0007549069396220361,-0.0037223104775679855,3.56907807422353e-05,-0.004273902119653334,0.0004305885323064463,0.0050862594371584875,-0.001464317580194897,0.000793450456010268,-0.005228885359691257,-0.01583451830110728,0.0001679147338093816,0.00011964717557626926,-0.00018547686984085284,-7.78768737647863e-05,1.3614209527099483e-06
2024-02-13,-0.01056674008751756,-0.011745267464294367,-0.008691157413544917,-0.0043756863639083324,-0.0038532038161138023,0.002317490867507985,-0.011972620554912512,-0.002559612018302222,-0.004545241156305429,-0.01042100796109301,-0.004511070804505958,-0.010956445821132886,-0.0054500898451328135,-0.003998353638484346,0.004054107832478103,-0.002322463669361628,0.005818094530882969,-0.0025160753783962275,-0.0016711919918440355,-0.01621882056747511,-7.199755274575286e-06,-0.00021337563948408084,-0.0003219142634169845,5.863474572705721e-05,0.0013005828734171602
2024-02-14,-0.005829943576314846,-0.009428692395277721,-0.0018826229356608635,-0.0057221299179971465,-0.0011121855132292355,-0.005065868662776295,-0.011534351918426439,-0.015583753203096004,-0.009707641460779676,0.0007807090403616429,0.00030876325665262785,-0.014151992614647007,0.0009038130713694018,-0.0031412902077955643,0.004292426453246308,-0.006587151951981346,-0.007228270508754093,0.007771308409197258,0.0015185966344453707,-0.014009051510154556,-0.0001243219240749267,-0.00018541437807732648,-1.446065055347583e-06,-0.00010546936609209944,0.005733000314202334
2024-02-15,-0.0015112133339515803,0.007587380157392131,-0.00688893277957746,-0.012208710284916057,-0.01029765420922408,-0.00023013570948066673,0.005784124057586231,0.009143631049105526,0.029897399256301794,0.000711994763876434,0.00042416807381163643,0.0005480372098332379,0.00420235206907143,0.004672358863714997,0.004844357752062848,0.01360880808563489,0.021547031763475166,0.016703583256334815,0.0034558360673366453,-0.0013686095492738172,0.00014134107337521575,0.0003837984820052609,0.0004803265333793862,0.000515544479415572,-0.0004128677107070546
2024-02-16,-0.0035780788110143643,-0.007477523698367169,-0.009805457830134534,-0.006639519939854412,-0.015808556829644577,0.0015214459560889866,-0.010750869687356057,-0.0054777771641931865,-0.002662080042806933,-0.011038210184400429,-0.0025996126846408907,-0.008148943886225795,0.00216897681740776,0.002319672763363825,0.002642061054427127,0.012694147756462033,0.0018485705394748464,-0.007246378026886859,-0.0067722670444890255,-0.00576665701201399,-0.00018422594685247757,-0.00036503998528851164,-3.892630492599019e-05,-0.0002827471161003248,-0.0014344022222718873
2024-02-19,-0.0012813268556879486,0.0010971998618901709,0.007867093681933762,-0.008856083243928125,-0.008192969196543573,-0.008444869108670875,0.01437472791927235,0.00926262742309538,0.01614338797093418,-0.015640073239371863,-0.006892204864742036,-0.01674013067820056,-0.005337013297074374,-0.00924550666624974,-0.007077547786937729,0.007629008788334619,0.01431437132612377,-0.00365842140219494,-0.008161146191733729,-0.018715475781777416,-0.0003260784112084374,-0.0004342333441522156,-0.000545105082252864,-0.0004995797284367944,-0.0022705593745719708
2024-02-20,0.014793833448506082,0.02147358262340851,0.011099312119911407,0.014259285036120997,0.013276985514921513,0.010472096647667732,0.015019659435916438,0.017353870861990528,0.044591745219801554,0.011600336467846976,0.0009230425044157433,0.021268390290150246,0.002131826573789457,0.009166793951747361,0.00655684085466963,0.00945642189056857,0.005107361586076498,0.018951791197076823,0.008976259116629297,0.012473717494706589,0.00020254984819960853,5.142428471804179e-05,0.0004226933891360818,9.062590023000065e-06,0.00650071854987619
2024-02-21,-0.002608133090248663,-0.009958007309003807,-0.018787057129193582,-0.018684080757531966,-0.0140583710326602,-0.009014962367736516,0.0013652494042753717,-9.079654137780823e-05,0.019824831927954714,-0.008547434068854434,-0.003501824259160362,0.002207062867132484,0.004518831867683625,-0.007317589525790449,0.002802229086971109,0.0040083118140242235,0.004265803610042407,0.0005559793994215292,-0.00843730849302153,-0.0031503703810947673,-0.0005370705597012974,-0.0005690509355382335,-0.0005071845185925397,-0.0008738568455920493,0.0016097226489473902
2024-02-22,-0.01700917932810743,-0.007564093204002126,-0.01448870018496726,-0.007985796453290207,-0.00462505058488693,-0.011503486210264823,-0.005752752126200585,-0.002337141481648774,-0.0002564859294709749,-0.02478348732214302,-0.009202802424455293,-0.0026205518365591957,-0.0034924434911183314,-0.00952832980427385,-0.0020529167409149827,-0.0032694442365967047,0.00034814160416774854,-0.0021905337894075824,0.013160804464741875,0.019991841933632612,6.428928310540436e-05,0.00021729338547711808,0.0002285068193075451,0.0003566000723737986,-0.0007703326084819355
2024-02-23,0.007998302910692503,0.011597798893009333,0.006039079981713459,0.0018655914346966083,0.010310417999086476,0.0034457599215864327,0.009771933438747821,0.00031170129140460027,0.025515973968835974,0.012768635191458017,0.003279705425724206,-0.004458499391255108,0.0027417327941205273,0.0020701115485877346,0.0022505321714229917,-0.0026917696836725362,0.012137240386272164,-0.0016376183396458405,-0.0004897294489363676,-0.013516464549618128,-6.194471732798357e-05,4.553163179083042e-05,3.985718312050065e-05,0.00014209868914160105,0.009284644240451355
2024-02-26,0.0021990225971469444,0.014401899105643998,-0.0035734091349457395,0.005974934183535938,0.003689828369087205,0.0037944753842418222,0.01058387693095563,0.004939307119174325,0.013052498286599856,-0.0037456281251403486,-0.0019150728532101647,0.008977782882088232,0.004801529344999905,0.0001121441558386045,0.0019569421106413014,0.01000033625320413,0.029144148796188214,0.007284596286596683,0.0036004534438638836,0.005574836389193162,-0.00040529191107373187,-0.0005945428274740466,-0.0006592919149280478,-0.0007147023635593606,0.0042438668834955656
2024-02-27,0.027062039655636947,0.04225593660961972,0.012612548913494469,0.03996208639361759,0.04896075686731776,0.0032936422269672664,0.047503141864399884,0.03211688767667909,0.07149700127151694,0.004462298446046672,0.00421809544596077,0.003581295434580083,-0.0006893527124839549,-0.0057416478802576505,-0.009374989623699889,0.03969651704863663,0.045344753493203896,0.04167063715838236,0.0034577684655769827,0.019253424240809693,-0.0007188283917660905,-0.000827689058660882,-0.0007672565708833625,-0.000860669742748047,0.010529876992227537
2024-02-28,0.005811533847656987,0.010242771708140398,0.022050660223044402,-0.0005399524289383451,0.003316899840482465,0.00363600717071114,0.02282106339575797,0.01780169362541203,0.027665021767575577,0.008178702758536499,0.0037031008451136244,-0.0007845381860733162,-0.001480442475163122,0.0077299211593347865,-0.003964637968318882,0.00354410881413768,0.01776918627036643,0.0019111666193624972,-0.01571849747274311,0.004768407387442431,-0.0004191501278082325,-0.00034323787990958663,-0.00031911429023511937,-0.0003370826120870618,0.004085842439816608
2024-02-29,0.019151925098048535,0.016826563764193166,0.010930813070798507,0.01079697830892711,0.0002895571034036114,0.013854423016291636,0.005313306924026781,0.011870537605866142,0.001465923019004587,0.01320962914306106,0.01121578619408003,0.00991153305998286,-0.0003426685780455925,0.005902388167712956,-0.003137131857462889,0.0007866477760886416,0.015084939199229798,0.01488446058943398,-0.002004725730501031,0.001115660318890709,0.00024321315884289163,0.00026857087436921016,8.425911938194635e-05,0.0004535977782643212,-0.008911521969754956
2024-03-01,-0.002671554366575791,0.0019499507794608951,-0.01179261948519959,-0.01218072702890496,-0.013638494416122061,-0.00310808921733533,4.163395913565687e-05,-0.0052847769302070404,-0.008614080459642036,-0.006273165137175664,-0.005898286282832373,-0.008645525628310414,-0.00010036309021710117,-0.005502017480197229,0.0020623807878245195,0.0034847224053087605,-0.0033880147768543672,-0.013364027638820558,-0.004712940749131589,-0.03563613788064725,0.00017247609053812208,0.000171610267409574,-4.156616953693222e-05,-0.000230834496835833,-0.004745089407580655
2024-03-04,0.0004120709371976353,0.0014452562217083962,-0.004057792525651865,0.0007452364519632982,0.00572977566782769,-0.0017813889818264956,0.007445223094945811,-0.00824714239043682,-0.008187649056135334,-0.002454047537034618,0.004087336147844372,0.006995238395003414,-0.0028377963938327933,-0.0022049646843649664,-0.005289961560049721,0.0018864088319545365,-0.006060752241924974,0.015264793111755314,-0.005357627752055501,0.009188755406261843,0.0004216667774965429,0.00024550751193306056,0.0005109659359324324,0.000698923034602489,-0.0009555120285528239
2024-03-05,0.011574609883763147,0.01133018676371539,0.007083310744557382,0.007380432376573396,0.0014494219456540024,0.005154686008319555,0.009000218510919122,-0.0015849600127934614,0.010439119708862282,0.007146042028571833,0.0004696736604029297,0.009632136715388673,-0.0005007519564030847,0.00765979184985351,0.0027258527141231894,0.00824291322587501,0.006443840444967557,-0.0035705558788757747,0.009241301227182603,0.006512131887033596,2.8486440586485777e-05,-8.488023904390235e-05,9.860489588542815e-05,0.0003172919748692976,0.009278542309956415
2024-03-06,0.010654553532362231,0.00845587683478987,-0.008281404669392887,-0.0008720209493574779,-0.007232771470929068,0.005766942464513882,-0.003034445870530422,-0.0009121787626499961,-0.0032256724157076764,0.00592276593376578,-0.00038484107938116865,-0.006892665767980902,7.657236457866316e-05,0.0020247298043716234,-0.00017235545863883097,-0.0073539657966383565,-0.017979776677047324,0.0024613384029080554,-0.007613156218942938,-0.017906542207804528,-0.0003836362050726696,-0.00043510832618872904,-0.00042552032864029356,-0.00035717128298940295,-0.003003350836394681
2024-03-07,0.013128545509337928,0.010044999750385582,0.03357289306817041,0.0008424201393962098,0.010548782253815323,0.010602867134948103,0.003505891683778106,0.009761334718222442,0.019318976920862273,0.01259859197059692,0.010154742518835774,0.004453117107202618,0.0009028753687118957,0.010871747228760997,0.004358031318735038,0.0037496741738256237,0.013959397443301583,-0.0023191740553157314,0.015307040314539272,0.0378913311298537,-0.00018098057700942797,0.0002658254754603613,-0.00010997846615802385,-0.0005941443765910975,-0.0014581548340540378
2024-03-08,0.0025404181187790704,0.010964721015897114,-0.0011180266668564809,0.007114143437097988,0.018401414227672344,0.0032884428407552206,0.0017623695852413933,0.005779191834644719,0.013231705856641195,0.0019838264806852943,0.0029423364271307963,-0.0016795855524849045,-0.006512186793584098,-0.008356928129808362,-0.0019591397629038004,-0.020086167197851626,-0.021279760395638347,-0.022643727859802818,-0.011350321970141103,-0.009119378326110596,0.0003442675253328215,0.0003995620512073491,0.00028201512724302627,0.0004418555849440162,0.007314965217655142
2024-03-11,-0.005399116122029007,-0.0063967580524624855,0.001962785993109581,-0.004319674695910568,-0.014729637508422587,-0.00675668365431435,-0.010822859735497679,-0.01329679609240154,-0.025036028750334526,-0.0014085984908716754,0.009703929001827769,-0.006807844402722073,0.0022823093996995557,-0.002020764012977383,-0.0008888907032592922,-0.0017342704146308735,-0.0031123873149231105,-0.00087440355206388,-0.00860875203273182,-0.00503703922291352,-2.9793767554285583e-05,-0.0001752724439348011,-0.0006799227418041189,-0.0002557815434366796,0.0023066295723130903
2024-03-12,0.011697771429624046,0.005356086368258923,0.004006426674699082,0.005651544172268545,0.006471090858375534,0.00599359115101783,0.006884289366104851,0.011311478132379501,0.006115208561610791,0.011633961304101685,0.010908838025697691,0.033429328708290615,-0.005234949766040888,0.00015576218394413395,0.0020818450529401372,-0.004139922705183137,-0.0029950838255995713,0.014244006932245874,0.012887776251762123,0.039430549711140406,0.0006245688872750086,0.0005280845907856957,0.0008296530885649263,0.0008771163649998947,0.004134122427964015
2024-03-13,-0.007006314474278278,-0.014228616217060626,0.0035558393843518514,0.002639186513919581,0.008927678469293,-0.0005889084028182774,-0.010685706436705758,-0.006391806931539559,-0.01907576632569274,-0.005423632420295542,-0.0052302314182966535,-0.017626361794949752,-0.00035755621017558714,-0.0038988700325668963,0.0013795286318886114,0.003140737381425073,0.009161597189759063,-0.004892614484964353,-0.002022405786773234,-0.019964159460652525,-3.058077517871517e-05,-6.643686073246944e-06,5.293228502824339e-05,0.00021487387244137555,-0.002019056243787451
2024-03-14,0.002070396191230897,0.0149751295548416,0.01657623697092702,3.564952559161538e-05,0.011426998898604613,0.0030162795648637697,0.008464098111227003,0.01032409754709996,0.013576972221209582,0.00877866784203965,-0.00040461634830798836,-0.005446017822709518,-0.002358673028983191,0.005868353269098958,-0.0030287202649572124,-0.0002750949795696702,0.0003353762507756915,-0.004083948729420249,-0.0012942216235646777,-0.006326565854560232,3.0454425965531643e-05,-1.6805810057135355e-06,0.00032329856910946145,-9.416868027256636e-05,-0.005686813377979619
2024-03-15,-0.0002548568594170058,0.0068888850404750235,0.004816090831361778,0.004123390803857574,0.004857831183852988,0.0027540003272162137,-0.004085200069362539,-0.007969173581723143,0.008930714542938093,-0.007763806838138676,0.004599737177453839,0.008413499711750773,0.00041544834960690984,0.007047002389961098,-0.0001150124444114771,0.008898298054035914,0.0012845730845192998,-0.010538523615859014,-0.0016885124348528606,0.008977972275202806,0.00011243602674917338,-1.8262319043558447e-05,0.00013464735598945504,0.0002922302859132189,0.0024610668185076397
2024-03-18,0.0133030859616616,-0.0012150829970264164,0.008863773094242255,0.008012347764350888,0.002461556165687025,0.004527912766648208,0.006697839747666992,0.0015956300937537385,0.002399799156400052,-0.007429701375034183,0.007046419056426148,0.010623308067534476,0.00026067035500484904,0.0003823441559800024,0.0049578881053296804,0.007789087045544089,0.012577766800458388,0.009837362431663268,0.017088927897311614,0.018201960474804754,-0.00017046022927465134,0.00022558361254891763,-0.00018362835782470473,-0.00012167585722633201,0.011291580745256756
2024-03-19,-0.003365256169035939,0.016221569767331072,-0.0024073836677780277,0.001965088884498295,0.004658913721759702,0.0020619792983036845,0.01783874099013656,0.021782119299729924,0.032096962421657736,-0.00287998374534113,-0.00313632776564621,0.01849594277641122,0.0022544286992142925,0.00015931561993418573,0.0003604823822321683,-0.004852267367270234,-0.002416618472816626,0.0021612303208061352,0.009059212099536737,0.024195493924617662,-0.00012247428559631425,-0.00020504477936749788,2.4490793206629832e-05,0.00019078911989338772,-0.002934528507217439
2024-03-20,0.0026614652358217983,-0.010767197359657187,-0.0020335441858994243,-0.001726540414854599,0.009337221403904241,0.005623268625608628,-0.008607570295492422,-0.003009153701423044,-0.006129489934220974,-0.004065209391921747,0.01120951971573096,0.00011150270244654741,0.0013686338532712464,-0.0006278363077053698,0.01136349622759857,0.005592621453125978,0.012971655666308054,-0.0018385432947483878,0.011283416866308401,-0.0036903194856781575,0.0001556284712942194,1.2420583431318067e-05,-2.3135951166886988e-05,0.00020498004918729525,-0.0001096739556353918
2024-03-21,0.006945930109417729,0.004610391291176411,0.003357882300026507,-0.008851873518187614,-0.00786652354313833,-0.0013764250732743372,-0.0030915625984849703,0.007148604430558524,-0.007594679790788266,-0.0031221330728465053,-0.0031083998619682992,0.0006058232120638753,0.0016052960124147504,0.003066160564511055,-0.00117659203796945,-0.0017928591882925044,-0.0013723548396023418,-0.006499884540003012,-0.013898820114521301,-0.013774105332920013,-0.00027119930014964794,-0.00027283977247745644,-0.000485173340742241,-0.00018441714561841645,-0.0044947087666969325
2024-03-22,0.006388733121526517,0.009512971337544031,0.020095903265062855,0.009719261113379144,0.014011069302931781,8.463812687793497e-05,0.007404060475833451,0.007512737780959724,0.016699964907333564,0.00570088512341209,0.0017822987448562278,0.008144871071320848,-0.005962589233199084,-0.0029572110640246644,0.003499182213092902,-0.005286342984023905,0.006208023924770325,0.01417599060460091,0.008184738525379896,0.007653823324806985,0.00041629659284435366,0.0002023527752237388,0.0003837549397304179,0.00022590099798924722,-0.0023416358817099606
2024-03-25,-0.012359378866711507,-0.022382320303751216,-0.015426353939288933,-0.003001193078361556,0.00015269028103561712,-0.010489908754477391,-0.010876395337534112,-0.01368182906365589,-0.027191039119578927,-0.02097138057619157,0.005003898535115554,-0.015867988585045092,-0.004053295744228866,-0.009966273369410323,-0.008379898206197686,-0.005696636001206396,0.002849545032998769,-0.0010975476285479402,-0.009423585992622583,-0.014987609315335309,0.00019753493981683394,0.00020214795877464032,0.0004488454421414028,0.00040091198865384043,-0.009888510370625065
2024-03-26,-0.01132278312256488,-0.016242437717201554,-0.01070666407235437,-0.014189614535083696,-0.012119822333964327,-0.005120621580857854,-0.019736846478767917,-0.014683335163376353,-0.02399891856478848,-0.018272765289623315,-0.006407096996388643,0.005552777731324206,-0.001762795940054173,-0.001957072871904068,-0.00529528537881604,-0.0006575587475046742,-0.011646560504090072,-0.01568422928687267,-0.01003566955002884,0.016613390633784496,-0.00023531525224666582,-0.00019807275438225866,0.00022526863631889995,-0.0003017683139857548,-0.0037850736873320653
2024-03-27,0.0009261711726863305,0.006577691666525888,-0.011749161175119156,-0.002130980656698546,0.003598509066431151,0.005842243733329949,-0.0012365116904276261,0.0002076707481340344,0.010941069056418392,-0.0016678655620873152,-0.0005137050466737575,-0.0032177011234809155,-0.003334182347567231,-0.0036471792427992126,0.0022622613420290884,0.0010903008658175845,0.0015943126537063805,-0.0027025540824352494,0.013830141274665968,0.013044699551048988,0.0003204624171167204,0.0002318879504622429,0.0002690051525879917,-1.3648739123316373e-05,-0.007428927733052744
2024-03-28,0.004241897845389737,-0.000416110337672688,0.0038154914125360165,-0.008117831328253423,-0.01017149260455617,-0.00019047864907336277,0.009820964650970888,-0.0035897505757497847,0.005717440688070641,0.004994298265911391,-0.0009908053623464278,0.019020583079055024,-0.003223650426999404,0.003816404466961787,-0.00588565484029608,0.006421118070417286,0.017591095089762906,0.00899722976338067,0.002895707483442404,0.03427675455398327,0.0003390878215864911,0.0004169081607970712,-0.0003718004155717071,0.00041650505679463465,0.003369345550917363
2024-03-29,0.008165953570683865,0.01224589389540653,0.0010214104848850027,-0.002422076064919891,-0.011569954922068085,0.007777046913386535,0.015089931479705186,0.012809250565462098,0.01702808686019884,0.01430979597909252,0.011890984805540922,0.0065625740566500595,0.000729314926959156,0.0016825639104952746,0.0008192661174072722,0.000219054115653039,-0.007083279085148466,0.011605630499455106,-0.010701789880774666,0.010568119138968164,-0.00011116113550148936,0.00024660490025942515,7.4942590801632065e-06,-0.0002031482560492411,-0.008636543750078284
2024-04-01,-0.003669395392825639,0.004910925535461047,-0.008039066387205215,-0.0033326674063175236,0.0027009723361416317,0.0033766522790190804,0.0009365431314380477,-0.0023925693664091805,0.014956561923540087,-0.0021784353799014886,0.00022700766890900543,0.006507654475781695,0.004772389001422359,0.003150444238889556,0.00955476396381045,0.01801048710430263,-0.005134165121763687,-0.0056921682790264955,0.009576508317700547,0.015598584005618341,-6.418877555774296e-05,3.683269801350057e-05,-0.00012729815473529863,-0.0002218265125507823,-0.006341623078746723
2024-04-02,0.007039599870248445,0.006527176086371399,0.00754463274349108,0.00700417198055004,0.011606389589751505,0.0020770049363977236,0.008710814726500309,-0.0021643142437642623,-0.011320876848281383,0.012397478400769268,0.007355577477784505,0.003621548081886964,0.0020818119767652145,0.009818388908182894,-0.0038686040926915032,-0.004858961214265818,-0.027279304482128966,-0.0014390015820331965,-0.003434478739836549,0.019032485711230528,-7.747007365934624e-05,3.7142571140949006e-05,-6.626512956961493e-05,4.4279103008363965e-05,0.0072414167039418645
2024-04-03,0.00795294566216001,0.017023285257846996,0.0006767245520502743,0.016339655717660852,0.0021167439305219884,0.003184775345787313,0.004723399207361991,0.015392987748073676,0.01085943267290738,-0.005865101784272462,-4.599462713586293e-06,-0.005937916318463958,0.004290153262187752,0.006974623431468046,-0.0006716330680855693,0.006959901896357854,0.018141634475966704,0.005214335468192785,-0.0021956001473453467,-0.0066426566865394705,-0.00023718006272186034,-0.0001847682160710311,-0.00025234066709544343,-0.00020196419874187832,-0.0021586777131878884
2024-04-04,0.002077473488101671,-0.0005962280142711475,0.003991958760623851,0.00888230847026893,0.005371774768199928,0.000432424584661229,-0.005710330358958031,-0.011147527866758173,-0.001516748587972851,-0.007902549361369004,0.0026625001606580324,-0.009234864298065923,0.001245137553215862,0.0019185904844149317,-0.009515705728867991,-0.0013676455365532179,-0.004141200145861526,-0.007862038811434064,-0.008617166482969833,-0.007269776593081304,-0.0003025236845418139,-0.00022372805765756974,-0.0002511566713083806,-0.00045369494079426274,-0.0012703866987904698
2024-04-05,0.003281262228227765,0.007815953304037674,0.01256540850134204,0.005525307801211785,-0.014276253810099032,0.015019245075009912,0.011996972221381831,0.004722265220130277,0.016614554803560753,0.006636379930944245,0.0029196880796059873,0.011463444037990017,0.003242291691687727,0.0022934882401122753,0.007813675205904223,-0.015403402887582237,-0.012008472588024113,-0.002912689105084857,0.00403782602653629,0.0017080250554444391,-0.0007114717687528578,-0.000824566435199778,-0.0007126427215546915,-0.0008548454271146604,-0.0019817936494398703
2024-04-08,0.022258691155464208,0.019157521176839238,0.01578857684524551,0.01878343521735997,0.016327763357538556,0.019936171653747427,0.0119293016424037,0.013580378916191418,0.012725116484821929,0.02214048192663906,0.010811039557806157,0.0007197222838070116,0.004563882088746385,0.014236556875606148,-0.0002277258988595762,0.009576084620898456,0.007870453104568062,0.011975409741860963,-0.0037474706316256235,-0.01012148991441753,-0.00042065287697468535,-0.0006564570199245689,-0.0004427420818981431,-0.00043600798877359,0.001311327610344518
2024-04-09,0.0014700531825825652,0.00013461639362197264,0.004559316202048862,0.00575382036558413,0.011285574950793385,0.008410712685389982,-0.00017936911336211329,0.0023046145113901225,0.00919004044613126,-0.009037968596560968,-0.006148008440451964,-0.01012158327170197,0.002815475882138903,0.0013045274223857915,0.0003391992141469828,0.0015519046871201175,-0.00020601897953023473,0.0074661996302409816,0.007344622295531801,-0.0004685542859857537,-0.0002290092021865782,-7.679085928928461e-05,-0.000196571707387029,-0.00026610972294760754,-0.0008803558892164544
2024-04-10,0.006465341346629402,0.014353986062159447,0.013251620295097223,0.009332764451424964,0.019489586766685288,0.0012194922120801115,0.01825498414393537,0.012933603833165499,0.012483433116716373,0.006750458723791463,-0.003977131484410135,-0.015044439910398081,-0.009717087298582438,0.005558016741883163,-0.0036267611743578563,-0.00041797075268393095,0.006788762365265499,-0.006669702296918763,0.003001218290352353,0.005064889934367404,0.0009239644438859277,0.0008573545579737653,0.0012480998475714244,0.0017744853241656163,-0.0009853465692206298
2024-04-11,-0.00819900412859055,0.009046872726343597,-0.009912631937094617,-0.0018162511364351844,-0.006259875657382821,-0.009557706569327062,-0.0025903280194043573,0.0030599790055365885,0.014570881856749037,-0.0033408639566978675,-0.00786037053569756,0.0051392562036634715,-0.0015301214059736108,0.0005037210314551055,-0.0025366859090791326,-0.00487558294400915,-0.006206379260455065,-0.006303514756988244,0.006679555122874134,0.03134869005011067,0.00033277914723278993,0.00037892669167764146,0.000495670535606194,0.0003912341077773484,0.004554824200736093
2024-04-12,-0.011267251040344766,-0.015876326295199673,-0.0076571793589825165,-0.006004182737210368,-0.010494506634084844,-0.006422362674273126,-0.012312394058045427,-0.008300789077499413,-0.008303195481155217,-0.010364469713748051,-0.009389342787630803,-0.009738845619161,-0.0032887567739769484,-0.004747102982701899,-0.0008756187721741342,0.0007527285415850585,0.005207479774135517,-0.0062188398038152525,0.008501240867308031,-0.0014661691877367496,0.00022706158713559058,0.00046666536834938285,0.0006335347917961125,0.0005014548729620262,-0.005377005450775059
2024-04-15,-0.005858342145253326,0.0012940583505254913,-0.018921008308435572,-0.012125994932398984,-0.00614299480678316,-0.004029773727925923,-0.004295261982813434,-0.0025681425788034126,-0.014942345092670634,-0.0002402967533031014,-0.002493350088503812,-0.00963169853871899,-0.00025279394127812995,-0.003390401064715464,-0.0023776054877412316,-0.006732074400529933,0.00355791582409042,0.00016164014520175497,-0.008177229361423996,-0.02385165099821678,3.7049539631524406e-06,7.49584099674269e-05,1.7597057024869562e-05,0.0003242133146542289,-0.0061353890276304515
2024-04-16,0.0006120518253177614,0.006625506869791508,0.008442662304911917,0.0014390213560709463,0.01023237768440273,0.00037638586621747006,0.003403544868169083,0.008600164491416554,0.008973475941981598,-0.005343449105565481,-0.010489011004407106,-0.012563502492473826,0.007051138422847522,0.0016894075662459368,0.002612715544616485,0.003638554843681669,-0.0032185842911842152,0.001807328805036004,0.0011619456986680884,-0.005203727776605095,-0.0006574541324620468,-0.00072655233166877,-0.00040113795714015997,-0.0008574200796158026,-0.002052871862537914
2024-04-17,0.003520821996112803,0.0025117792151724615,-0.0005658471903916607,-0.003859727415426627,-0.00933018089871921,0.0027705385560952817,0.01461848168488844,0.010266607306798535,-0.016551249542498418,-0.007032113042473717,0.00035797838953616744,-0.004259032300079358,-0.006953454497487292,-0.014150113501467287,-0.0003505159817480553,-0.005807821498893716,-0.014069313159888413,-0.01249383817313118,-0.006774888174520025,-0.0197228627020319,-7.21408795420608e-05,-0.0002755185236019814,-0.00047918564935637436,4.202757675631123e-05,0.0004559652504614413
2024-04-18,-0.014674031455040494,-0.04309690226173557,-0.002076947686592243,-0.012469509424683884,-0.013905542340934177,-0.010737573076867329,-0.0418242207063807,-0.03560390420173632,-0.06979482347796037,-0.0027783926407633206,0.0033883418063350625,0.007546251769153563,-0.013443682291092534,-0.014373235471780417,-0.004006716910356481,-0.0066619078106486184,-0.00442355799911069,-0.009969730985729546,-0.0013871705585015571,0.013677857116073926,0.0005528538271963177,0.0004888239682137186,0.0005098085631172513,0.0006205708846195785,-0.0009807821446144202
2024-04-19,-0.0008902048605110872,-0.01066046927632455,-0.011753477823178348,-0.009527671444241168,-0.003228129088333284,-0.004821712768790768,-0.015684263190959218,-0.006779110542647745,-0.013525013411944396,-0.019611008475936293,0.0006007994321844772,-0.0037068884378782395,-0.0018295162884008572,-0.003911963869421361,-0.0016102690521840113,-0.012579491510700537,-0.009039688032647167,-0.0019417240661083527,-0.013880698026278579,-0.01892598849951044,-0.00016337844284181928,3.926621560263895e-05,0.00040817556213286384,3.7822455451371954e-05,-0.001881392881624505
2024-04-22,0.007010865073805156,0.0042705965013199645,0.011684746009954238,0.0018604528505592737,0.0007445791270242891,0.0045233027734166075,0.002896827941966073,0.0017192461971359875,0.014278869794208166,0.003072329292929759,0.005179791483977647,-0.011103098208028926,0.0034592307869631906,0.005367201560167537,-0.0012247683534713182,-0.0018595701364336925,-0.0077896640139165935,-0.004381844108368571,-0.008043860163545505,-0.016322995278839018,7.375598601811357e-05,3.165949093233482e-05,-0.0002378110833096494,-0.00026073419445183987,-0.0025470672908580252
2024-04-23,-0.011501731567630968,-0.02189134229888645,-0.007209113583359939,-0.010046354412974466,-0.02030398096399484,-0.013055958436585052,-0.02039763287125512,-0.019208281830486937,-0.013702761757367486,-0.0003979816865901662,-0.0028464868047976535,-0.011518574306049585,-0.0006859487012259994,-0.0035338170530261385,-0.004496350784323841,-0.00043777973717343613,-0.002947993419468832,-0.014408581149904641,-0.01692807746836052,-0.028589213026266058,3.821514256903592e-05,-6.122480589173913e-05,0.0003066514315608568,0.00028398174887342247,-0.0074707401789176715
2024-04-24,0.0035942953262908433,0.007993186662908852,0.000723185330996104,0.0030030260214846506,0.0017442785620682688,0.008462306752971348,-0.0002909565254469136,0.0069406759878698175,0.009241446589236953,-0.003998174701994935,0.0031416602237382745,0.013932908809974012,0.0004966345234990949,0.00040009393634813793,0.001071622527156175,0.01830295846098584,0.0035081804225890467,0.030763080420489905,0.006468576750247536,0.01897149065459575,-0.00025485280543190213,-0.0005382596075783203,-0.0006302647856004187,-0.0008257637671044704,0.003654318307696935
2024-04-25,-0.02161726094536903,-0.031149346085427472,-0.014581697627534359,-0.015618058695431633,-0.01441396162834335,-0.007425615183596021,-0.03181385143442963,-0.028672851733142025,-0.021662023893711396,-0.018011639078829977,-0.00933739862859924,-0.011444778709718736,0.002179262754274833,-0.009615168337600148,0.0014423674517299054,0.011367491820960814,-0.0032222774902155027,0.014447866135768817,0.004359037098510262,-0.010186352708374074,-0.00039268636898961935,-0.0002670344197009859,-0.0006081823746318397,-0.00015632118273074,0.002856753131696941
2024-04-26,0.005318464273115032,-0.005761442810747553,0.003367614819331393,0.0018374073241025652,-0.005500863319996739,-0.0038693132846431195,0.004455009547789008,-0.004520599804427915,-0.015676901834446075,-0.002065986443222214,0.001569132673020588,0.013397611321181233,-0.006579062254380262,-0.0014875783350970897,-0.007238586307302495,-0.007645391406699353,0.022194526212388495,0.007471848670769963,0.010822602764386381,0.025543746244870536,0.0006952949319691706,0.0009204200065414644,0.0015124446414504465,0.0015279839838967693,-0.0003076000753060135
2024-04-29,-0.014737024635285038,-0.004696658035724519,-0.013892485142786242,0.003167928431996591,-0.006111423463877838,-0.011569680743250349,-0.0018248215476115621,-0.0009408584948150448,-0.010715731979707373,-0.011704483619380125,-0.002917662026342703,-0.011895520099006296,0.0022150881824166907,-0.004700891579424958,-0.003793311004384174,0.003952698977594143,0.00332321271242232,-0.0076808766222348605,0.0004437273072695914,-0.0015042165177629446,-0.0006133917765241574,-0.0007313163010676303,-0.0007107679248010983,-0.0003133675009402227,0.008999654116498602
2024-04-30,0.02075483743497342,0.014221148476985225,0.013514939463770638,0.004327991079195027,0.01083623545391107,0.00475852219209086,0.012217121418772382,0.02139699811689859,0.014285553670614577,0.023926720593911363,0.0015728080524136795,0.023731490155300308,-0.0028589727208922742,0.006894627759402807,-0.0005308026960834543,0.0012205198516070386,0.013880216844446198,0.01352518002888401,-0.003804687567558979,-0.009112756536798316,0.00025064231269964887,0.00027020580347093375,0.0005832198179585314,0.0005415657719470456,0.0008316814285372742
2024-05-01,-0.008108321703843697,-0.016299763466322024,-0.006352340006258764,-0.002982658473037081,0.003192835439440121,-0.008615901625997222,0.001526596188815922,-0.0029136296894529843,-0.011515136458852831,-0.009640315021877547,-0.006991153936096259,-0.011189329886289307,-0.0056070722667365,-0.01256477031518119,-0.0038241934203411326,-0.0023769670369386087,-0.011000243367709535,-0.01169814884724428,-0.00038999742298482886,0.004970774131566269,0.00046182529929198146,0.00046735318164716047,0.0009049009432837157,0.0008731342401136478,0.004850667495927715
2024-05-02,0.0005917570641300199,0.00047365933242599946,0.0005862853610856403,-0.0065464331566264,-0.0008414302060588252,0.00023620142034562258,-0.011439905633181646,-0.014760020801036985,-0.016516993952808926,0.007632605138699641,0.0015137917825481916,0.004992979287232498,0.0006449240467075162,0.01298193816338368,0.005406465392539978,-0.013894230892256332,-0.011181340451263054,0.0022983586363808373,0.010982805937720294,-0.007700163960583303,0.000530374929954095,-2.3193512942550217e-05,0.00028292211157988917,0.00016863854792032685,0.0010019013108127093
2024-05-03,-0.010263270004864258,-0.020099677366783482,-0.005724876511029732,-0.0015026134354603716,-0.011903906871798934,-0.014072315033855597,-0.01296919321406,-0.013434678435818121,-0.02043032589800814,-0.01766709988956199,-0.004783482364840528,-0.004538510083374178,0.0018393183128043362,-0.004677783576417717,-0.005595486249448843,-0.004882002146470818,-0.0036089859723496005,0.0030446379887171925,-0.007407711207421519,-0.005861363573564815,-0.0004825319884742941,-0.0006407003272296438,-0.0007333921017213478,-0.0007279891242789956,0.0015041376167230205
2024-05-06,-0.0004926287855391417,0.0017491348217370997,0.013044306790597916,0.008943193720950426,0.011981836511454284,0.00045330078458622543,-0.004183442829806389,0.0070526278904298086,0.005732863905295668,-0.002713327881365824,-0.005215354101159443,-0.005460497123528986,0.0005984915428502073,0.004134386500357636,0.001010314886206978,0.0015752503746192894,-0.002191155138440109,-0.009297538263071758,0.0009036440760313786,-0.002972738374547735,0.00020712007790737202,0.00042245914422222225,0.0005876123658858072,0.0005019030507650408,0.0033012039786283055
2024-05-07,-0.014329524794270883,-0.01640005644152538,-0.012550005751257177,-0.0007015823402237407,-0.003780853960091343,-0.006757207747613056,-0.0253455678477965,-0.018860769729216506,-0.00930110751430305,-0.019412557306768583,0.001408505015718274,-0.0014548648616026839,-0.006827149796794493,-0.008549633082473624,0.0025218319351919148,0.013788423531417834,0.0077035345802953775,0.007102750375403139,0.0022295955618557004,-0.0009779494557997628,0.0004688604333924786,0.0006465546241142968,0.0010621576188107073,0.0008413791243596699,-0.00060464557086527
2024-05-08,-0.004001644290020441,0.006829800348105064,0.000443044904880631,-0.00747939231360993,-0.018888554314611578,0.0027203098029614254,0.00044743546260111403,0.006179273937451264,0.007777035176078468,0.012315081822974947,-0.0024909710495183792,0.012866171841312049,0.003340684788214878,0.00940608085693205,-0.0007849715880260961,0.003107603741093973,0.0103311606087009,0.006756184795720406,0.0025159189503300384,0.002202178906792477,-1.0750668359120287e-05,0.00018926625283920208,0.000271782162785165,-5.304731529869786e-05,-0.00924682703335553
2024-05-09,-0.0014183231295669368,-0.0014199419173977468,-0.004215853916295003,0.012633419774610915,0.014516355635131682,-6.735215663719553e-05,0.0037198048942229493,-0.012065426883778412,0.006492908667731605,0.0054282850409590345,-0.00530577354400569,0.013871820855336085,0.00030774316531273493,-0.0009509849655332003,-0.0006002782364144948,-0.006328909687475739,0.0163572656101413,-0.0031924297615500354,-0.000819387348525586,0.004706468360999716,-6.303512954068633e-05,7.042734842782318e-06,0.00034624496717023344,0.0002972321428927697,0.004739617189302606
2024-05-10,-0.005531731323180766,-0.006437702249683774,-0.005307004689405301,-0.014505801468478375,-0.01621278715440365,-0.002658806080006721,-0.008724324781518314,0.0008755878003172384,0.002929915079778891,-0.009782278900222796,-0.008818499990528316,-0.010582304640687228,0.008664379633817658,0.0018411858254838865,0.0031380658462022907,-0.006473532940987126,-0.011454799703151173,-0.015393520975707228,-0.0042638512686114256,-0.014727904331478177,-0.0001534053195800648,-0.00021060140080203857,-0.00018273522630343783,-4.967608902825798e-05,-0.0001189774876137928
2024-05-13,0.021254030299338658,0.015224802939609573,0.014836245963408625,0.013106954809799131,0.015449169203219534,0.017760185328695693,0.003675801527026403,0.012134126467561158,0.00348133214920663,0.014873482689092327,0.0058987038279199695,0.017911455830045133,-0.004546258645311701,0.003833790853560415,0.0035088126247223633,-0.0031651334598142627,0.012165111884853103,0.001489556948976681,0.011710973590671666,0.01748697372796776,0.00022002048451343352,0.0005515647623374489,0.00025343443394657477,0.00016279954915128796,0.003101703734918011
2024-05-14,0.0011794017803111432,-0.002913911169210628,-0.0023440413445168316,-0.0004438733736251742,-0.0029600042446984443,0.003330559889785073,0.0032392673791196524,0.009254751101627203,0.011416918392711022,0.0027261093843924064,-0.0032497119142939446,0.006215720953022185,0.0021393464132002772,9.757713510723286e-05,0.006818316441527933,0.004058109718122616,0.019113031257706938,0.021630082712888472,0.007587902956552871,-0.009382600391423114,3.6749879982751635e-05,-8.573328709305395e-06,-1.3206250708691012e-05,0.0001873020486812869,0.003917804729560446
2024-05-15,-0.004583487556268952,-0.012120291981669735,-0.006814608428732628,-0.01660415755639154,-0.02106520469725426,-0.007469478593929258,-0.002594347975013919,-0.0025176315524017955,-0.010071064409270185,-0.0018296129001086174,-0.00891126439990552,0.0005827869401140563,-0.005441382668563888,-0.00029625277239497816,-0.006539526373260804,0.002830717651146797,-0.004495963716957341,-0.0007652503119728667,0.002356235132710246,0.01403649731652026,0.00028118503360722604,0.0004635730175770439,0.00028773928394381374,0.0004983200772897665,-0.004104882913691833
2024-05-16,0.006234207146052272,0.003054094853931719,-0.0006818959038606633,0.00930415297357645,0.000488962364161437,-0.0019850136905710525,0.008679880809505346,0.002789853681114168,-0.0086219670241354,0.016972194729392053,-0.001983013440260998,0.007319981411624603,-0.0011349889185560181,0.006529368489971685,-0.000564386248498767,-0.005267365863411663,-0.008762263954406895,-0.00040909454971528245,0.002560945102706524,0.02689608588808926,0.00018815006278848274,0.0002618106502827338,0.0009044214840749501,0.0008151950515206001,0.004812312086262613
2024-05-17,0.008215887554151816,0.01238109650132718,0.0073184481216203075,-0.002995488411497033,0.004681586392609347,0.007400736416389841,0.019056929388093516,0.018552101543824667,0.017385824796994395,-0.006478489037234368,0.010966507441763432,-0.00010163360501177273,-0.0005485124229401705,-0.004140272614943713,0.0015287692682209157,0.0032964431525347934,0.0038580625419090174,0.006936398797342655,0.0019120799682871498,0.007011726627182909,-0.00023149563414455319,-0.0002093748866805838,-0.0002517887139835462,8.857312927988367e-05,-0.006321132076080123
2024-05-20,0.0014354477331799493,0.02314369678849528,0.01089919607597022,0.0024969561261925684,0.0004404019207524287,-0.002287752804259685,0.029343447344716576,0.016438098537008818,0.008111771376653514,0.010422645601980108,0.00556507602243458,-0.0015505562659758648,0.0021637634386285445,0.0074118625375094935,-0.004252561217562555,0.0050118088651655525,-0.00044579438996768435,-0.010719061784881826,-0.0060539156815173165,-0.00865566842273137,-0.0001030558113099393,-0.00020039587184226862,-0.00019956995739508931,0.00021700949503781477,-0.002379293412312013
2024-05-21,0.006593317876812955,0.010377225168589917,0.01570766454366767,0.004950594718657285,0.008789449519153291,0.009384552728878517,0.017086307283740974,0.0015174386581720944,0.011257537928118686,0.011112194773815578,0.005325881152157272,0.002723105586655566,0.004861842920384597,0.014639138438055291,0.0006343921752282966,0.0018500871694089216,0.002251415716016973,-0.0120006687431985,-0.006697702930945041,-0.009729087732835028,-0.00019796847411305922,-0.00025887263272159744,-0.0004910518731553485,-9.336488918535094e-05,0.00682856321399216
2024-05-22,0.025902825395333697,0.05914715265766932,0.007214766108264619,0.03090472906036252,0.03462148019226628,-0.005971398313286286,0.06985709545458718,0.056672588233029196,0.07666250933761283,0.0008784060179329867,0.011171168611263244,0.012329113232888043,0.005888785152396004,0.0161228317495405,-0.010963494578790277,0.020058312147933223,0.026319144984121755,0.026094085983327266,-0.003674817036597835,0.028603954458986877,-0.00044121332224348426,-0.00026776159543823196,-0.00043737104072678846,-0.00048155639377869727,0.010845834800441394
2024-05-23,0.010515318390128276,0.008202381970439852,0.001140866448353498,0.01096471712569738,0.003060871687740017,0.00986325292090591,-0.012489057192781065,0.002319438797495806,-0.012030681586976722,0.005745880846760249,-0.0011568026371844226,0.018848304912437965,0.009363038500628352,0.014082681839486152,0.007481127623433876,0.0039006708564816427,-0.013949085530500865,0.0007716340395833979,0.0037748847378692293,0.0027008530180169703,-0.0005590589900354385,-0.0007399857101252807,-0.0009075554450707564,-0.0008606080088021643,-0.00020162215253217866
2024-05-24,0.006450864068861777,0.0005799298686497885,0.006336447943174219,0.0031859381019064574,0.00940802022616729,0.0067810645590933565,0.00030974549400591966,-0.0056880123961190535,0.005735817615784118,0.0022114785343871146,-0.0015454719458834034,0.011228171552824677,0.00459539377714654,0.007487310373842851,0.0006395652561163529,-0.009820332917105164,-0.00979332986186287,0.0030640908602975266,0.005988637004346146,0.02251947031532573,-3.818551712352842e-06,-0.00016423558235942836,-0.0003359007139779702,-0.00022360251650845996,0.0033934602396603467
2024-05-27,0.003608550552603854,0.016018006298487014,0.005193170063922179,0.008854594016671045,-0.0059212957958030875,0.0085853614138418,0.022460342608245115,0.010755480552970405,0.022576558549694377,0.008482783371304863,0.002563078480080955,0.0019699894744581725,-0.0022997049110817015,-0.008603883301904758,-0.0003370273913628305,0.003827289228913074,0.003199937333622594,0.012045042399084641,-0.003890025262270948,0.009892350617470336,-1.0481498800315244e-05,-0.00014873401841397984,-0.00012529813640295635,-0.00038104587051183535,-0.004206446939806914
2024-05-28,-0.009909929100969961,-0.001105456272293527,-0.01146150085947287,-0.015170823518182441,-0.02184280189668597,-0.0011198789526195496,0.004199474864332166,-0.003491204168977454,0.008483941520891537,-0.00845442465591631,-0.0029987496129605835,-0.003931823975276635,-0.005582203810878242,-0.014457544028492843,0.002728014793921275,0.006287834597027328,-0.007216557861580897,-0.005702374295904171,0.007702233425548426,0.010205677046398775,0.00010652419863772809,-7.078626653669462e-05,0.0002885808202797731,7.252473165550093e-05,0.0031257247552141597
2024-05-29,0.00878137383335623,0.0187608958002871,0.022784827010547036,0.010854992290860116,0.0123442438985641,0.002422178907434731,0.005904663981195817,0.010957299346140205,0.013773856883065603,0.0038896655061417557,0.015841318453641534,0.0023012051343074737,0.00018271778953022006,0.005362483716206099,-0.0010633358093643894,0.00902335333056761,0.01715003591842591,0.015518488362569216,0.002702694062471985,-0.0042546237375291705,0.00020302857625357742,0.00013781662760309988,0.00021714948682770597,0.00016579521034768387,0.0047823298073173485
2024-05-30,0.0008592536031213653,0.0015031753183857247,-0.004963093191639434,0.0005485971639817215,0.0007395586157831803,-0.0015872604113352396,-0.000548562615480619,0.006327420131226565,0.012542444270219754,0.006552186833267686,-0.002328697417591554,-0.004957936284722378,-0.005470518404191366,-0.004331849777710115,-0.0029930515011787986,-0.010787639587002008,-0.007075146804615504,-0.012831824530635848,-0.010580341154262667,-0.02371068739202631,6.885900046241106e-05,-0.00016881356903215898,-6.394089391131704e-05,-0.0001562248584627733,0.0029852103453855763
2024-05-31,0.008478720996699447,0.0006133289144328105,0.014548043837294213,-0.0077595555536276615,-0.006241410504864622,0.0005732454313121414,0.009746036748029145,0.019673606909208094,0.011394414619587855,0.0033929632805119975,2.0613041971083565e-05,-0.011241370587517247,0.01075418356218209,0.012191179383390677,-0.0010843655897829155,-9.163222464418901e-05,0.005932829451718121,0.007405815671945209,-0.012970843340274712,1.4686140503926068e-05,-0.0005571847344100926,-0.0007827371526217429,-0.0007951059062951666,-0.0004487577348596705,-0.005514151839521447
2024-06-03,-0.006682577694670453,0.003152172795331586,-0.0026476539944558057,-0.006473358978679136,0.0007623082607813572,0.0011630965174757365,0.001730668160061375,-0.0036911039687117873,-0.0032985477865593877,-0.004156669311132382,-0.009253550734280986,0.012877648211544052,0.00557061484889494,-0.0012885407057760926,-0.001792516150503389,0.009216061678901762,0.016361131137480694,0.01229909700861621,-0.002532763166863978,0.021350622996894934,-0.0003383444075312764,-0.0005413645653930851,-0.00023662139739727672,-0.0002984036706803815,0.002659514861418604
2024-06-04,0.0013323054419652424,-0.00023744470967965864,-0.00905887565281588,-0.007685404574233336,-0.006162886896236242,-0.008751115843076739,-0.011869906284844257,-0.0041475892496335345,-0.006290261008597374,-0.0010671885500064125,0.005110202157851994,-0.009991801313337639,-0.006922602717906788,-0.006049230895060842,-0.0069542339822559664,-0.007078195067462448,-0.009099865281140127,-0.0018520691852812726,-0.012561925815311122,-0.017427370942024636,0.0002577396523833487,0.0005072666918945768,0.00042178395814920663,0.0007132357483536893,-0.009880221374800468
2024-06-05,-0.0034240625077833187,-0.008923249080623117,-0.011688325142687571,-0.005750060254723145,0.0019274627770837485,-0.007206530214743269,-0.007174169962782021,-0.012284196715508022,-0.02427701699769596,-0.005448543724489406,-0.001024852470904514,-0.003680813146318352,-0.002561030054240046,-0.006560163759236946,-0.0030674344568059697,0.004948375534162083,-0.005244008143492277,-0.00020886392744090283,-0.0008845855399764431,-0.010125122082774905,0.0001895619702514838,-4.9529265316628754e-05,0.00035691074023577686,0.0003044833760232786,-0.0019939463767164162
2024-06-06,0.008709111911171023,0.006489277021873155,0.00026773027079779466,0.00931594464373382,0.014945085461988422,0.0021416737747083922,0.007344874164335569,0.012612538718712023,0.010211384422843282,0.0036471481172334176,0.005448744653856184,0.0021128469680529085,0.0020335544998815198,-0.00037134925959574685,0.002261700128176285,0.0003889446167959611,0.0021545769602778183,0.012314959057160822,0.009719611206658003,0.014279961872915914,-0.00011709183417459422,-0.0001519016148130358,-0.00021446305365815745,-0.00022026021317446051,0.0028658721715941592
2024-06-07,-0.001308165037821434,0.0024045507197706854,0.003961738798468664,0.011038621519369879,0.01865355213645981,-0.005928887275057302,0.014289376850255634,0.004827289276349788,0.01753148784749653,0.007062603278143016,0.005129783975249318,0.004135731255485614,0.0011431885147868762,0.006451847662281714,0.0026892043249059183,0.0037858835300507744,0.010854687133156633,0.006436695102653674,0.0022135008343980747,-0.0046467910058251675,-8.810031902183705e-05,-1.4620826560372148e-05,-0.0003682953215792805,-0.00017882153102179795,-0.0027952050068784755
2024-06-10,-0.004733761284708051,0.004036815956274077,0.0036187437943452482,-0.0034409710887118093,0.008896343014544237,0.003676316690104602,0.00017409944212392833,0.0033284957215102507,-0.012619031863719678,-0.011827280129708781,-0.005186077864848623,-0.005033224338509458,-0.0003113431622432047,-0.00420270246525841,-0.0024750007799746454,0.010230874335830283,0.011683549043830972,0.00801689787385782,-0.00624560131279842,-0.004897672981802837,3.6659485120393905e-05,-4.601127358403999e-05,0.00012808954779977664,0.00021051147251301494,-0.0021027403549028164
2024-06-11,-0.02068065500568096,-0.018446053709293975,-0.029883642481085267,-0.005925172283070974,-0.013930121513609478,-0.015115543324626744,-0.012736785772443318,-0.010544031565740863,-0.011718626988604038,-0.012247400179130726,-0.007897085687917653,-0.005537749020462154,-0.011860912582768408,-0.01676287362276986,-0.011950378753465989,0.004527986526559183,0.010996453992539016,-0.0010101205907541023,-0.01138147394640043,-0.0021555561259939057,0.0005769109310924847,0.0008409117290241215,0.0009255118355430181,0.0007683274717576754,0.007209082900522693
2024-06-12,-0.005171033120149859,-0.0021005170340869716,-0.0020836955435138806,0.0006031786155276369,-0.004738372841415131,-0.005073583195511777,-0.005428729746871535,-0.0008955193528086443,-0.008919014886455827,-0.007612444635016376,-0.005749416122402497,0.0008737220580189949,-0.0014186000579478359,-0.0032632435599881477,-0.0011557784299979915,-0.011577296925830103,-0.011129607116541042,-0.006206022358215357,0.006519132262105121,0.01026062458986303,0.00012550452756146264,-0.00020134067108292338,-0.0003713120272993221,-0.00012462658435261355,-0.004679173497622489
2024-06-13,0.0015266818799171268,0.006735393116523948,-0.010356801895280824,0.00792541943956552,0.007563763697839977,-0.004926350400757203,0.0062008495935734625,0.0022578394747851463,0.007898705410066983,0.0049805476670273284,-0.0013111314567555929,-0.004456723674264922,0.002073917494985302,-0.0003587709886535839,0.004688610689808901,0.010587263081330633,-0.002367318511106967,0.002145494191219059,0.0059697370316948075,0.00812005605380766,9.388173292105992e-05,-1.228394822975355e-05,0.00018214826285867908,0.0003105827928971623,0.0062059800833817475
2024-06-14,-0.009928062318608773,-0.006569945411667154,0.002264628991755055,0.0015851679822284507,-0.007310160104913345,-0.010815780856456977,-0.01826227066387169,-0.01672805380789811,-0.017601123550836765,0.0028566928700677384,0.005098447007437939,-0.0071756096410279,-0.006040935047556752,-0.0071891002554031105,-0.007622675688601702,0.0024012559997336393,0.0017025032256159974,0.00035734387544101665,-0.002458905570557236,0.002631768017946619,0.0003591898857963557,0.0002215225940914418,0.0005466727369211106,0.00048330659270323927,-0.008738942344502532
2024-06-17,-0.0006639782604142682,-0.008443501131587636,-0.0010284735297558904,0.0020790186567562737,0.013711933828162057,-0.00489095919979963,-0.013364350814544018,-0.011607059499815959,-0.026814456735746797,-0.007817845654932865,0.007061058496416083,0.021533674336429096,-0.010388118760908763,-0.008849018440270565,-0.004047474500140274,-0.0028527272687216667,0.002876661137024415,0.0009158980134687207,0.0052900012649289285,0.017765702531214525,0.0002483215341352169,0.00046509735701542084,0.0008918697644894503,0.0010597905863434934,0.004261370749498389
2024-06-18,4.473233026204017e-05,-0.0022216982998920333,-0.007503411435055872,0.0054548095364515955,0.00809975412186445,0.0031064390030039048,0.006049584662713072,-0.00020222526436954828,0.012299867576356276,-0.007382514507530123,0.003884531020908237,-0.003119216940751039,0.003600610377797713,-0.0017657873813466665,-0.0024016289124016814,-0.004205411277839872,-0.015407116742096761,-0.015623664689367774,-0.0015848775070219073,-0.011097748072897581,-0.00036164976592242305,-0.0009452369716747276,-0.0008649440333988792,-0.0006947340888151133,-9.623518298706015e-05
2024-06-19,-0.0103090068401645,-0.006631526403123282,-0.008828686596034816,-0.0025169899868415354,-0.007124986342392187,-0.008983195326251742,-0.011083600514691799,0.00526683000681154,-0.013128555026923935,-0.008368363133434401,-0.0024233000626451887,0.005628684821760433,-0.01133968352112013,-0.012650333537329108,-0.0071359807961146144,-0.005815491390094979,-0.006228293575006573,0.0003192326203843637,-0.007253984109904887,-0.0012442579661201395,0.0004979084613383911,0.0003698485935292367,0.00012156726440158179,0.0002153934154428495,0.001412034325303279
2024-06-20,-0.001043749286139055,-0.0004700280820120541,-0.00167497086671894,0.005700053613433777,-0.0025554190155525507,-0.008257658136486212,0.006239606500008761,0.0059066662842748256,0.0006119549542621314,0.0001494375711340065,0.00456353846993443,0.006937181140191118,-0.00796857583691267,-0.0022805616178344862,-0.0012394677223859416,0.0052301837524028,-0.004730668064847117,0.0031470035872730754,0.007081245673606203,0.018005385794438482,0.00035999484176396987,0.0004174035903728284,0.0005088069807642302,0.0006812941164916504,0.0015213051624528378
2024-06-21,0.0069621269858995034,0.013964969577460363,0.00623532662980191,0.0004667319373506309,-0.005712352432404314,0.007436331274184144,0.01775996176659521,0.013021488509136587,0.02013100588720081,0.007984823611861022,0.009607123984198385,0.005074758270764972,-8.643806130538014e-05,0.003356814644343236,0.007935062953480562,-0.0038510126841162667,0.0076015863039929805,0.011851061662516486,-0.0022185072082363455,0.01006557262066544,1.8384626684976006e-05,-0.0001149138182480078,-0.00019846714648583206,-0.00021192171605915832,-0.005792377816225361
2024-06-24,-0.006405387132656082,0.0024383910297529946,-0.010016852381575212,-0.005400882262984826,-0.018172362073577836,-0.015123977087804587,0.01368513488003497,0.004320530594616259,0.008810455288030056,-0.0065516744772807466,-0.005837256554538045,-0.009044546654722568,-0.004108862635050023,-0.006718884669794819,-0.002494748878432622,-0.010004629569790856,0.004656285133912117,-0.005070446578310601,0.002421554281892762,0.00015829242606115682,0.0005649483280180956,0.0005991267449651403,0.0007607573156077907,0.0006027489100792258,-0.007178676383061262
2024-06-25,-0.011556086326765384,-0.013733709820242978,-0.005754924278532214,-0.0002477788981609854,-0.005149778738988338,-0.009698496417488647,-0.009495655393893732,-0.010287012939412737,-0.009283918472748991,-0.014009951177104765,-0.011857312963898543,-0.017796111424567117,-0.006905499916630837,-0.01337979422005431,-0.0037202379113758705,0.022868350413465362,0.020708433796209704,0.026765460301045672,0.010408245268118427,0.01723823486231289,-3.797482527288021e-05,0.00012706514230339305,0.0003132438541297699,0.00013977977103190163,-0.0008433799124653192
2024-06-26,-0.00408720190503256,0.006520009808291502,-0.010279499497980042,-0.007483388913272865,-0.004361837074803129,-0.014560006787733048,-0.0072418557491358455,0.012471795023593975,-0.006555758415952351,-0.009400150062533487,0.004736078352030449,-0.00805993102589427,-0.002379142154597423,-0.009115515288469895,-0.004081066241753576,-0.005839814656980383,0.015475283878945017,0.0006778765393335977,-0.008284132561460563,-0.010317748658437773,-0.00011119689484560502,-0.0001708129905221692,-0.00021542497357723188,0.0002180550854851851,0.0008163697200308585
2024-06-27,-0.016196296695495223,-0.008478243767600957,-0.010932376213614528,0.0005856002826406387,0.002659746814088178,0.0030686998968936807,-0.007666059318408138,-0.00026949295968322663,-0.008054009831746587,-0.012546194121501451,-0.006677432363384506,-0.007678791222540838,0.003404324288808508,-0.006038240306439909,0.003176750200015179,0.012598743124194891,0.02563856647013047,0.016439380129597534,0.0029637220216043453,-0.004675314950772342,-0.00030005898501096675,-0.0004923617786953446,-0.0006471731325109681,-0.0007018977119329112,0.004612880735610135
2024-06-28,-0.002318402639881807,-0.0007071092619977066,0.003056405716130724,-0.0033438615897892657,-0.0005953127391487203,-0.0001795943597007049,-0.00176749062612122,-0.00030009452102086696,0.0009617904498424434,0.004290946240650715,0.004325952376890678,0.0032584658350802136,0.003878727362882712,0.0018698436067674548,-0.0012856685048360582,0.0010427179491138286,-0.010548015482733462,0.0065592715616633315,-0.01591782350202378,-0.017044293446154064,-0.0006526516556576715,-0.00047705070163294686,-0.0007876122760450358,-0.0009764560032721878,0.000788195794043776
2024-07-01,-0.003274493731583521,0.0034915837904790034,0.00016343466015010858,0.005019250693948985,-0.002173641271948189,-0.006469626399683972,0.0062409483442946966,0.007833850214086082,0.02531319940490663,-0.011332009674590606,-0.005064112156278432,-5.295540327559384e-06,0.0048050979766708106,-0.0035376768160317222,-0.003561854631764399,-0.001724386306607134,-0.009039640350192415,-0.009088604971236015,-0.004829545045119998,0.008346466427399033,-0.0004487812527247808,-0.0001171561100229723,-0.0004942052345132229,-0.0003917351958478876,0.0015235781566504906
2024-07-02,-0.015034271309197643,-0.020724963237092917,-0.024179583437092023,-0.015329942892954767,-0.01740115266502359,-0.016454040523713947,-0.012843212182063801,-0.023685975938755932,-0.03443365807589914,-0.022628461721303957,-0.0027862531344131887,-0.023221150869492814,-0.007731852324073054,-0.017333629666556716,-0.005520251446247079,0.006975950857626834,0.002116081712891694,0.0057176304967337405,-0.004945301029662111,-0.016577046273324184,0.0001425870809296777,0.00037697045079493146,0.0003406392391476007,0.0002707254401282951,-0.0022299074513676474
2024-07-03,0.007482322226179057,0.0046900412692143486,-0.0016583768716937678,0.005740654019281163,0.0054332864742135546,0.006047120681621164,-0.00196436882441897,0.0028165914168263957,0.006101833272338946,0.0036377448134617355,-0.0030480419362712763,-0.006969759474161468,0.01304524793120991,0.013283213420717777,0.0002374005769713845,-0.012868345287148268,-0.021949629046056192,-0.01825756512012077,-0.019897849806015916,-0.015597158161534301,-0.0006351877770211038,-0.0009455131267491535,-0.0008641525562638527,-0.0007000280436642633,-0.0015526187737205715
2024-07-04,0.016692704877845972,0.02493354326754617,0.013341807206012603,0.00789563650609591,-0.009918655165094352,0.01685361099652112,0.023065010551143173,0.021467791837431742,0.033061798412136356,0.006296505841184713,-0.0005779271738653472,0.003693426861427794,0.008747180793750158,0.007125897479563167,0.005729962792478333,-0.004295641580291029,0.0022453674738456258,0.004278392788677792,0.0012631339199450599,0.006390855808583586,-0.0006194154133461346,-0.0007523285620285079,-0.0005678015768498092,-0.0009221784325483836,0.0001645391397748711
2024-07-05,-0.00117290810734409,-0.00039117480998805123,-0.0030748686819851608,0.006007917809676026,0.0016532873067055102,0.009043770280821819,-0.008136863777312401,-0.007804189288790194,-0.001936502367030228,-0.002331114480214368,-0.0036102519047878645,-0.00646908845980834,0.001075540643734366,0.004369822758946621,0.002388148753814998,-0.011634436416846689,-0.011927273566141828,-0.0033462974595003525,0.00238119554647834,-0.012590131982965118,6.656569780187005e-05,1.744321943566661e-05,0.00014426869374844673,0.00016593621225831413,0.0013920785621365653
2024-07-08,-0.012721161133449052,-0.0041082686778659,-0.003468697943383289,0.0026550232527205076,0.0009759622336853596,-0.008010818435948416,0.0021549698332776917,-0.006745368454661599,-0.018724151193808,-0.0016211853862636788,-0.003760570137314965,-0.0031776257578520566,-0.0030396054933315773,-0.003268938464026113,0.0045629002964811625,-0.0002768611123409115,-0.004170221804320136,0.00161405372477257,0.006985046660142436,-0.0018108751307561793,0.0003195773872821041,0.00045211365086031733,0.0003740522535431653,0.0004886183310813889,0.007477874863664329
2024-07-09,-0.0001158352835256437,-0.007057972744759814,-0.008524764838937035,-0.0015698053810991289,0.004856265076278699,0.0012614203305636755,-0.010486047329506455,-0.0011137904843119225,-0.011740057645848713,-0.004901503013385899,-0.0018047400539673527,-0.0029900351250097914,-0.002772983851915073,-0.0016623985635880417,0.0034134659761897368,-0.014640457652929621,-0.019001089938515535,-0.00036093874554831394,-0.0005625521878231121,0.014335299526943204,0.0006718476185067119,0.0006743277383452563,0.0005900714488469694,0.0010315073139598023,8.964876161641371e-05
2024-07-10,-0.00622022308300426,0.00653644043582032,-0.01116274541309967,-0.01319110190752043,-0.006564647571426661,-0.01135293630279762,0.010215273149785754,0.0016535879955574826,0.018312588738648418,-0.017645917833317017,-0.010338773901763056,-0.01160276548994486,-0.0033822157997438025,-0.01028224082932689,-0.003528638934892209,0.004838281377826282,0.0034211481638046952,0.007153415517893541,-0.008463033971459187,-0.003024419456869168,0.00015717893861728245,-0.00011611372022453664,-0.00013403052686851257,-0.0001587816629799344,-0.009933058268476389
2024-07-11,0.010528390447516708,0.023013714326992677,0.007545096632165297,0.008343261929355899,-0.001076676664760146,0.013657815258320436,0.013907190202453283,0.01605412853075426,0.014944548195290917,0.0038330896192844384,0.010605061179640912,0.0038958852188403148,0.0018118051666971627,-0.0010638994563631366,-0.0008687277019331773,-0.013512123994695282,-0.018289499216851635,-0.00641322080457043,-0.006649553324631133,-0.00596877743688083,-8.851892940580162e-05,-8.100224273847978e-05,5.459302566382352e-06,-0.0005247685106610158,-0.0008965871964520403
2024-07-12,-0.003998255353736263,-0.010739008899826522,-0.0166323022444134,-0.004270869570217668,0.001622894254851221,0.0050788314824722815,-0.009083169291005234,-0.012179244557937943,-0.01670179997653081,-0.019832236675930676,-0.0033929438632990788,-0.005066362782866289,0.00437946561993705,-0.002353855828235593,0.0026430689830137244,0.0003888807590280612,-0.008783087371673515,-0.006102458299492147,-0.00045142069353913076,0.014920083615311146,-0.00018068518487010396,-1.2956406584890324e-05,-0.0001667382095437159,-0.00027929237370964433,0.0015759746113001537
2024-07-15,0.0019243085321923362,-9.283209643600387e-05,0.003050741094234249,-0.01024965267857533,-0.00790632793677758,0.006562323807605008,0.002668513960839273,0.004992509533222541,0.006345936617910543,0.010982765095048861,0.003927562398230267,0.007971685841077969,0.0013831245437109557,-0.002995265687740605,-0.004319190956523506,0.006439156753717592,-0.004454438453316701,0.005721753575830948,-0.00039824835463039506,0.01798468505570182,-0.00039084069966754086,-0.0005105536394233675,-0.00039343579935429985,-0.0005932819236774284,-0.008599068131747482
2024-07-16,0.0065744629920740216,-0.008168027664155909,-0.0057369765902896995,-0.0054939125803188365,0.0013455184936656253,-0.008637563736952802,0.0019807215064188187,-0.008868568612932878,-0.005849654462281971,-0.002325291563676607,0.01150894185129055,0.0021183518494956094,-0.0038600062302508575,-0.0027944975652101274,0.0023220351046856777,-0.0019567722435961583,0.0005565996266433146,-0.0016786433222659935,-0.0029846825359595816,-0.007581534203848312,0.0003393730530638717,0.00020948755582212512,0.0004637852556427306,0.00040531513013766616,-0.006539600565447917
2024-07-17,0.008119617305845934,-2.1645206223930118e-05,0.0002928486594895941,0.01940242638227027,0.027953084927163224,0.008268660841832753,0.007178590642332234,0.00863162932000977,0.018151247160251977,0.011041483793128646,0.0013227558107919033,0.002347587231405533,-0.00431111565313865,-0.0005678348175542588,-0.005812252412242964,0.0009520836111686188,0.000243747170034927,-0.002855375481302969,-0.007195502415271601,-0.011497844710453634,0.0003703825818496885,0.000497878950133417,0.0006561305168350487,0.0006756309534383029,0.007483904753879561
2024-07-18,0.001950632605958832,0.00832838797653224,0.007650528740403858,0.009898124157319697,0.015287780258046292,0.003290391962543378,0.0009286653569251574,0.0010656715241899165,0.002464350356798058,0.007579086987500865,0.002858991952808836,0.013806630889080813,0.0017078002159333272,0.006984071360228173,0.006215982506631897,0.009515168895755727,0.007858363868467643,0.017097833941912263,0.007410013760672627,-0.01067022264654994,0.0003465557743539086,-2.2517597646824175e-06,0.00028394439731723223,7.25746284082961e-05,0.00562343289697558
2024-07-19,0.004077689122878964,0.005214971911739743,-0.0019390541455114318,-0.007269981775993635,0.0011793939560528124,0.0018509825526357175,-0.0012401637952369543,0.004130094859614407,0.004277329526811254,-0.005513555648822503,-0.00579452588565337,-0.000581751559946882,-0.0011018421708813631,-0.00973327217093073,-0.0012073388600871808,0.0013857004403051783,-0.0005698205278429295,-0.016742830775319552,-0.008529696742840185,-0.007033854870620732,-0.0003803880591480047,-0.00030782348551773396,-0.00019850175260487367,-0.000407747840824395,0.0013279869941352678
2024-07-22,-0.004689898199607061,-0.015117208429487591,-0.0026002623271648424,0.0007334177792794839,-0.00251349104735568,-0.0013243864939592237,-0.008026072519889363,-0.018121102792892092,-0.02478369346047894,-0.012834642036262583,-0.00321762196432975,-0.002654506272767328,0.0034059835029428154,-0.00411652058059685,0.006390706344067561,0.005710363355178898,-0.002422508635489251,-0.0011794052829186196,0.0011521223467557077,-0.001291567838846435,0.00017698639101383117,-0.00017160472010519455,0.0001366089040396261,-4.684127490861575e-05,-0.0051516062038338035
2024-07-23,-0.0031131536241726294,-0.003854950996752422,-0.0011932490760023118,-0.004731747489265162,0.001591083106959667,-0.004888277613056656,-0.0027647038657776925,-0.004344824351341898,-0.012780220229023639,-0.0004500496213327591,0.0008256293413790016,-0.0118891209745542,0.0028680963515725923,-0.0021946836759057843,0.001578148533544605,0.0021823913606906103,-0.0009504239566613176,-0.003976193055652931,-0.0056069998024638286,-0.0026160235409109682,-0.00023419868194225746,-0.00029249651647134366,-0.00043989251831700395,-0.0004421066039572392,-0.004821720503257238
2024-07-24,0.004743386352537068,0.008575072476685647,0.013317944913320202,0.0033681536136671224,0.011936564671333909,0.00797149120784577,0.0038962049477247176,-0.0008550186145865031,0.020110055793705905,0.013550370523044244,0.011767283856121215,0.023315362890970963,-0.0019470793233040808,0.0019154168537398983,-0.0023047323180809096,0.0077947146597121325,0.01204872883113466,0.008888369370523707,0.0038250151360355415,0.0099180898422291,0.0002288617270868719,0.00035819569660028457,0.0003339358384513384,0.00047568770844610194,-0.0007410057864781592
2024-07-25,0.00661152071519357,0.010358455307400921,-0.006684823391230115,-0.0010485517504588747,-0.0028537728268245386,0.00025448894043888885,0.010220973155195807,0.016054423814132718,-0.003865527540414984,0.008877231506317912,-0.00193904545230431,0.00483924721060802,0.0005106606050349803,-0.0016178699719755815,-0.0037246784088018616,0.0001841902360239455,-0.0057158023376990665,-0.007693670850634899,-0.007424968775899727,0.0022640034501502882,0.00018292333244414072,-0.0003480899501541601,0.0004559565272766772,1.9145967817940773e-05,-0.009783913366785217
2024-07-26,-0.0036816312895876406,-0.0016245639788376998,-0.002713149441301783,-0.0006269274714717577,-0.0022254190589339434,0.0004646318614516974,-0.01126590576122724,0.00028583227849058256,-0.006184040527290373,-0.011045920904276984,0.008613531117521016,-0.01602420612799939,-0.00019587673570515825,-0.004619672295862262,-0.008483239853642993,-0.004831135186891427,-0.00658990927022081,-0.006085853374736771,-0.014806653515272952,-0.017458287192618938,-0.0004734265171948346,-0.0006642627132931142,-0.0008390798229726109,-0.0005922641796927254,-0.0003720811957496297
2024-07-29,0.013201012493274756,0.017566551944180216,0.014069437149456371,0.008460801752209151,0.0049916416407504854,0.0005118421595874017,0.011369939726623415,0.0012788333207355805,0.023937329229043527,0.010960618552159743,0.007600550765474511,0.0012652233099814838,-0.0013820615829833115,-0.0006703669803355995,-0.006128442093154695,-0.023036420763974833,-0.01581372893921879,-0.017184089812323253,-0.009650843862246433,-0.0014725013515639314,0.00015849927102707132,3.6908389612627066e-05,0.0007376734930999018,0.00034266941834411416,0.0006041997093216107
2024-07-30,0.013664476348807941,0.015250280912522656,0.009839254477059835,0.011293305632061847,0.004128777317809115,0.016604651562224126,0.013465722964807789,0.01774920133956919,0.02866184649410386,0.020364815793757908,0.016887910329198397,0.01309780815231095,-0.002917113953534765,-0.005150323604734422,0.0017533196769147377,0.007637639733955117,0.014727747788144105,0.009231263323681155,0.012136025169064065,0.006079714908685909,9.067345848307544e-05,0.00012224133497846194,2.2621125308819784e-05,0.00036439722115425775,9.062173005892535e-05
2024-07-31,0.006860906783960015,0.004405788320662728,0.0012248558508817038,0.0031245705438731897,0.014389166067870319,-0.0009750128224336701,-0.0013616422919938793,0.004450423088073698,0.003896591484683206,0.014594257094775069,-0.0021771046800253273,0.005466473041761378,0.001121943883643602,0.002558297246507508,-0.0062403644338740825,0.0049625551358275805,0.007740532413559882,0.010415488175950513,-0.004748671810165882,0.019238644110337468,-0.0003681137913027273,-0.0003970258534861567,-0.00035849900017242455,-0.00043623740204543917,0.0050702476808943105
2024-08-01,0.006405250707678875,0.009772712368960037,0.0003207416366946031,0.00041359680788274986,-0.0016544586562735157,-0.0008633857985558,0.0185224214649254,-0.0037013837769809864,0.022558596412659504,-0.004408323804616004,0.00796068380513994,-0.011650948356333922,0.0018016224668568194,0.004454718731673536,0.00726145782213381,0.0057411935885817575,-0.0023419139978760467,0.001977709233559397,0.009187798650651323,-0.007581212964933805,-0.0001656405744836216,-0.00015732752347622224,-0.00046467637040318503,-0.0001938022537748253,-0.0030882092513596993
2024-08-02,-0.0038993245220819584,-0.0035005888468520024,-0.017423849057157666,-0.006118142689074119,-0.0007431425371000615,-0.001706544307450638,5.514276351319816e-05,0.004051173129585671,-0.000397110047892741,-0.0054268342734243346,-0.0054196785727805095,0.0030653547290990344,-0.0025726917361179828,-0.0055189356354135265,-0.0014778129157224714,0.0022442769349745695,-0.008777645762695026,-0.002337402118049849,0.011559862491228558,0.005497565883811564,0.0005193298966783136,0.00030664063576918616,0.0006234543362135696,0.0005108517754169378,-0.0041087825274352474
2024-08-05,0.014906121215329117,0.0025528780548873973,0.010348898417161195,0.003483599870252753,0.01413936466308758,0.008357214591520928,0.008800512554447883,-0.005357465612139643,0.006695543173687174,0.0018772073385210923,0.00884954953516754,0.004366884077738613,0.0026414429374365936,0.00290049102242396,0.006338102411091218,0.006589166759812484,-0.00047757069337291905,0.00459326192758372,0.005092668171747743,0.008910611132062249,-0.00022465422946939744,-0.0003194250202156404,-0.0002919597979996752,-0.0007947711386484041,-0.00011861687561461444
2024-08-06,0.0013329528184974886,0.015201565879219333,-0.009118186656358713,-0.003981532385283889,-0.008452839360623316,-0.0051598706982002125,0.01655454252760557,0.01886884737437683,0.03752202682164508,-0.00553659945739249,-0.001985241121878696,-0.007946057442148085,-0.00820718370233818,-0.006521129438314471,-0.0016429375206018864,0.015332022854447172,0.015793436066316134,0.011832163165957092,0.0004723023499359515,-0.01708116281570517,0.00031337016857225326,0.0005371559032925061,0.0006116896276935706,0.000981220986328622,-0.0072409369643508924
2024-08-07,-0.0033290202549718594,0.009203950302753661,-0.0030486970793343823,-0.0026690619394319297,-0.0017521159657988674,0.0056228708311090786,0.004069702790252885,0.011089578038346579,-0.0068706337018818175,0.0024974899770871632,-0.003231800288869687,0.0024143342755110404,-0.0023064567054622274,-0.0034903916726616523,0.004535821589301727,0.008810654542160614,0.017487343725436342,0.010614541293668943,0.009820907475087823,0.013162389308352602,-0.00026542285080584556,-0.0001786812750428273,4.195840430733767e-05,-0.00017020706717578774,-0.0004834735364661716
2024-08-08,-0.004988413179324412,-0.01331259164855875,-0.005313788862001461,-0.01240921987210829,-0.012881826282106018,-0.005341329988266351,-0.030937183224138277,-0.01469228507697816,-0.02538264489900284,-0.011252198689663765,-0.005856694406713316,-0.01891167069583516,-0.002935963349393902,-0.0008652361672919916,-0.0038330169989068096,-0.015652814560905774,-0.014494921795063632,-0.007588247544356987,-0.010546926831169869,0.004455284731344293,1.1589238416006501e-06,-0.00033991148708537077,-0.00018263835924894653,-0.00028113554411589417,-0.003847441187768392
2024-08-09,0.004309234326353506,0.00877423552478254,0.006238904190239183,0.002466339993212845,0.006541724023635308,0.010510784735171686,0.016414165658512087,0.009834511251468716,0.021342321374235633,0.00424998439323955,0.0025137715356253814,0.007952829894530677,5.2940162632788765e-05,-0.0009317125514325042,0.005285709721979598,0.000974075235174506,-0.00448061635679486,-0.0034808631086312245,-0.009217846384787098,-0.012540729386058875,-0.0001646160215730074,-0.0001349411401211505,-0.0007162712674654876,-0.0007807285451265579,-0.007271731491593259
2024-08-12,0.014350385281842726,0.01159519782251203,0.004220342682442207,0.023820170908367057,0.027715126750665262,0.002193800402610753,0.012039958276836805,0.007730982792843341,-0.001554745031281956,0.011039653735792637,0.004024017186417339,0.005149795256307394,0.001958225222902208,0.007684698300558172,0.0032549763421254076,-0.004337635797327517,0.002214366437141946,0.004763868447398221,0.003352540752874348,0.0044796039438786866,-9.446037916653225e-05,6.986157323731225e-05,-0.00031744562405800484,-3.812632590757841e-05,0.013565307867341891
2024-08-13,0.01355304915951658,0.010555006121664488,0.011695417177203385,-0.005811249891694511,-0.0016203440489276901,-0.0020467007008108046,0.026579334538433665,0.007744039817528131,0.0160835385604251,0.008966993994394039,-0.003750873933847374,-0.006275359289077304,-0.004107348931370612,-7.576294311121805e-05,-0.005378162837303752,-0.014402517050168814,-0.006542431723428367,-0.008864563616879312,-0.0034519824532759516,-0.028147755105260765,0.0005464000226793231,0.00045548019199220433,0.0008038722773010068,0.0006077415598454536,-0.0048546231746739365
2024-08-14,-0.005565334060513478,-0.020028985108030407,-0.006620220904045853,-0.0010253330559005167,0.016186417170969004,-0.008498906994588346,-0.009837849563611542,-0.019751086841845848,-0.03661461405303082,0.005224133197625068,-0.002452806939190693,0.001793309014359871,-0.007690997714267742,-0.006640289051172903,-0.0031921797227287725,-0.0005036005628928624,0.0017828106374647426,0.0044588107539870634,0.0076511420190107,0.02608087772732738,0.0004110006618729767,0.0004349729997227727,0.0010863199962579677,0.0006137772609051735,0.0010651374856752655
2024-08-15,0.0010600262166855414,0.001577194638037722,0.006523984595186649,0.003936666649725763,0.004421008677806109,0.010209003911578429,0.008517454924220479,0.003066768972268295,0.007126749165627834,0.010168796794487685,-0.005814130572067107,0.026717558569239075,0.0026511416041504997,0.005970591579520411,0.003040182123890329,-0.0007096164917774648,0.012248247734360684,0.02120423809482704,0.011558123838245117,0.025579518236708815,5.8534096093442217e-05,0.00018669910413355486,0.00043253229435684685,0.0003903291416274833,-0.0026273814341315903
2024-08-16,0.01892733986902635,0.019171369180544504,0.03193733014990172,0.0034121327333291075,0.005297569642635255,0.019091585422343103,0.02273968512442771,0.013420710299876982,0.02150203764154357,0.02379474303232741,-0.002531628207977172,0.005600489117802623,0.007772727794945733,0.012558006624749981,0.0027066621505680965,0.01383815163641919,0.028664114075347844,0.0031218476553947477,0.003739011883329662,-0.003996838894762871,-0.0004291297866222092,-0.00027341903226977356,-0.0003421101562598411,-0.00035295462309154797,0.0029023436706419286
2024-08-19,0.006394244008181936,0.006580524837061153,0.001980413422611532,0.01826438646359449,0.018920738458735743,0.0032810595111273312,0.005864180582121534,0.009630401221920106,0.02285723049131378,0.012996513117584983,0.002433798603633079,-0.00928254057789332,-0.002543609643747155,0.0036996406563494224,-0.002159833366950357,-0.0014971635808698216,0.00762944048611657,0.0044009886936116046,0.006855360563167585,-0.011493966717958014,0.00030167202688047973,0.00011160473991251744,0.0004117386944159214,0.00035896767824965866,0.008762577497897729
2024-08-20,-0.0010520540679213684,-0.001502088162915605,-0.008360988703270584,-0.005239200098448208,-0.0076689030662999876,-0.00011838570304695457,0.005452434474708494,-0.002736669293936812,-0.012139340792627039,-0.0017684520222834754,0.001335736445556419,0.009999640788672007,0.001159881611326391,-0.0003311465338620464,0.0004801868196801936,0.005886662766257889,0.008543086131742143,0.00019314602184174667,-0.0050645854698521614,0.0016321112501310455,8.611017503692833e-05,0.00024095146169694038,0.00039370107273819295,0.0002353422843204997,0.00677475846811221
2024-08-21,0.003109876450360323,-0.010630988940152568,-0.0032250246915061305,-0.032072866242072666,-0.03367405867381123,-0.014515317547818865,-0.016328713530182223,-0.005517630948515041,-0.019003307885949654,-0.0014622594089441503,0.0016713082261192078,0.0003615132909620209,0.008457913037718964,0.005655825014688231,-0.010279977524441118,0.017982188217809697,0.015539792919289957,0.004314604711014985,-0.01091624386670969,0.04049252110093206,-0.0011665947605712177,-0.0013365544489142755,-0.0015907782973597399,-0.001660889097069962,-0.011007865636532986
2024-08-22,0.011173180820645594,0.010221063684419548,-6.0111201764578495e-05,0.008582689079015826,0.009098405296165804,-0.001971382721617887,0.02346469026166164,0.008621574667217365,0.01635893034807017,0.0022750321755609583,0.0022614010638735064,0.012736791888171718,0.0004395539236181519,0.0012475764900637888,-0.000971915453397248,0.0056123487599518025,0.0008615451082926182,0.001451088533250431,0.004264947349214706,0.014310637199751423,-0.0003629292091203573,-0.00011383246990453956,-0.00024418603438266194,-0.00044458514617798237,-0.0008309237090388259
2024-08-23,-0.009324020830600525,-0.013108730451242794,-0.015304562341079513,0.0013711001085031658,0.005876656568005924,-0.015081356003160847,-0.014956063011436586,-0.011608638184415734,-0.015463885859042,-0.0037696316297897636,-0.006271939806753889,-0.0123548102022868,-0.005851341963299018,-0.0036757232194901813,0.0016162693390761082,0.003548213781770568,-0.00802601483893565,0.0030446915548683427,-0.002292818538679492,-0.011178842694231673,0.00024040488893367957,0.00036876659865319296,0.0005821339444425782,0.00028376722900976003,-0.004519906408641817
2024-08-26,0.005610799079677386,-0.0065280976156274935,0.026658640285236245,0.011069694433406765,0.014918267117264256,0.00746563506454947,-0.00645043128266399,-0.0014894949582263668,-0.018895237466779055,0.014051030986792553,0.005016502292732329,0.00508099955668514,0.006036811197442115,0.0111224113779121,0.001172659371231526,-0.004298824569313483,-0.005385334064456914,-0.008037655079141974,-0.003184399612222303,-0.004504023224743354,-0.0002507411752085107,-0.00013745959840228049,-0.0005300171416684005,9.570003144804051e-05,0.003745507799273925
2024-08-27,-0.0045620218840797715,-0.015560399175988057,-0.002816397926630126,0.0025423380284616995,0.001974346033087312,-0.005413535466921486,-0.014971414073836268,-0.010071175217589311,-0.01759767240979091,-0.00305035482080195,-0.0033333209230535835,0.0004523189137657429,-0.0005225626054230655,0.00027461399079105103,-0.00010372752525798952,-0.0012694634650595115,-0.007145070555154947,-0.0013420516716591046,0.004583158620844417,0.0010327192318470221,-2.0157946783207695e-05,-4.4254772742813694e-05,-0.0001582101955786512,-9.128228993456511e-05,0.0017429842888423306
2024-08-28,-0.00681491348452786,6.220257637559647e-06,-0.00018166094583937226,-0.01706106381848896,-0.014038065311106214,-0.007861283810524429,-0.0004936079043452871,0.002349925722379177,-0.002468469277763138,-0.0014973918915319245,0.0033479207761523055,0.003867637652198692,0.0011132228859571038,-0.0056821169332904025,5.3343460665967795e-06,0.013691539955241618,0.02063849451773244,0.022978425581136993,0.007080153987492604,0.010512766908095501,0.0003531700770061,5.9229582897788446e-05,-1.1430982834448447e-06,8.927814598967161e-05,-0.014874456136764774
2024-08-29,0.003239431999897213,-0.004141776358855597,0.0008589912642154129,0.009022997720411425,0.01742679176441762,0.008349519996504549,-0.003237050676465771,0.012830175268262165,0.0044930010781158575,0.003785505293580735,-0.005849361158219199,-0.004689802655695287,0.002010189837133015,0.001894889627863753,0.0027028063712413496,0.000789628295860396,-0.009668464748651913,-0.001643579080749464,0.004246918931345425,0.001698847510595701,1.6679390983512216e-05,0.0002674003805945216,-0.0001773130428036727,-0.0001475917636199238,0.018948088047510005
2024-08-30,-0.004525592162247512,-0.005816864270127701,-0.013488215454305237,-0.010752809782070194,-0.006706704892506507,0.0003747873444469313,-0.003774152140957327,-0.009712492581223687,-0.0014246114294774598,-0.013124345467168556,-0.0066911819632464176,0.007534637815142354,0.00484911340263173,0.0006691035685365831,0.005943949601281343,0.002785493211234301,0.0028207001860188316,0.006100798283875105,0.004872917042544511,0.017585348379733457,-0.00041032460909409807,-0.00024878045481862497,-0.00011820708388121448,-0.00046293813614306083,-0.008975375168004238
2024-09-02,0.0164114755626329,0.012802905386778342,0.015525806402639513,0.010381272011776091,0.013364301481657646,0.00238555524582168,-0.003975899435680261,0.00048373646618703626,0.01470715081242399,0.013949064293077044,0.00897584603164581,0.0059857190720562,-0.0007399155841379488,0.009222895908967695,-0.000927898586954102,0.0016928730231934204,0.00036728184344467577,0.0020674959463569727,0.005599538778105102,0.010099471298788194,0.0003701723809318524,0.0002431398716745077,0.0002847009961414063,0.0001375347266493198,0.004822952751191234
2024-09-03,-0.018163445810256366,-0.007792863265991771,-0.0029226325551791246,-0.02368494687517731,-0.014605223385957572,-0.009769369932502476,-0.008067047203115369,-0.008154668781187013,-0.003784715748137716,-0.017607722958907703,-0.009251541498935301,-0.015130642787781097,0.003326193751678109,-0.007190009294056944,-0.002729507456469699,-0.015518223231704105,-0.015443930910924124,-0.016716599487553448,-0.006360089863448963,-0.011570807755706049,-0.00027589791811027367,4.5145302332269126e-05,-0.00037654377742953656,-0.00016648297804822796,-0.003240352569399663
2024-09-04,-0.00014417323717694393,-0.011049072377709017,-0.0066307651301721286,-0.007145574056043372,-0.007858488738484163,0.004106766562947193,-0.00792887392630796,-0.013080221244799045,-0.012636492069627994,-0.010693134147939704,0.0035317555364892056,0.003892792242523547,0.0017189770180688236,-0.0013963908530628755,0.007792536667099522,0.0009981844953241312,-0.005127202089841329,0.002053985920737746,-0.0038265350248165627,-0.006062566993397731,-0.0002915299453945831,-0.00037612224169145933,-0.0003740655824270812,-0.00020383445967316798,0.009943255469945593
2024-09-05,0.007395451438707686,0.007554137092013375,0.0029243235768132694,-0.007691329104464236,0.004641794076123161,-0.0016070359581412032,-0.005776298640422136,0.00442913743870937,0.010385902036574952,-0.002129217663289394,0.008488486396577991,0.004688508491891598,0.009001994250049102,0.011302668964135327,0.010033214926950914,0.003974546228295103,-0.00279945834524064,-0.0019741322356689886,-0.0046347912423108165,-0.0013893548906673651,-0.0007760108140721113,-0.0008295929707935976,-0.0008529435879189722,-0.001406518154805803,-0.00012101496262878052
2024-09-06,-0.017252756016843323,-0.01649292775107408,-0.025080485154408434,-0.006739249229970601,-0.011833255947652492,-0.022722633412555794,-0.01836353159693555,-0.015409445057347917,-0.022053353808536673,-0.015490965648372849,-0.0034674603127509305,-0.011482793488166077,-0.010015271635876224,-0.021685812608518307,-0.007591790798653218,-0.0017884945224855904,-0.013923785190585505,-0.005941365111355231,-0.0059415886508920115,0.0034840706195050364,0.0002623641175788227,0.00044419029641797097,9.498213775543338e-05,0.0002936711126966461,-0.005574888149430288
2024-09-09,0.016790582109915044,0.02222085068878908,0.017814212387513597,0.007368963709680464,0.0044947465627157325,0.014364154255696388,0.018366468505162586,0.016988611793126367,0.0147405912524234,0.017071387716492057,0.0037298374153014353,0.0050881395323621546,-0.0029463543948856836,0.004730549288927632,-0.0019833660421953,-0.010022357082957022,0.005571429937241331,0.0004159709739251479,-0.0063512310685679575,-0.014376810377893992,0.00035543241150471646,0.00021004232263765294,0.0002578338101550131,0.00033402268733837064,0.009972161677307514
2024-09-10,0.00404320971636736,0.010469280453533309,0.0002617640695339982,-0.01579881820931356,0.0033630526029516696,0.009848734537656742,0.011486626482095535,0.0020694509076449093,0.027185390285644567,-0.006291196610347679,0.0026370924528941464,-0.012494249255766768,0.0077538722780162855,-0.0013078582441328488,0.003218835021859446,-0.01169204980104053,-0.004576488161580323,-0.007600761107132108,-0.0018376860566038569,-0.016339011706934352,-0.00021713420227993733,-0.0005782651897838427,-0.0005391317807133064,-0.0006094720983107765,-0.0060711631060951605
2024-09-11,0.0007989729534198394,0.00042883629167692104,-0.0007129217415571321,0.006798173516419402,0.0003843494318296146,0.0017378389220218352,0.006324697033149963,-0.011397127410475234,-9.603147522705639e-05,0.005318029665920441,0.006801003677732823,0.0030071612744132117,0.0027988676143014665,0.0052450982512034965,-0.0024217966830830297,-0.0020705881383712745,-0.009407932347773602,0.009829765700021227,6.326630771179742e-05,-0.010222106532139539,-5.874138421734462e-05,7.28107132486107e-05,7.011161889758439e-05,-0.00028709495406888986,-0.012952488578370815
2024-09-12,0.012981542312601433,0.006207789335712167,0.017338485477018325,0.011810971710264693,0.015732440548520923,0.017998682377559676,0.01662043339739039,0.017742491458358607,0.02398116487924629,0.01871607558186164,0.0062985848328565245,0.004819545592926815,0.004192740685748747,0.003816273198386065,0.007895238970603216,0.0014394178007695107,0.014091048998787624,-0.006378523885336319,0.007523129378632761,0.009419512406323735,7.942651435431417e-05,0.0001729031025180669,-0.0001801040973156384,0.00014405462030680444,0.009579337005967994
2024-09-13,0.01765638549598316,0.016376886742239964,0.001378021778253248,-0.0045933007252622875,0.009383364279166116,0.010994062175896858,0.013439205841703255,0.004604571311799258,0.008295037922782455,0.009894454353996524,0.00672382310110913,-0.006771765860606872,0.006806899942489703,0.0037670186980080676,0.006763160162546146,-0.00944875245445563,-0.014620363766432562,-0.0027782960021500627,-0.0006063500043047992,0.010516741233995626,-0.0003270981246361403,-0.00038602247499420225,-0.0005065893853036265,-0.0004550482955979714,-0.0025476993345032424
2024-09-16,-0.004416293478687692,-0.008548253009791774,-0.0025834077417977866,-0.008674199335216248,0.0006344366120756874,-0.0028604328117608642,-0.012746298555733363,-0.018205728893199973,-0.01527153014335653,0.007377804955398996,-0.0034837099644542003,-0.013671662025592723,-0.004926009830508548,0.0027332569974349327,-0.004556927906837404,-0.0014567025474468156,0.004550073623337005,0.00752501984258812,-0.009829882259391909,-0.014679309639298279,0.0006839455540109149,0.00044272814501961094,0.0009491339377296734,0.0011910293160950704,-0.003926756525186534
2024-09-17,-0.002772173394919467,-0.007030014378983157,-0.001451613338067398,-0.012919640435773046,-0.005521997340195147,0.0029648544339655387,-0.00730677548941758,-0.01469614747164815,-0.021686282504211764,0.007379884096085629,0.0037090371495763714,0.0005741913086809523,-0.00020520611858825867,-0.003452825885235155,0.0030204611117339436,-0.005393036938884706,0.0002342310665830698,0.005002464007535228,0.006761715727250925,0.005966974358146776,-0.00021052397808013563,0.0003113716675295867,0.00012459193353058306,0.00031957167224341235,0.0022135891660992123
2024-09-18,-0.004759567979039161,-0.008485051696869198,-0.008337869895783789,0.003709994981205448,-0.0014721611877186042,0.0030132533497186373,-0.016276714139566377,-0.014929192192374555,0.0008498559748086887,-0.006747022881089177,0.005796398713667656,0.0005138872852728828,0.00453921854223148,0.0069191762823096175,-0.004666991818230603,-0.008762689421248734,0.004691909938929103,-0.014801506633026585,-0.0009905773922735586,-0.004362899208959549,9.173323960280469e-05,0.00020404979363400057,0.00027070671524985127,0.0001987714338398447,0.004364765698136074
2024-09-19,0.008492371517982728,0.0027770985958141046,0.006005957486595154,0.0033067922671670656,-0.013582290151186931,0.0027267935031116005,0.006269260877880149,-0.0022503072562703366,0.01156730887240477,0.006916796917339379,-0.0015866154232912423,0.019903519614002232,-0.0033280033385149135,0.0055333738099725815,-0.005128971348580385,-0.0030248354241120875,-0.0032883498166131047,-0.0034493848028146765,0.011298998035813706,0.027784208830309687,0.00039923262294475347,0.0004119250343182602,0.00046929552779724894,0.0005150245719325246,-0.005571281178223402
2024-09-20,0.0030358044631251238,0.00015640530313819356,0.012932985724318958,0.01290184393293654,0.012212110571129123,0.008263258526801548,-0.010867820381747753,0.0026621663078191956,-0.010455616308228643,-0.000960216839863407,0.008587836511034777,0.011201052331134987,0.005011025498715507,0.006749717453011561,0.00278086399897581,-0.003389472535413477,0.003317848131822531,0.007497297247175563,0.0054399325120061985,0.0302583267783139,-0.0002257574270931929,-0.0004522838351487789,-0.0005688395199676499,-0.0006441568559451645,0.0028562969595951238
2024-09-23,0.0015603799747002244,0.004061083175724088,0.0038994718168486814,0.005728931029415419,0.0046405114348749615,0.0051307546637026635,-0.0022572230364366628,0.008312921897998028,-0.014049815700233129,0.002899751860510973,0.00016009570774900281,0.011969356242099539,-0.0009479226373505052,-0.0005588448295357522,0.005213415945748375,-0.00011283082091028546,-0.006320390019567699,0.008954962997941695,0.010760162543265013,0.010129126327784661,0.00014213942088914472,0.0002625419662747205,9.195116115696905e-05,0.00025213727999587673,-0.0008518194099460994
2024-09-24,0.01167987910520366,0.008025965471531055,0.008347144599005015,0.0037447746937145396,0.009524052712308554,0.0061010892028368485,0.0219183795988708,0.006844593738806081,0.014404260172242311,0.005928251903881718,0.01583985071720719,0.004832005041238938,-0.0014335308847473471,-0.000330714482315565,-0.0004998368692681569,-0.01763940901606289,-0.023574810318023713,-0.015707638254441096,0.0023313446449574997,0.008049761835853446,-0.00012123017277304013,0.00019476638141343054,-0.00012020632291444333,0.0001761297719190194,-0.000176185562435057
2024-09-25,-0.02501062459851595,-0.0031164052038038237,-0.04447668012613866,-0.006014409872770979,0.003601141740475158,-0.011478967373898852,-0.01275041459263361,-0.011175983921565002,0.0017138441596830482,-0.040124017692812236,-0.01805650105376406,-0.03881986828048127,0.013237894818825478,0.003000277577560953,0.013009377290928076,-0.006415675250405769,-0.024749307391655078,-0.028205091566082502,-0.005994562669014155,-0.0341237997137303,-0.00023644262145078377,-0.0005722096637686773,-0.0001403793844824779,-0.0002593805796427711,0.005072661538665728
2024-09-26,0.0055207603950770566,-0.005736855708590019,0.007127892475418966,-0.012491536091017457,0.0026320527287497014,-0.005078049803150445,-0.011625670274270718,-0.005976440873729254,0.009366880990343808,0.0078004591278836855,-0.0014028977775602369,0.006618687518100413,0.001343440296243387,0.005137867906938481,0.005819107612860596,-0.0028350470734438767,-0.006580821410883909,0.0014636316335482529,0.004973751885675686,0.00023938496121169058,0.00020130207641646717,6.690003085820137e-05,0.00014188680207332817,0.0002263252109916188,-0.00842526592794009
2024-09-27,-0.003506606137662174,-0.005636018078114566,-0.01310970613749645,-0.0020568043821266955,0.000549703408490418,-0.006273492014879572,-0.0015311613537597598,-0.013241934597413674,-0.030918971370721346,-0.0014520189136394022,-0.002879315880377533,-0.010207988613416546,-0.005762269280395037,-0.005631497801576084,-0.002218539447682002,0.006076542749573609,-0.005246906460608764,-0.006514531586995968,-0.01289972960851694,-0.004535721356036316,0.0004813507343681474,0.0005973980410839034,0.0005818146967373229,0.0004819365244175762,0.003720068647867981
2024-09-30,0.005771794239615281,0.008105412015340069,0.012230779035306375,0.007078755547956487,-0.008481056034531032,0.0028002434563012086,-0.0033674731026634586,0.009347028367016784,0.01015159898299541,0.007941024411919469,-0.0014044891410882098,-0.0013211105903770046,0.0006663824946393102,0.005744904796164889,0.0014311844441863369,0.0017002124966810053,0.007151864177748397,-0.0020513981795430435,-0.011139425423829468,-0.01180577461127119,0.00019040448907997295,-0.0001718757810867996,-7.326295792562525e-05,-0.00031547839562863186,-0.005263949688895544
2024-10-01,0.0027470885444781587,0.01785578446708702,-0.0011626549177315782,0.00427577484533975,-0.009523348946565202,-0.01577834361066016,0.0022404014618552263,0.010532049953756449,0.013166853763429832,0.005845316850180315,0.002908899813324448,0.004453779794062969,-0.0019976604896684166,0.0015787842572178464,-0.009251346382048886,0.0016803326222858935,-0.0004577188020326219,0.00030212621091884337,-0.005788825099742409,0.004729133755530339,4.418042338827202e-05,-0.00019987155404721187,-0.00031915461398437245,0.00012476593984578647,-0.0020653820517022832
2024-10-02,0.007121722042425458,0.00105608674591995,-0.0013837807422763934,0.008794271859218765,0.012761970638767366,-0.0005201439553468357,-0.0029054377349870784,0.0083288602299404,-0.0064811268989401006,0.02336135210374462,0.004165049505122975,0.008954558561469206,-0.0013175888144619909,0.006999439670526081,0.0011746371178102595,0.003074472227067757,0.009155243655617196,0.00598355901420063,0.005373091865182164,0.011539137874152564,0.00044968443121012636,0.0008212673897439154,0.0008983597401355412,0.0008399610030306858,-0.006457567042397538
2024-10-03,0.008586418977117996,0.0006852966042346638,0.004077965346243985,0.008656735619866684,-0.003405041028679062,-0.006827178147062408,-0.0018975970366807498,-0.006660746611653873,0.0006189598410601097,0.002089817315520039,0.0007695814516043261,-0.004740994415673099,-0.002218722738720759,-0.0009314616259162082,-0.010710078678154659,-0.00310320516317783,-0.0020288055666106497,0.010963249276651002,-0.012435829725974259,0.006469038823797079,-3.091649102581091e-05,-0.00013369422305364937,-7.719664546764735e-05,-0.00014980993091732726,0.003082815521191635
2024-10-04,-0.00038594959906948305,0.006709077819566805,0.0012672193839334395,-0.005128444305099409,0.01111352551098317,0.005247460010206066,0.010455804986610582,0.011736502507612809,0.02568036172430499,-0.006779510345847622,0.0016000894606309664,-0.007685700126710316,0.0005367087862652234,-0.0008839213573151154,-0.0037275057485122555,-0.01766234027562487,-0.008024837480917394,-0.022378103198095342,-0.003954977546516576,-0.001214887908650663,0.000285849061734059,0.00032639817206205356,0.000235970200002729,-0.00011951384550390373,0.005634179916924824
2024-10-07,-0.002037519152580766,0.007615222739594458,0.0018110346309272445,0.008805053476972576,0.010864470429559004,-0.009593479502486327,0.006572967150954914,0.0006454887603687949,0.017043776639141073,0.0012139301553811843,0.00016764361267706564,-0.010171624511246369,0.0002590945092490707,0.00010204170472190603,-0.0009390205073504573,0.008024207796153277,0.0035634855562717057,0.0018235861617025215,-0.0014670772500690729,-0.012703853716723456,-5.066883118321508e-05,-0.0001307953766306575,-0.00022501419312672378,-0.00013031255688990414,-0.0028809379092998347
2024-10-08,0.009004390882328623,0.009267960721733614,0.012408575900818144,0.005323756220337349,0.01059906053656018,0.006405551494591523,0.01757660596352952,0.01842889569987862,0.0010507181542816872,0.005866972740739288,0.0067042007623950624,0.012144008658369586,0.0028639052386873792,0.010233510650768968,-0.0011023430014038623,0.00123394911523672,-0.0018598395131176997,0.0018581141383503708,0.0027282269966664966,0.00876529011023864,4.5332509913734466e-05,0.0002491148520508754,0.0005278246212928589,0.0004729681249541682,0.007186103269191284
2024-10-09,0.009604498595185824,0.007509833595402822,0.005609085243639361,0.005645232126307949,0.004876647044147857,0.004701577394946904,0.006380994457871651,0.001709874472567254,-0.0013053214607296358,0.00750755060389064,0.005219793897276085,-0.005558979163187232,-0.0004175446338112326,0.006423003763623127,-0.0007411731665080044,-0.0014870333765941305,0.018544589228159263,0.006450092332383963,-0.006649846178996804,-0.003267583951203355,5.290174173167486e-05,-1.9918302693410736e-05,-0.00014499563883249708,-0.00048730045176385243,-0.0054303175668115825
2024-10-10,0.006291163054088073,0.018602623471471576,-0.0030246008821493914,-0.0029834618474855216,-0.007989401646429844,-0.0068902029410932274,0.020349743107257536,0.013523550507848167,0.018784403613877863,0.017539120621449963,-0.008182875525979969,0.008541529707347652,0.003042064905083082,0.005549029950032582,-0.007436826322446447,-0.0048881368117874874,-0.013411525152817586,-0.012115417855477107,-0.006061125106122649,0.012567984694950398,-0.00035046139960739816,-0.00044628683782472025,-0.00045909183261742267,-0.0006196860904816323,0.0003900139144207914
2024-10-11,-0.005009099646540579,-0.0053562610864647045,-0.002866841443491066,-0.0035213438508802817,0.0018937934997300936,-0.012471453519726894,-0.010139223247769825,-0.002524118984839588,-0.002120495435834882,-0.006379092354552074,-0.010161369539922624,-0.010997497641128128,-0.007350548318331138,-0.0009818072680575982,-0.005479799417119064,-0.0004754812782619129,-0.004857003106124167,-0.004074555370617898,-0.006335038014603127,-0.011700156076009629,0.0006678216303660308,0.0005051306043899903,0.0011481872236688707,0.0006737657156011131,-0.008356376549645068
2024-10-14,-0.013671332133214052,-0.01850642110138498,-0.024823273116987173,-0.01853333275548532,-0.025340499421064176,-0.01951133736973361,-0.030428192162457915,-0.033580255541687296,-0.03839708231305204,-0.004793442468969858,0.0027402950533007547,-0.021404443088034086,-0.0072267490053940665,-0.013806812850559921,-0.013261396050338799,-0.007036973677361567,-0.03314125344075722,-0.0007878579737203781,-0.017977970796953187,-0.01974158203932965,-0.00016695435889369265,7.231542817935051e-05,-1.619983101272292e-05,-0.00013806057061794484,-0.00438536274305431
2024-10-15,0.011294394094483157,0.009360210282325098,0.01870502875335046,0.009934953252776582,0.010741491436611737,0.013860351055736547,-0.002912844233889625,0.0028017314729022694,0.0063159920093630185,0.006911168405481837,0.005487870494272076,0.0170188406678528,-0.0002510737674873147,-0.0011103368918642517,0.00022715053803049588,-0.006209019430276925,-0.004567467591075376,0.0014050277530856855,0.00320976027738733,0.004371666045389843,-0.0001894369354200078,-0.00013076440902544558,-0.0001819454488501609,-0.00014516193422215804,0.002471080995905107
2024-10-16,-0.004812398980302562,0.0020293208286217604,-0.007341783127361192,-0.00398368117771828,-0.008745327078331406,-0.006631806966967315,0.0033822506584628284,-0.0041074820674087105,-0.01882746736105578,-0.01052997963562479,-0.0020965358244402236,-0.009958477910691365,-0.0019566206231779845,-0.0065003167367754435,-0.007863678664491487,0.004955292498531323,-0.0038751188568267618,-0.007138158328818424,-0.0102378899245588,0.0006477968132780516,0.0001100180250408445,-0.0001313300392949228,0.0002109436326285874,-2.5503216351233488e-05,-0.007920325543920846
2024-10-17,-0.014502193653575957,-0.018992685096843605,-0.016370253737167058,-0.011187533251369147,-0.01609585796090124,-0.007272013512125609,-0.013227393469168479,-0.011380318416433416,-0.038792576316099954,-0.010789122461453719,-0.005435036997671689,-0.0033136423213719875,-0.00709720018561612,-0.008344196993093952,-0.0021307289915855694,0.010903874475466844,0.00910396887516805,-0.006890925120235465,0.016419924744030954,0.03777280302655038,0.001227170246314579,0.0011433031818742219,0.0010132331135860185,0.0015183060769706298,-0.0025410193517698704
2024-10-18,-0.020511035836216263,-0.017293485513714554,-0.019389199030547734,-0.014298468285533137,-0.029776625612467703,-0.01485884667373015,-0.02099943834307912,-0.02192751544819464,-0.03814616093923272,-0.018088047991660226,-0.010324221719773215,-0.016629040669389413,-0.0006326118657169815,-0.002822351009732711,-0.0017868134791539049,0.011689426744354876,-0.0027189100815104223,0.01155358203448554,0.0007991156963758632,-0.01698888217543948,0.0001288920662559666,0.00024057695576473487,0.00034489870753060133,0.0004994129126730724,-0.010446243367563644
2024-10-21,0.013181611831262461,0.004113517999450256,0.007241338274222474,0.010222893058124393,-0.005758836408978174,-0.0023539475756990834,0.013603989597734338,0.018757998649937824,0.017630267431666583,-0.0026987502258974585,0.0002426601821193643,0.004467434161946162,0.0002478966807108456,0.0036011258405858953,-0.0014505208251265852,-0.014230004346769541,-0.0015236956294932512,-0.007268297558034176,-0.003969240948814042,0.005031882643074642,-0.00034964182540357197,-0.00042872009022506706,-0.0005090168643198463,-0.00039390094111973356,-0.003532683320413528
2024-10-22,0.015672032676909996,0.007128356749629115,0.012053059730095607,0.0026629552569933834,0.0016679893505898735,0.01765917623196656,0.007081301403753234,0.007753333191312382,0.0052314247227026114,0.009341836112034685,0.00401650799021336,0.006150716182440186,0.001723136774623149,0.008112444026113542,0.005909183769928843,-0.0005548083844614973,0.002028515073578972,0.0013808735914004272,0.006505425225683101,0.007456461175360621,-0.0002062456007015805,-0.0001359860077129916,0.00012658024433751886,-0.00010131991076603453,-0.0009589487885152066
2024-10-23,0.002774591602773434,0.0071876793424532305,-0.007421072167749648,0.00764320447109668,0.006933973556280641,0.0024090012604900844,0.003469330884919672,0.002545912672184851,0.008866746884556492,0.0055355337338817145,0.012495983183447074,0.0018965501135947771,-0.0028482582115492996,0.004959187458348183,0.0016682354099975356,-0.0025213219791392688,-0.004303965628868158,-0.014374299756925526,-0.007906083740284151,0.0071338134555893815,0.00014581947929537465,0.0004007356950181275,3.687175815566537e-05,0.00015773240586851274,0.005474626470112015
2024-10-24,0.004191665039300925,0.0029509912956311854,0.012085931011174953,-0.00048133195302937237,-0.001979494085392805,0.002693905064878676,0.008047257250693567,0.0077165825854199005,-0.012175974761140173,0.0009160321951521408,-1.4001659703671496e-05,0.009331056148551646,0.005467561728624713,0.011522349052048915,0.005479800132077633,-0.001519845425998409,0.015664280729640503,-0.0026221361658369984,0.010797474328848049,0.019700239510219104,-9.060116456122278e-05,-0.0004706022183309155,-0.00018636400072848987,-0.0002958582374186703,0.00024609519451545197
2024-10-25,-0.026904718577630007,-0.02296228041756791,-0.017107903879706045,-0.01389331726692002,-0.022610225257580354,-0.019016748200249255,-0.023124840510009126,-0.015246192603980248,-0.030508725863798797,-0.014871735948443496,-0.012868785847689631,-0.016397018898980136,-0.00035427069556292156,-0.007227661390275892,-0.003123532356666296,-0.0035434993367607593,-0.010558273061552584,-0.010584217544564324,-0.007404965030650839,-0.011102984741029368,0.00010307208357430414,0.0001444694130210475,8.136434969066297e-05,0.00023804955084216084,-0.002075976042015748
2024-10-28,0.0035107549444884038,0.00299899600570813,0.0038133157575444953,-0.015964288280523944,-0.016030824674474666,-0.00028325289858803043,-0.00422531475182394,-0.005361382466336483,-0.006938593867886878,0.004648171332028013,-0.007435958456794074,0.01605705818035162,0.0009544887545256742,0.0038570080573172086,-0.0030815809606801166,0.007830553871951761,0.008432832491879677,0.009506647942694145,-0.0018404691595443343,0.0216499088359446,-0.00035328258648323655,-6.138063435765528e-05,-0.00021475269981401107,-0.0004775601722193162,0.0013717026398035897
2024-10-29,0.004420531498530085,-0.010844890888854004,-0.0011356725404190447,-0.002258777625876602,-0.0028392424115675167,0.00792801852327784,0.0053173600859345235,-0.0010887947526880435,0.0196176771101121,0.00371272438472145,-0.00267318194036608,-0.00757433859070686,0.0028514766661208346,-0.0015369076980154667,0.00216786224916173,-0.009545746384074044,-0.008899232111185451,-0.010731584489854005,-0.006734093398820734,4.2724503568774413e-05,-4.159937675456148e-05,0.0003088776635302837,5.634234214772726e-05,0.0002644143261454597,-0.006585832407337029
2024-10-30,0.010731936528404361,0.008571888071693592,0.00792169086390114,0.0008111870506031555,0.007903131543950701,-0.001742287522750469,0.011568971073151222,0.006603173561233563,0.013245538653679676,0.008843391843474617,-0.006488346087376885,-9.82978936039311e-05,-0.004530164638514507,-0.0025364514204767805,-0.0011184900016332107,0.003431752357403168,0.005057648552811865,0.009798321249920935,0.0003561224323498373,-0.004592541520866057,0.0006570340219187709,0.0006657057169637531,0.00045833817977979926,0.0007666797251950491,-0.008729466898615527
2024-10-31,0.00852964304858293,0.021912103696825478,0.008652016137912402,0.013842152582495649,0.019514244584143768,-0.010213713086593886,0.018579539309365005,0.010234862702863383,0.025580837621760798,0.012608779092425755,0.00236626721942259,-0.004987795971843064,-0.0034132317142514467,-0.001995765582496449,-0.005414839496469573,0.010593770584781514,0.010913212839206026,-0.003500637912826474,-0.007214731233806732,-0.034347806104875624,0.0003663329878319366,0.00022653647889841038,0.00018868553449357463,0.000616438878658863,0.009521224983283087
2024-11-01,-0.0013781234669228482,-0.005160018711354698,0.0024237360741011377,0.0018714219216024743,0.007703206179722911,-0.0011183486144508339,-0.00810735103200846,-0.012511564895077237,-0.020937043428103395,-0.005265342206006023,0.003829485800869411,-0.00024287619366808927,0.00068216830757437,0.0026933024486413028,-0.0011117694541391647,-0.009247722694452717,-0.021256192614527308,-0.011487266412550781,-0.006867378665465719,-0.000853966875569541,-0.00014914546336800209,-0.00024587305725380133,-0.00027631549926856726,-0.00021033005391639376,0.005102930978130731
2024-11-04,-0.00186577585016356,0.009767435252251225,-0.004642592586956891,0.004869326810467986,0.0043272511920592945,-0.00042648984066766694,-0.001414139852671215,0.007959218464387824,0.02162146320674778,0.0008808477146158896,-0.0053847309060077965,0.005849277508056337,-0.003830321602366163,-0.0044239955876164425,-0.008390006830440142,-0.0035287595821588275,-0.013908609697541308,-0.00027243638893810213,0.008825069595147294,0.016726547677337254,-3.142157506689162e-05,3.336198176743419e-05,-9.362247936551438e-05,-3.851745801037244e-05,0.0030813678192465658
2024-11-05,-0.02153711372842545,-0.03285342594734729,-0.01009691985219683,-0.008248869995281771,-0.005958447384657013,-0.009292116573501359,-0.030733534916576658,-0.02648072965040668,-0.05165654756672078,-0.014151647965610808,-0.0055470236216671335,-0.016455361203343705,-0.00645872811187913,-0.008410675933083311,-0.004729113736627362,0.007404093087454989,0.0007019817830177886,-0.004116162713752014,0.006888903331935869,-0.015490610007676039,0.00028626187567981935,0.0005612219348093114,0.0006378341805314379,0.0007923049863517739,0.002542720856855637
2024-11-06,-0.0011175039367765456,0.0013445167315265603,0.007486669731287927,0.008904453194304416,0.01258482508941353,0.002713450378064265,0.010690532987437898,0.007519998238130952,0.007847593428070988,-0.00696262800303782,0.0005492089898787262,0.011333032610446082,-0.0023988915294562174,-0.0056806844600500546,0.0061666920500232335,-0.0032205069401355676,-0.0018619844737904193,0.0062123066355740655,0.009474935779435395,-0.0003782457762969067,7.862670885489735e-05,0.00013078714991385885,-0.00026993181472917025,0.00022881447843239175,-0.0010548410997299736
2024-11-07,-0.002316586466484505,-0.0013012808508344068,-0.002846635215557252,-0.0010917613711829382,-0.0021279936527920373,0.000904250234809803,0.007041963444151318,0.0016844663484573837,-0.00043058782520934884,0.0003734224159382647,-0.0018039847604859945,0.01979144605041028,-0.0064624961950103706,-0.008161595908080087,0.004571334633730088,-0.001980820788952984,-0.002877761627953256,-0.002044444127546521,0.015809929143978593,0.0003962074349416131,0.0003660778863990553,0.0003739569903599314,0.00021764788586774893,0.0004134526461835406,-0.006430287862792845
2024-11-08,-0.008217409016175568,-0.012388740855333714,0.0048274965639496185,-0.007119313541020991,-0.010501524102488564,-0.006617176541346211,-0.00918868415508362,-0.009033231581749474,-0.02849125809582488,-0.0007879598028449287,0.00021250982230121068,0.003434140662555259,-0.0016344971547059182,-0.006957314660312977,-0.00523813943805155,-0.0037877514676945318,-0.003565691572401129,-0.015016030226494257,0.004641650653662572,0.015687841036661963,-3.597425545931771e-05,0.00024651511990027357,0.0001610238567965724,0.0002377394785599825,-0.013014767663061075
2024-11-11,-0.01380860367668139,-0.014164040233823439,-0.017510410482674526,-0.021014708203433825,-0.015283946021730405,-0.010682225300347561,-0.02766596304538426,-0.017826970478275788,-0.0200705759399568,-0.01842605552707926,-0.010283086847015436,-0.0193625941205745,0.0009809104280208082,-0.00852798531207333,-0.0061111893673973265,-0.008294169387481832,-0.007824974237876075,-0.009832720660072727,-0.008746661661707664,0.010907254623642136,-0.0006701255554467018,-0.0008594119428720618,-0.0009083822797528342,-0.0010823507518007733,-0.004548592122252211
2024-11-12,-0.003297497146502376,-0.0007031339732803191,-0.0026278360358176034,-0.0023811834267400364,-0.004693452943205105,0.008583838621494921,-0.01154518936636631,-0.009348187134701601,0.0027451554303016164,0.0014404375810079951,-0.0006576878896597496,0.0034340048524320005,0.0015848657185881987,0.0014029316025220458,0.002317270378019954,0.00620533073894303,0.007538741786860786,0.01309220369183935,-0.0005557842021700213,-0.010365242601625909,0.00020899490320554188,0.00018864230636981755,8.054085137270362e-05,-0.0002321578782570119,-0.002930397907500268
2024-11-13,-0.005145751166482242,-0.002861063707359079,0.006636752243310147,-0.003664531389139058,-0.021575478997090794,-0.007542901388417466,-0.0019720200557363566,-0.00065097885733307,-0.030289726413058302,-0.0075947606125747885,-0.0037662214982599213,0.001978106136115412,0.005391584124125049,0.003703750532385873,-0.004636963873384327,-0.008729251670504664,-0.002846240245742704,-0.00012936839601449153,-0.006828468173211955,-0.009302118051119792,-0.000302892871238394,-0.00022656561458099254,-9.68346030746697e-06,-0.0003558015695145437,-0.00836018896322315
2024-11-14,-0.012092712834692342,-0.008526451757472476,-0.016370743250232925,-0.005636591206251867,-0.004208193281836074,0.001324050291265707,-0.014861415628959398,-0.0033990929092013963,0.003462826410293181,-0.009282704147696105,-0.01249272276999912,-0.007907675484749159,0.0013281672602117385,-0.00468458321028469,-0.003792901403595668,0.004348064299121414,-0.007077861728572189,-0.015029079734218137,0.0019843257536806096,0.02322945525769065,-0.0002458834842330853,-0.0002820426856665124,-0.000138549656242152,-0.0006848320203641858,-0.0015856041390836335
2024-11-15,-0.0052979363592274885,-0.0158635853598455,-0.017051133911323492,-0.010613304238840226,-0.011452802646004028,-0.00041748944779879723,-0.002507308939050216,-0.011817902101758239,0.006763697833197756,-0.02067498475536004,-0.009638648093906263,-0.0008088072151070892,0.0007033206101996316,-0.00537420684504953,0.0049355618242689385,0.012701216071348838,0.007219822014048015,-0.0013361227145592784,0.0063481604702851566,-0.0040291079161251945,-8.328877188884735e-05,-0.0002243956793197477,-0.000223538211231447,-0.0006959325581681647,-0.013440009741013049
2024-11-18,-0.010228113143028406,0.003869643581487426,-0.013719370313917224,0.00011766638786172255,-0.00676875617120137,-0.005441230868974899,-0.0025101941699893484,0.005939017465005581,0.003925600448489976,-0.0028636466789771524,0.003457747296705383,-0.007476765039129451,-0.0010034811506865358,-0.002226348283446632,0.0007063375960932584,0.011129758343120964,0.010917239206325487,0.004815980376559578,-0.0017909802524731474,-0.01129614048427961,0.00021772899059337148,0.00017361207318090528,0.0003064549444078236,0.0003582083012546056,0.001474493700180714
2024-11-19,-0.0025778449768078075,-0.005532240344487786,-0.005369499978603948,-0.005318671975089501,0.006586568612541052,-0.00203877344128034,0.00694432153562198,-0.002919971220964655,0.0002633078756234062,0.007022855994021869,0.007509846015917403,0.015851881318495388,0.0016135660861798281,0.0019367896413055859,0.0030109917372911077,0.0019505149395666766,0.007710202257039592,0.021668479171904113,0.0038722007655780264,0.022121532204918904,2.804500128281078e-05,0.00017627794101581618,4.8956477118990214e-06,0.0001126880960165497,-0.00097907492676768
2024-11-20,-0.015622341768054965,-0.015053493990222851,-0.015820721758239824,-0.010854504719338265,-0.007054800626157038,-0.014452503898959619,-0.023435722040900355,-0.012774223050481285,-0.024354450746506114,-0.013508536270277125,-0.010889376828411627,-0.012801249561381574,-0.004518941181469359,-0.005897774381718582,-0.0012591490634276297,-0.005179667341174735,-0.011845943792229693,-0.010218549054207085,-0.004864011363613634,-0.0040529710677872305,0.0008342349847138287,0.0010360072726639659,0.000804141106629425,0.0008846962623841978,-0.004033238004451125
2024-11-21,-0.001739779859698416,-0.0029553629852222844,-0.009688831974232886,-0.014781218734099079,-0.01617690312346521,-0.014658670051459339,0.0028404675016542673,0.002213920364940052,-0.012535402160508299,0.0009884196820048527,-0.001509901405562019,-0.014061650544088531,-0.004872142203090534,-0.0038555257353263413,-0.00911517397702403,-0.00850866268167088,-0.0029983121087504808,-0.0025307896295032914,-0.0033695086570566307,-0.008627541935631523,0.00017648094925012348,0.0002728776754711476,0.0004092557913923439,0.0004174033212420547,0.0029908711784743824
2024-11-22,-0.004380300141361481,0.005012982254222172,-0.0018400923663864546,-0.005502452742229454,0.005105409504679352,-0.0007994227230186373,0.0020500424926255655,-0.0032999597422273077,0.008100867936414628,0.0037474378953971303,-0.0017304396464511767,0.006980557116745608,0.008667977341570557,0.006412495761807364,0.008998333959307039,0.008897681468418421,-0.011928986688223535,0.005310512101103795,0.006528886315125107,0.01040899417547642,-0.00016424787020436583,-0.0004669944354756569,-0.00015076157631388639,-0.0008038005777949008,-0.0003954267257162765
2024-11-25,0.008667105024851796,-0.000956214344729427,0.015622013855445961,0.005176955120905189,0.0064027035107274925,0.00498694719024914,0.00013175597934141276,0.00272559567329097,0.012770223600453948,0.005049640957428324,0.0016282028220287188,0.005287161351103068,0.002837805336477834,0.003763788560598986,-0.0013211779013175677,-0.01949221810478781,-0.01823259170068015,-0.006540725089597352,0.004264300341697542,0.016222457742971694,-0.00012340560470265718,7.984164810982179e-05,-2.5777421920048562e-05,-0.0001662183857879672,0.000593184287293433
2024-11-26,-0.0028069116360578644,-0.0003171841686428655,0.005145684900617738,0.003950520767136226,-0.006050706514984246,0.005793438005669989,0.0016871040626388184,0.0019450395877868248,0.009722820513381273,0.01074968985547815,0.0015131909836865703,0.010461933720776586,0.0046402678527153384,0.010081355662035213,0.007948355555366222,0.004216913796581196,0.008687422849326908,0.011381088475096762,0.009104297090908165,0.014335632588526548,0.00029294390237892445,0.00011944002193951205,-4.1348251943025895e-05,0.00017635731349004082,0.004499250753935955
2024-11-27,0.009561201096552249,0.00873944932247853,0.0019485552952216174,0.0026060999616310068,0.004965307200326349,0.006675227516443839,0.005507232706612307,0.0012133871827258627,1.86477517695838e-05,0.0187759434811441,0.007960262657611659,0.015224941952982598,0.0026221115390039464,0.013656321228482279,0.0013879146725389803,-0.02076104543998307,-0.013468660158058313,-0.003793448345426784,0.00022399479647827112,0.022001775214624493,0.00015806221008148052,0.0003205605020501152,0.0003048652046228977,0.0007793443626004574,-0.0013798880428417112
2024-11-28,-0.004503697016194848,0.003890991981349628,0.004094011602451902,-0.0056518401528737475,-0.005830868319232693,0.0007212079482866256,-0.00530112463083057,-6.630291341703587e-05,0.022841563369434905,-0.008629395279072475,0.00019546245309596004,-0.0033437682445752208,0.0013395187195456297,-0.0008174785302250364,0.0025502874080473043,-0.003885240525426295,-0.0049757670362471544,-0.00037399078567600975,-0.006718816995599073,-0.01561517390134948,1.9465151548619768e-06,-0.0002262144035077859,-0.0001365931593042334,-0.0004868784294075767,0.0009206028947162093
2024-11-29,-0.007851795977946132,-0.009960396204240598,-0.0014759027867620358,-0.019320490890921083,-0.021593816678209296,-0.010724954696855513,-0.01717076220550162,-0.0053188366008999665,-0.011770794213041745,-0.007500491093385978,0.0028582743168367253,-5.068083253972552e-05,0.0011224497013579385,-0.0020813260470785,0.00042720504880972953,0.003311169188811358,0.021683717777001885,-0.0018422867865620974,0.004046278622552549,0.01892672089373734,-0.00021979770507382217,-0.0003669659246488355,-0.00026151603841004624,-3.745703017452021e-05,-0.007551123851510282
2024-12-02,0.004318492943570552,0.010407048497294518,-0.005325926418553349,0.014263274823282384,0.009920588130641311,0.008606213163371904,0.007475325893594429,0.009677698085312318,-0.003794576150163257,-0.0007363443575898231,-0.002291638960595897,-0.0006766961543830524,0.008330331391122938,0.003774715173278365,0.0028678403744680694,0.0012588438779514003,-0.005546493922995523,-0.0019211326331580372,0.0037953036579092053,-0.01750173209051351,-0.0003889437273598534,-0.0005108544883858222,-0.0006833076275834123,-0.0006218101652533498,0.005005721708756078
2024-12-03,-0.010276987791419598,-0.015240321654893502,-0.016592873173486497,-0.016564687701945375,-0.013200204793232983,-0.007106893737017751,-0.027295040333251742,-0.009892590230712326,-0.030887279447757286,-0.011765505181580236,-0.0075696637239605425,-0.010910336230312881,-9.482562757407429e-05,-0.0012685892767994734,-0.0045585069284848085,0.0014187972951543253,0.00272331871396157,-0.009260855496211567,-0.004797036388687327,0.007927074156548534,-5.433073917227225e-05,0.00011330370912427751,9.66972698792098e-05,0.0006280765217925536,-0.007991097508442561
2024-12-04,-0.006059243251836619,-0.008576516091293632,-0.00918825412491134,0.00040479355433358075,-0.007890377541447235,-0.003629006466763716,-0.0022432645309542706,0.0006745454681134047,-0.008504083263637184,-0.004200111752304038,-0.0010416371275339435,-0.001393769137232952,-0.004346028283426408,-0.009037188648124177,-0.008174675136901642,-0.0006811749293021941,0.002138835263646529,0.0033229945414811305,-0.013597449845381008,-0.012885680988601347,-7.632762280679046e-08,3.172089315354361e-05,-0.00033065100829192233,-0.00026018140554299356,-0.0015678400947557515
2024-12-05,0.003251366671352242,-0.005665627084905657,-0.004924435723424013,0.008653013761597429,0.012543116692382622,-0.005361148474012133,0.0015769928643446576,0.00019431980998314401,-0.005205882482512279,0.0022523806556711498,-0.0036232188417677736,-0.006320984019527305,-0.0025115491467775364,4.686425936844315e-05,-0.0023554631531589104,-0.0030461791919304546,0.0030770954565907775,-0.00731529183977018,-0.010221582173108961,-0.004997229791010303,3.565883181180248e-05,-1.739141994391299e-05,0.00034112942165408466,0.0001409899678565977,0.007356735712384866
2024-12-06,-0.009074611532417775,0.005119591910928711,-0.011116482675460731,-0.014984614820438726,-0.015819698429184622,-0.0027059986729193195,0.005183087449113771,0.005650991280496608,0.009533491353948584,-0.009531786762252734,-0.006808460315501976,0.007812357243503439,-0.006535588330785846,-0.012699553206723717,-0.003979841771807184,-0.00245766069144838,-0.007777643589220815,-0.003235001819744246,0.0015728545229306537,-0.0024404513518041524,-6.529582697403209e-05,0.00012826677147709432,-0.00035689687728917863,-0.000358857699135666,-0.009139768961674536
2024-12-09,0.011095688069930736,0.013450908857725158,0.018504010278822963,0.0011544851818855732,0.0018861698001856686,0.001919759073761098,0.010870793242464845,0.01895221885595582,-0.00021960490223211018,0.001594807720405658,-0.002125202412128809,0.008936008523101318,-0.005804081967087819,-0.0019127123787480362,-0.0022150037336577865,-0.00841658497406674,-0.00020307015412418875,-0.0024804686624575285,-0.0021497206283746465,-0.026613186325052114,0.00031642749484246435,0.00043416458199787845,0.000296768987062476,0.0006567397653549009,-0.002376255682588986
2024-12-10,-0.0017623426560492198,-0.0005299476307175622,0.004514716213880875,-0.0005065550987615438,0.006186714506136359,0.00352774739532735,0.0003612283100783986,0.002632338183276923,-0.016416578096129092,-0.0028788520150765705,-0.0019638410973498964,0.002127986583074145,0.009203229913036534,0.00832123876335007,0.010043018895461678,-0.01035769649866917,-0.0105534576435398,-0.0011313254800709343,0.0031396228437726623,-0.00845548773260529,-0.0005262747015379531,-0.0005130520547606571,-0.0008252805827242617,-0.0011143642553653897,0.004905911330646794
2024-12-11,0.010233172049796745,0.0005709349018026091,0.009074245216604595,0.003711273173098965,-0.0006517623154763264,-0.005814732492502939,0.006542771471609324,-0.001196256466840055,-0.007893215075845748,-0.005642793413445913,0.006546554321468302,-0.0025827679094378732,0.0007291841568166096,0.0037551220592583643,-0.0003217092830990625,-0.0019523461913216302,-0.0002756706542184255,-0.0017220637016226842,-0.0038772823902230133,-0.005946836367535925,-3.7284259998276276e-05,-4.8660001544256366e-05,4.2213560235857214e-05,0.0001857961987399044,0.00025738179102271
2024-12-12,-0.011446889409023015,-0.011821313299520953,-0.017212148149714748,-0.011387966166319458,-0.012849733211145822,-0.00943884874890301,-0.0014733367999966904,0.00693010858196689,0.004668049810454165,0.001999607130518012,-0.001861775368721768,-0.008394950883227515,-0.00034949709998683353,-0.006933892896882081,-0.008444750390423052,0.005978317615636877,0.0002896682916212088,-0.006672287425572522,-0.012797077185914048,-0.02506416952697732,-0.0004178407337847743,-0.0004305582084352211,-0.00033741255599411825,-0.0005522738155832283,0.0032019903984389685
2024-12-13,-0.00037330453258048284,-0.0019460733050414443,0.002838893471836174,-0.01007158203539532,-0.007833994028230628,0.00031516140673143065,0.0010511146530465306,-0.002265904632669729,0.006833410337213443,0.01162044163495403,-0.0054938007738098305,0.01251584415424991,-0.004672134899471021,0.0010452607729371163,-0.00045471577837729845,-0.00857993357345666,-0.006508353523595671,-0.006646063848585136,-0.0001256605124848615,0.01946919186763731,0.0006667051404641181,0.00046306847277335624,0.0007258016138294867,0.000960549864797274,-0.003681583429156175
2024-12-16,-0.00885404281522094,-0.012336678202225629,-0.004433705152474441,0.0006499403560192192,-0.0006302309135310822,-0.005917909124815043,-0.011701439744068258,-0.018644154436669537,-0.0057781786138875555,-0.010944385266308526,-0.001585736447225853,-0.008545928605940487,-0.0025532805522670014,-0.0014972499886271912,-0.0014910673891660037,-0.0039570975014998205,-0.015247806345464524,-0.005341348757379082,-0.015004391028012641,-0.03728865924616387,0.00020081456342227341,4.364813973534054e-05,0.00028164825649476,0.00010065527353825826,0.009766645362639775
2024-12-17,0.0024511438780537424,-0.006027713600573621,-0.0032240996369220613,-0.0018999079391544705,0.006975444102322451,0.0031243758471448282,0.009533724644499593,0.0010982028514577142,-0.0010217719037784014,0.00013926811502872709,-8.748024178244478e-05,0.007247608096089141,-0.0018452768951886084,-0.003999818617517057,0.0013332691303986185,0.018187741450273562,0.018280180343711143,0.015133443299003825,0.007398934146584636,-0.016539975721724262,-3.3475241664208814e-05,0.00014508115751540534,0.0003529506579294844,0.00031143462346495726,-0.008539302898403107
2024-12-18,-0.0002378375478763444,0.003709505649803597,0.00038775792481259637,-0.0025902060907542143,-0.010663681569698442,-0.000734108688418261,0.009722444948418752,0.009034141168594245,0.016226984560985206,-0.0043222069001680255,-0.01365802364989795,-0.004541768645533033,-0.00388469033661085,-0.0023367528268210054,0.003783318998070974,-0.004107014982291945,-0.001977331262282383,-0.0007393375013378084,0.005701558882511867,-0.01648629111205814,-0.00014032105123100715,0.00015042731515240205,-0.0002827074060980273,0.00019117662242515768,0.0023286141007310412
2024-12-19,0.002753264249677068,-0.00604515109900342,-0.00047759175670584813,0.006888227749269719,9.413486189252182e-05,0.002064882414488867,-0.002020436110694567,-0.006326997224975997,-0.0035923588702269542,0.0015280889360578544,0.0023890894607036138,-0.003464075887256219,-0.003784501730346181,-0.0015280382830770445,-0.0023940539149847973,-0.0006517169051757886,-0.00749799220661126,0.0039024350017349317,0.0041649354670848186,-0.01213731008398588,0.0005777968358574481,0.0005453908751286688,0.0005007902722802197,0.0007747891471010734,0.003610368536134792
2024-12-20,0.0017803986808640597,-0.005974994794902428,0.0057682058033622415,-0.002227023222192786,0.0008345166248035244,0.011843814000153812,-0.01937965182886008,-0.00914239693828324,-0.023213978861399476,0.0025289100367578256,5.980437274565216e-05,0.008074778383358495,0.005247425984670659,0.003937875006939899,0.0026558608267696904,0.00985986085044878,0.017796772820001753,0.02592662970789595,0.007057028039650005,-0.005195397660589848,-0.00016078360443312956,-0.00014991723442884692,-0.0002763718373495821,-0.00010023716354251788,-0.004451896269929556
2024-12-23,-0.006031154030914128,-0.00898398966084263,-0.008438813817646133,-0.005482389642509948,-0.020160542142055638,-0.002067020414626758,-0.00144534954857018,-0.005232180587869944,-0.02313774103527881,-0.00036434414804234656,-0.004979349628600021,-0.010221704749978522,-0.00023970352585594548,-0.005130271765727718,-0.0006064236901281335,0.005829732942672563,0.0007380069340608302,0.004878742496638366,-0.0004439848476812554,0.006564663371903047,-0.00011961226811274767,-0.00023357462813431248,-0.0003944130411843817,0.00026677694971626964,0.0008798552864230125
2024-12-24,-0.006925092640965766,-0.010421334389953782,0.0033920344376273336,-0.002758032102761184,0.0012725445321842199,0.006829294465603354,-0.02550669036469477,-0.01769210787563186,-0.021855948189300447,-0.011194726389657912,0.003913672115845992,0.010726640508238365,0.00634246449443398,0.001956444086802489,0.007920070417851392,0.00048809715089313983,-0.011783939453547916,0.0003028673707906194,0.0074136114731430895,0.01330338485848945,-0.000444442137309603,-0.0005324076017276265,-0.0007527930792026534,-0.0005222954053850292,-0.0037200375704882025
2024-12-25,0.009702779246583249,0.008331527430277012,0.014160490645508117,0.007016704921496307,0.006378276385753752,0.00874603966936418,0.009521493263867439,0.01509447659879527,0.008127929833998944,0.011550044870761073,0.00821629900761858,0.012672358211069656,-0.0004114035316975049,0.004809390670765147,-0.0036631823929941677,-0.005458049342315611,0.007052966568507533,0.012916820080148095,0.002035211573210386,-0.004189400222642231,0.00020269395025158466,0.00024410868585067604,0.00018208044953529377,0.00021322175782021002,-0.005714054088044143
2024-12-26,-0.004253973135826665,-0.01106283807404592,0.0033866967464778884,-0.0013942632678397952,0.005704389903915899,-0.0019032973410074198,-0.004969695545310801,-0.0022816144276766323,-0.00135148681217492,0.00852098830653315,-0.0025837516965859873,-0.008107241135699595,0.0024642904031388214,0.001882377419302436,-0.002223277033714394,-0.003916361172030463,-0.021266236798489987,-0.005637085870335554,-0.0038769787794215096,0.019051377907734268,-0.0002355790085225768,-0.00034336151258972764,-0.0006598347392378015,-0.0008649055687467552,0.0125110225341733
2024-12-27,0.001705856367079215,0.008881269747769281,-0.005632509711924317,0.00042950979283595944,0.00011976963713792904,0.001742236404604996,-0.002094081504142299,-0.006727138306200262,-0.0018653762708832782,0.004474908412698769,0.008224292931352717,-0.002892865372635162,-0.005140069882058773,-0.002839479927965723,0.004369688338288565,-0.001084130271868971,0.026422484263601758,0.009904199832839182,-0.00460041881926148,-0.01915891593593389,0.0006640837668779372,0.000808268802197316,0.0009875072499338235,0.0010809839200974993,-0.006112095091310362
2024-12-30,-0.007359387136597383,-0.0005062309746887918,0.00269270832300338,0.00851311095099432,0.01404976823550382,-0.0025126002191295993,-0.004237579108648134,-0.003431905795636279,-0.007590751219453883,-0.003849838702688096,-0.0013647554546943371,-0.008166419900328122,0.005148896764561182,-0.0007267404854990586,0.006989147149590727,0.0028556271506021613,0.013055681652567921,0.010243453832743929,0.006290721199813285,-0.00397815940391692,-0.00034254388490541593,-0.00023017878898776763,-0.0003419813931778534,-0.0005341318928830121,0.0014616921205166753
2024-12-31,0.0022922172383082083,0.006784684576353155,-0.0008841117806898699,0.0072855650936752316,0.007270068988076037,0.004117878823386502,0.009227775891332104,0.0027004101373155343,0.0033233085816866573,0.0157253787281683,-0.0020671810675182314,0.003354855496081788,-0.0030977475691897033,-0.001878298460873886,-0.004492447144649544,-0.007638879142531727,-0.006657600589143931,-0.0063561115767292765,0.0020597866324778957,-0.0016510242953481536,0.0003145238578342071,0.0005811019080424834,0.0006156290197718041,0.0005672360971510687,0.0006165245422951708
